City,Plan,Channel,SignupDate,AnnualIncome,Sessions,AvgBasket,Churn
CITY_068,basic,web,2024-08-16,37362.0,10,56.51,1
CITY_059,pro,web,2023-04-19,8156.0,7,37.88,0
CITY_135,basic,app,2023-04-01,26644.0,3,16.56,1
CITY_072,plus,app,2023-03-21,,3,53.89,1
CITY_141,plus,web,2024-11-05,18328.0,9,75.29,0
CITY_103,plus,app,2023-08-14,7133.0,5,7.21,1
CITY_022,basic,web,2023-11-24,9563.0,6,12.74,0
CITY_091,basic,web,2024-06-15,18853.0,4,8.47,0
CITY_073,basic,web,2024-09-02,34694.0,4,18.24,1
CITY_101,plus,app,2023-09-15,18068.0,7,38.07,1
CITY_104,plus,phone,2024-02-14,17811.0,10,31.96,1
CITY_102,basic,app,2024-02-27,,6,30.66,0
CITY_102,basic,web,2023-07-13,20411.0,6,24.89,0
CITY_157,plus,web,2024-04-26,12214.0,7,36.22,1
CITY_060,plus,app,2023-08-03,29954.0,6,8.99,0
CITY_015,pro,web,2023-12-12,43234.0,4,2.37,0
CITY_123,pro,web,2023-06-14,35205.0,8,13.25,1
CITY_133,basic,app,2023-05-23,11290.0,6,27.07,1
CITY_082,basic,phone,2024-12-29,35157.0,8,23.93,0
CITY_147,plus,web,2023-12-05,40850.0,5,16.34,0
CITY_051,basic,phone,2023-07-22,41385.0,7,56.33,0
CITY_128,basic,web,2023-12-09,30053.0,1,72.68,1
CITY_118,basic,web,2024-02-26,24011.0,4,24.31,0
CITY_073,plus,app,2024-01-12,27982.0,6,38.37,1
CITY_141,basic,app,2023-11-04,61159.0,3,26.58,0
CITY_169,basic,app,2023-03-09,19681.0,1,69.25,1
CITY_047,basic,app,2023-12-09,17416.0,8,56.36,1
CITY_005,plus,web,2023-12-14,,5,33.06,0
CITY_111,basic,web,2023-08-19,12558.0,5,16.67,0
CITY_144,plus,web,2023-01-15,,10,7.37,0
CITY_018,plus,app,2023-10-20,9249.0,6,58.69,1
CITY_108,basic,phone,2024-05-07,45813.0,10,42.31,1
CITY_128,basic,web,2023-08-08,51281.0,7,19.27,1
CITY_007,pro,web,2024-12-09,21156.0,9,70.04,1
CITY_112,basic,app,2024-04-16,17961.0,7,55.2,1
CITY_059,plus,web,2023-11-22,33110.0,6,22.83,0
CITY_022,plus,web,2023-05-17,,7,23.17,0
CITY_068,basic,web,2024-07-25,37139.0,6,4.78,1
CITY_099,basic,web,2024-03-20,36202.0,3,48.04,0
CITY_031,basic,web,2023-06-21,32860.0,9,27.19,1
CITY_054,plus,web,2024-04-16,23267.0,8,53.35,1
CITY_115,basic,app,2024-12-14,8974.0,6,29.19,1
CITY_010,plus,web,2023-09-02,20909.0,6,18.65,0
CITY_079,basic,app,2024-09-19,40588.0,5,27.9,0
CITY_152,basic,app,2024-03-06,30797.0,4,4.67,1
CITY_128,basic,web,2024-01-13,21948.0,8,8.1,0
CITY_158,basic,app,2023-07-24,152878.0,2,37.94,1
CITY_066,basic,web,2024-05-06,56473.0,4,47.74,1
CITY_177,plus,app,2023-09-24,36057.0,8,31.67,0
CITY_009,basic,web,2023-05-24,18772.0,6,35.79,1
CITY_072,basic,web,2023-11-25,12286.0,7,16.76,0
CITY_128,basic,web,2023-04-16,51684.0,5,5.29,0
CITY_150,basic,app,2024-06-24,41570.0,5,40.68,1
CITY_131,plus,web,2024-06-25,42708.0,8,20.54,0
CITY_130,plus,phone,2024-01-13,28404.0,6,21.21,1
CITY_014,basic,phone,2023-10-13,,3,33.74,1
CITY_072,basic,phone,2024-06-04,11708.0,5,30.84,1
CITY_083,basic,web,2024-03-29,34861.0,6,5.52,0
CITY_136,plus,web,2024-06-22,34874.0,5,107.71,0
CITY_081,basic,web,2024-07-20,14261.0,6,6.28,0
CITY_119,basic,phone,2024-06-14,38814.0,10,8.34,1
CITY_164,pro,app,2023-07-31,44247.0,10,12.3,0
CITY_095,basic,web,2024-09-08,53447.0,8,11.46,0
CITY_107,plus,phone,2024-06-21,48836.0,8,17.94,0
CITY_090,basic,web,2023-11-15,34691.0,4,22.1,1
CITY_055,plus,app,2023-02-21,12589.0,4,14.96,1
CITY_050,plus,app,2023-10-05,28699.0,6,8.83,0
CITY_158,plus,phone,2024-04-08,17718.0,5,9.29,0
CITY_067,basic,web,2024-12-08,78765.0,6,38.75,0
CITY_058,basic,web,2023-06-27,19862.0,8,22.5,1
CITY_073,basic,app,2023-06-30,19743.0,3,85.42,1
CITY_130,pro,web,2023-12-11,17411.0,9,8.17,0
CITY_127,plus,app,2023-10-19,58618.0,7,40.42,1
CITY_033,basic,app,2024-01-05,49736.0,3,21.03,1
CITY_007,plus,app,2023-03-22,23526.0,6,30.27,1
CITY_038,plus,web,2023-09-29,36278.0,4,17.38,0
CITY_007,basic,web,2024-09-20,26613.0,8,26.65,0
CITY_026,basic,app,2023-07-23,22082.0,4,11.51,1
CITY_085,basic,web,2024-11-18,,5,32.73,0
CITY_147,basic,web,2023-08-08,28759.0,3,30.25,0
CITY_132,basic,app,2023-02-03,22531.0,6,45.91,1
CITY_034,basic,app,2023-08-22,,9,20.06,0
CITY_127,pro,web,2024-08-30,46099.0,9,18.74,1
CITY_047,plus,web,2023-01-10,20369.0,6,7.25,0
CITY_080,basic,app,2023-10-10,40192.0,4,19.37,0
CITY_036,pro,phone,2023-09-06,41481.0,6,5.07,0
CITY_142,pro,web,2023-02-08,18929.0,4,56.79,1
CITY_144,plus,app,2023-04-15,32170.0,6,13.37,1
CITY_136,basic,phone,2023-01-05,28022.0,6,28.31,1
CITY_090,basic,app,2023-08-30,47695.0,8,29.94,1
CITY_145,basic,app,2024-04-14,20598.0,3,18.49,0
CITY_037,basic,app,2024-11-22,20419.0,6,19.11,1
CITY_159,pro,app,2024-07-02,,3,57.88,0
CITY_163,plus,app,2023-01-25,31620.0,4,8.58,0
CITY_176,basic,phone,2024-03-05,10778.0,8,17.36,0
CITY_146,plus,web,2024-04-21,81459.0,0,40.69,0
CITY_093,basic,app,2024-05-10,18281.0,6,11.29,1
CITY_055,pro,phone,2023-01-20,34761.0,10,15.47,0
CITY_051,basic,app,2024-09-30,44993.0,5,123.85,1
CITY_059,pro,web,2024-11-17,15958.0,6,13.06,0
CITY_066,basic,web,2023-01-30,73323.0,5,47.47,0
CITY_018,basic,app,2023-08-25,60524.0,2,12.27,1
CITY_114,plus,app,2024-04-11,20837.0,7,20.61,0
CITY_017,basic,app,2024-01-28,48771.0,4,6.6,0
CITY_137,basic,web,2023-12-18,21881.0,5,14.68,0
CITY_129,basic,web,2024-05-15,38219.0,5,35.86,0
CITY_137,plus,web,2024-04-19,26820.0,9,22.2,0
CITY_148,basic,web,2024-07-14,36729.0,6,25.97,1
CITY_139,basic,web,2023-09-04,32893.0,3,40.61,0
CITY_123,plus,web,2024-02-07,23741.0,6,39.56,1
CITY_047,plus,web,2023-08-19,22619.0,6,90.15,1
CITY_045,pro,web,2024-05-26,9308.0,4,50.25,0
CITY_022,basic,phone,2024-07-05,,12,17.6,0
CITY_152,basic,web,2024-12-26,27821.0,3,18.84,0
CITY_179,plus,app,2023-11-26,22134.0,7,27.12,0
CITY_043,basic,phone,2024-11-08,13904.0,9,54.42,1
CITY_051,pro,web,2023-10-30,49392.0,5,5.39,0
CITY_046,plus,web,2024-04-03,,6,27.21,0
CITY_165,plus,web,2023-01-29,12932.0,9,7.84,0
CITY_119,plus,app,2024-09-20,,7,8.32,0
CITY_076,pro,app,2024-10-09,24865.0,3,31.9,0
CITY_044,basic,web,2024-01-15,22718.0,7,10.72,1
CITY_076,plus,phone,2023-04-19,30530.0,6,8.19,0
CITY_142,basic,web,2023-09-29,28590.0,6,14.77,1
CITY_070,basic,app,2023-12-31,25091.0,5,32.1,0
CITY_058,basic,web,2023-08-14,7728.0,3,19.37,1
CITY_036,basic,phone,2023-05-16,22380.0,10,46.1,1
CITY_153,plus,app,2024-10-07,17961.0,6,14.89,0
CITY_101,plus,phone,2024-05-29,22112.0,7,25.54,1
CITY_153,basic,web,2023-09-24,6652.0,3,50.49,1
CITY_111,basic,app,2024-01-19,35020.0,8,15.91,0
CITY_106,plus,web,2024-08-03,30903.0,7,9.66,0
CITY_054,basic,web,2024-03-03,22611.0,7,14.33,0
CITY_157,pro,web,2024-01-08,23128.0,6,30.1,0
CITY_023,basic,app,2023-01-03,13810.0,4,13.26,0
CITY_115,plus,app,2024-09-22,46255.0,4,99.92,1
CITY_138,plus,phone,2023-08-22,22371.0,5,86.71,1
CITY_061,pro,phone,2024-09-21,59120.0,5,16.14,1
CITY_072,basic,web,2023-03-19,8876.0,4,36.19,1
CITY_050,basic,phone,2024-08-27,40036.0,5,28.24,0
CITY_143,basic,phone,2023-12-12,5561.0,4,19.52,1
CITY_140,pro,web,2024-05-01,10259.0,7,22.17,0
CITY_154,basic,app,2024-07-09,41568.0,4,24.01,1
CITY_025,basic,web,2023-03-22,7126.0,3,15.41,1
CITY_003,basic,web,2024-02-13,35537.0,4,9.97,0
CITY_131,plus,app,2023-07-04,,9,40.96,0
CITY_025,basic,web,2023-10-30,8726.0,3,53.35,1
CITY_098,basic,web,2023-02-16,,5,15.4,0
CITY_028,basic,web,2023-12-06,,6,61.78,1
CITY_006,plus,app,2024-06-18,15085.0,4,57.54,1
CITY_116,plus,web,2024-01-25,,10,9.18,1
CITY_038,basic,web,2023-01-19,,5,12.32,0
CITY_130,basic,web,2023-12-02,55185.0,4,16.87,0
CITY_089,basic,web,2023-10-31,29458.0,8,36.17,0
CITY_091,basic,web,2023-11-02,34781.0,6,11.75,0
CITY_041,plus,web,2024-11-11,,10,16.35,0
CITY_179,basic,web,2023-11-19,,5,64.91,1
CITY_123,basic,phone,2024-05-18,33702.0,5,11.4,0
CITY_077,plus,web,2024-11-27,17993.0,6,67.67,0
CITY_132,plus,phone,2024-07-10,39204.0,7,16.2,0
CITY_174,plus,web,2023-07-29,52703.0,6,18.2,0
CITY_175,basic,web,2024-08-30,16823.0,4,2.62,0
CITY_170,pro,app,2024-01-03,27863.0,3,73.02,1
CITY_160,pro,web,2024-03-05,44993.0,4,38.57,0
CITY_015,basic,web,2024-12-24,6676.0,4,9.55,0
CITY_112,basic,app,2023-07-15,22353.0,7,37.5,1
CITY_072,basic,web,2024-09-17,8576.0,10,56.33,1
CITY_119,plus,web,2024-03-10,15684.0,5,7.77,0
CITY_048,basic,phone,2023-03-09,14970.0,5,34.43,1
CITY_127,plus,app,2024-10-23,11930.0,7,22.1,0
CITY_107,basic,app,2024-02-19,45237.0,4,27.35,0
CITY_020,plus,phone,2023-08-09,21772.0,2,62.45,1
CITY_172,pro,web,2023-12-29,,8,15.08,0
CITY_015,basic,app,2024-07-02,60924.0,3,59.7,1
CITY_022,pro,app,2024-07-15,12797.0,3,62.2,1
CITY_159,basic,phone,2024-03-24,23885.0,7,44.23,1
CITY_014,pro,app,2023-05-18,17240.0,5,29.41,0
CITY_149,basic,web,2024-08-30,31996.0,6,32.49,0
CITY_052,basic,app,2024-12-07,34744.0,9,100.28,0
CITY_080,basic,app,2024-11-13,66138.0,6,21.76,1
CITY_131,plus,web,2023-01-11,8071.0,8,25.76,0
CITY_040,basic,web,2023-03-21,33164.0,4,9.43,0
CITY_018,basic,phone,2023-06-12,66836.0,5,19.52,1
CITY_016,basic,app,2023-10-12,22201.0,7,17.31,0
CITY_095,plus,app,2023-07-10,,7,36.59,0
CITY_137,basic,web,2024-02-09,51082.0,13,9.49,1
CITY_151,plus,app,2023-05-25,40869.0,2,24.73,1
CITY_056,basic,app,2024-09-09,89116.0,4,14.94,0
CITY_034,basic,phone,2023-04-30,42633.0,7,29.21,0
CITY_110,plus,web,2023-01-18,14730.0,10,109.8,0
CITY_093,basic,app,2023-11-14,41690.0,13,20.43,0
CITY_072,plus,app,2024-02-13,25951.0,5,31.16,0
CITY_138,basic,phone,2024-07-24,31593.0,10,45.67,1
CITY_079,basic,app,2024-04-03,27654.0,7,129.08,1
CITY_071,plus,web,2024-10-20,25359.0,10,39.97,1
CITY_077,basic,web,2024-08-09,21862.0,6,18.01,1
CITY_000,plus,web,2024-11-27,38894.0,6,26.2,0
CITY_053,plus,web,2024-07-27,35759.0,3,60.75,1
CITY_030,basic,phone,2023-12-25,30238.0,5,14.69,0
CITY_110,basic,web,2023-12-06,42106.0,4,22.33,0
CITY_120,plus,app,2023-07-25,,5,23.94,1
CITY_094,basic,web,2024-07-21,26767.0,6,9.94,1
CITY_008,plus,phone,2023-06-18,,7,16.03,0
CITY_025,basic,web,2024-10-12,18169.0,6,5.58,0
CITY_017,plus,web,2023-08-28,26572.0,5,19.04,0
CITY_135,plus,phone,2024-04-24,23107.0,3,11.31,1
CITY_135,basic,web,2023-06-19,38903.0,7,25.85,0
CITY_147,plus,web,2023-03-25,,3,11.96,0
CITY_029,plus,app,2023-03-15,43865.0,6,4.14,0
CITY_096,pro,app,2023-08-22,53050.0,4,14.38,0
CITY_007,basic,web,2023-05-17,16927.0,5,7.71,0
CITY_126,basic,web,2023-09-21,21915.0,9,47.23,0
CITY_111,basic,phone,2023-10-04,20768.0,3,45.27,1
CITY_123,plus,phone,2023-03-27,13225.0,8,16.43,0
CITY_097,plus,web,2023-05-04,20243.0,4,11.87,1
CITY_108,basic,web,2023-12-31,20018.0,5,24.6,1
CITY_025,basic,web,2023-02-23,15087.0,10,49.69,1
CITY_051,basic,app,2023-06-25,7067.0,4,3.82,1
CITY_076,plus,app,2023-06-28,23701.0,7,38.26,1
CITY_071,plus,web,2024-10-16,27714.0,3,20.68,0
CITY_012,basic,web,2023-11-04,14577.0,6,21.59,1
CITY_063,pro,web,2024-06-24,67817.0,4,30.89,1
CITY_006,plus,phone,2023-02-17,19556.0,11,41.88,1
CITY_066,basic,app,2023-04-15,20761.0,5,107.99,1
CITY_124,basic,app,2023-09-24,34518.0,13,21.76,1
CITY_077,basic,web,2023-05-08,13645.0,9,42.48,1
CITY_002,basic,web,2023-03-02,33058.0,6,19.84,0
CITY_059,basic,app,2024-07-21,26174.0,6,41.86,1
CITY_046,basic,app,2023-07-05,26726.0,5,22.33,0
CITY_013,basic,phone,2024-05-08,52694.0,5,31.39,0
CITY_008,basic,app,2024-01-29,33458.0,5,11.65,0
CITY_050,basic,web,2024-11-28,20339.0,4,21.18,0
CITY_152,plus,web,2023-04-17,22394.0,6,15.33,1
CITY_118,basic,app,2023-05-16,17155.0,4,58.33,1
CITY_007,plus,phone,2024-01-19,,9,83.8,0
CITY_066,basic,app,2023-05-19,25214.0,7,22.84,1
CITY_106,plus,phone,2024-10-31,56609.0,6,32.03,0
CITY_135,basic,web,2024-10-08,,9,12.97,0
CITY_044,basic,app,2023-10-09,13919.0,7,15.64,1
CITY_159,pro,web,2024-08-31,35501.0,5,15.0,1
CITY_132,basic,web,2023-08-29,35476.0,9,18.15,0
CITY_068,plus,web,2024-07-16,32120.0,2,10.34,0
CITY_006,plus,phone,2023-11-05,21836.0,5,6.34,0
CITY_073,basic,web,2023-07-22,35546.0,13,8.67,0
CITY_089,pro,app,2024-07-10,46918.0,8,48.07,0
CITY_042,basic,app,2023-04-07,34365.0,7,19.57,0
CITY_177,plus,app,2023-05-11,28897.0,6,14.35,0
CITY_021,plus,web,2023-05-27,31881.0,5,25.14,0
CITY_033,plus,app,2024-06-15,107666.0,7,106.41,1
CITY_098,basic,app,2023-09-26,52256.0,9,36.81,0
CITY_135,basic,app,2023-09-10,19703.0,8,26.44,1
CITY_155,plus,web,2024-08-12,51621.0,7,24.69,1
CITY_114,basic,phone,2024-01-06,17364.0,6,10.5,1
CITY_140,plus,app,2024-10-27,38994.0,7,3.17,0
CITY_017,basic,web,2024-02-28,,11,2.75,0
CITY_076,pro,web,2024-05-21,12234.0,7,27.14,0
CITY_164,basic,web,2023-01-14,26009.0,9,23.93,1
CITY_085,basic,app,2024-04-08,15098.0,5,37.52,0
CITY_060,plus,app,2023-04-23,28964.0,4,9.14,0
CITY_082,plus,web,2024-03-24,28989.0,6,20.07,0
CITY_135,basic,web,2024-06-30,7223.0,5,42.22,0
CITY_097,basic,app,2024-12-14,51612.0,3,41.27,1
CITY_086,basic,app,2023-04-30,,7,11.08,1
CITY_004,basic,web,2024-06-10,43969.0,5,14.89,0
CITY_067,basic,app,2024-10-02,12333.0,2,7.72,1
CITY_104,basic,web,2023-06-17,17598.0,5,22.78,0
CITY_095,plus,phone,2023-08-25,24358.0,3,22.33,1
CITY_042,plus,app,2024-11-30,25472.0,6,23.83,0
CITY_019,plus,phone,2024-12-04,26047.0,4,29.19,1
CITY_028,plus,app,2023-09-28,41192.0,2,37.37,0
CITY_167,basic,web,2023-12-09,13457.0,5,19.96,1
CITY_015,pro,app,2024-02-11,21970.0,5,38.16,1
CITY_112,basic,web,2024-08-11,52827.0,6,124.84,0
CITY_176,basic,app,2024-03-07,69315.0,5,27.28,1
CITY_164,basic,app,2024-12-24,34906.0,9,125.61,0
CITY_154,basic,web,2023-11-21,20547.0,8,7.25,1
CITY_127,plus,app,2024-04-27,22002.0,8,14.23,0
CITY_113,basic,app,2024-10-31,12986.0,9,14.88,0
CITY_006,pro,web,2023-08-05,,6,35.95,1
CITY_004,pro,app,2024-01-13,26734.0,7,8.0,1
CITY_165,plus,web,2024-11-25,68434.0,5,13.04,0
CITY_067,pro,app,2023-12-26,49149.0,11,13.74,0
CITY_084,basic,web,2023-05-22,,7,10.74,1
CITY_115,basic,web,2024-08-15,30424.0,8,18.45,1
CITY_067,plus,app,2024-10-13,,7,7.8,0
CITY_020,basic,app,2024-08-16,9956.0,6,6.21,1
CITY_164,plus,phone,2023-08-20,31981.0,6,15.72,1
CITY_107,plus,web,2024-01-08,39207.0,2,11.38,0
CITY_133,pro,web,2023-12-12,68684.0,3,21.94,0
CITY_039,basic,app,2023-08-04,41879.0,6,19.42,0
CITY_168,basic,app,2023-05-06,32255.0,7,11.51,0
CITY_168,plus,web,2024-05-31,14041.0,5,15.58,0
CITY_154,basic,web,2024-10-19,17567.0,3,128.38,1
CITY_060,basic,app,2023-07-16,20903.0,10,38.55,0
CITY_079,basic,web,2023-01-02,8385.0,1,10.91,0
CITY_021,plus,app,2023-12-04,32446.0,7,19.62,1
CITY_104,plus,web,2024-04-16,41753.0,2,30.95,0
CITY_005,basic,web,2024-10-19,27479.0,9,16.82,0
CITY_143,basic,web,2024-01-29,103774.0,10,48.06,0
CITY_032,plus,phone,2024-12-18,22379.0,2,11.08,1
CITY_142,basic,web,2024-01-02,19723.0,6,15.01,0
CITY_127,basic,phone,2023-05-20,9348.0,5,29.13,0
CITY_086,basic,web,2023-11-29,23582.0,4,57.94,1
CITY_027,basic,app,2024-02-16,46701.0,9,20.61,0
CITY_135,pro,web,2023-10-31,14784.0,7,73.24,1
CITY_077,basic,web,2024-11-14,5066.0,9,29.54,1
CITY_015,plus,app,2024-09-26,23074.0,6,8.02,1
CITY_061,basic,app,2024-07-14,22102.0,6,10.62,0
CITY_035,basic,app,2024-09-18,4823.0,9,21.34,1
CITY_166,plus,app,2024-01-13,29565.0,5,31.97,1
CITY_161,plus,app,2024-02-27,12509.0,4,29.87,1
CITY_161,plus,app,2024-01-01,28229.0,3,23.8,1
CITY_031,plus,web,2023-01-10,9719.0,5,8.09,1
CITY_068,basic,web,2023-03-24,32552.0,7,18.38,0
CITY_068,basic,app,2024-05-03,23607.0,5,39.88,1
CITY_063,basic,app,2023-12-07,,9,24.72,0
CITY_173,basic,web,2024-06-12,15258.0,3,31.34,0
CITY_095,plus,web,2024-09-13,11012.0,10,33.08,1
CITY_173,basic,app,2023-08-27,20431.0,5,13.33,0
CITY_165,basic,phone,2024-11-17,48588.0,6,30.28,0
CITY_127,pro,phone,2023-12-10,37786.0,7,21.99,1
CITY_159,plus,web,2024-04-10,19730.0,7,16.06,1
CITY_069,basic,app,2023-08-11,40859.0,6,10.9,0
CITY_027,pro,web,2023-12-31,31552.0,6,43.16,0
CITY_070,basic,web,2023-08-05,20534.0,5,10.19,0
CITY_151,pro,web,2023-12-10,66267.0,5,44.15,0
CITY_136,basic,web,2023-10-12,15626.0,4,23.0,1
CITY_138,pro,app,2024-08-02,26453.0,6,17.27,0
CITY_129,basic,web,2023-11-22,20287.0,7,143.2,1
CITY_113,plus,phone,2024-08-19,39688.0,2,18.12,0
CITY_097,plus,app,2023-10-20,33488.0,6,12.64,0
CITY_128,basic,phone,2024-03-29,23328.0,3,41.04,0
CITY_066,basic,app,2023-08-29,17768.0,7,38.0,1
CITY_091,basic,app,2023-02-11,28728.0,2,32.43,1
CITY_118,basic,web,2023-09-24,62107.0,3,4.76,1
CITY_122,basic,web,2023-04-17,19929.0,9,26.35,0
CITY_047,plus,web,2024-11-20,35846.0,6,7.45,0
CITY_105,basic,web,2023-12-10,34148.0,7,12.88,0
CITY_031,basic,web,2024-02-21,24839.0,6,53.9,0
CITY_108,basic,app,2024-01-27,,7,19.0,0
CITY_112,basic,app,2023-05-02,59699.0,3,50.31,1
CITY_133,plus,app,2024-11-26,48103.0,6,145.55,1
CITY_065,plus,phone,2023-05-11,,6,14.1,0
CITY_117,basic,web,2023-07-31,13078.0,5,50.48,1
CITY_059,plus,app,2023-09-04,91632.0,5,31.81,0
CITY_037,basic,web,2024-01-31,55525.0,7,8.01,0
CITY_161,basic,app,2024-03-20,16080.0,7,7.08,0
CITY_075,basic,web,2024-12-03,54462.0,1,67.95,1
CITY_101,pro,web,2024-01-24,41829.0,6,15.08,0
CITY_139,basic,web,2023-03-07,17006.0,8,51.37,1
CITY_098,basic,app,2024-05-01,13435.0,7,25.39,1
CITY_058,pro,web,2024-04-20,50448.0,6,39.75,1
CITY_122,basic,web,2023-07-10,12641.0,4,15.53,0
CITY_068,basic,app,2023-02-02,,4,13.55,1
CITY_024,basic,web,2023-09-12,,6,28.35,0
CITY_070,plus,phone,2023-02-19,62456.0,5,17.39,0
CITY_010,basic,app,2023-02-26,34942.0,7,4.12,1
CITY_010,basic,web,2023-11-05,79396.0,6,18.89,0
CITY_152,basic,web,2023-10-12,,8,52.05,0
CITY_084,basic,app,2023-10-31,99142.0,3,12.31,1
CITY_125,basic,app,2024-03-24,38974.0,5,25.7,1
CITY_155,plus,app,2023-01-11,27674.0,5,51.77,1
CITY_131,basic,web,2024-02-27,38171.0,7,16.57,1
CITY_050,plus,app,2024-02-06,,5,27.12,1
CITY_000,plus,app,2023-07-27,19657.0,8,11.75,1
CITY_167,basic,app,2023-02-02,58280.0,4,35.82,1
CITY_102,basic,web,2024-06-18,36696.0,9,16.37,0
CITY_064,plus,phone,2023-05-23,40391.0,8,22.23,0
CITY_056,plus,phone,2024-11-23,12740.0,5,90.14,1
CITY_059,basic,app,2023-05-13,16427.0,8,33.88,1
CITY_033,basic,web,2023-11-16,27255.0,8,3.5,0
CITY_018,plus,app,2023-12-09,26938.0,2,6.04,1
CITY_021,pro,web,2024-10-28,11515.0,5,55.68,0
CITY_027,plus,phone,2023-12-02,11289.0,4,15.56,1
CITY_102,plus,app,2024-04-25,29754.0,5,45.98,0
CITY_024,basic,app,2024-04-05,16164.0,2,14.9,0
CITY_118,plus,web,2024-04-13,24127.0,4,11.88,0
CITY_064,plus,web,2024-08-25,,3,20.23,1
CITY_099,basic,web,2023-05-09,47262.0,5,18.49,1
CITY_125,pro,app,2023-10-08,26375.0,6,12.92,0
CITY_157,pro,web,2024-01-10,52823.0,5,34.92,1
CITY_046,basic,app,2024-12-08,40295.0,7,4.35,0
CITY_116,basic,app,2023-03-16,47579.0,5,11.47,1
CITY_051,basic,app,2024-05-10,26869.0,8,36.65,0
CITY_161,basic,app,2024-04-21,24452.0,7,15.85,0
CITY_004,pro,web,2023-07-26,14114.0,4,25.35,1
CITY_126,basic,app,2023-06-13,46176.0,6,19.78,0
CITY_081,basic,phone,2024-10-18,13452.0,9,4.91,0
CITY_073,basic,app,2024-09-16,28966.0,9,31.19,0
CITY_002,basic,web,2024-11-21,,7,28.24,1
CITY_168,basic,web,2023-09-03,23914.0,6,5.07,0
CITY_003,plus,web,2023-07-10,,2,13.01,0
CITY_132,basic,app,2023-06-06,,1,20.41,0
CITY_137,plus,web,2024-08-30,23915.0,4,35.39,1
CITY_134,plus,web,2023-11-07,15691.0,3,26.27,1
CITY_147,basic,web,2024-06-25,52712.0,4,10.92,0
CITY_119,basic,web,2024-03-30,29055.0,5,35.01,1
CITY_054,plus,web,2024-05-08,23003.0,3,72.87,1
CITY_060,plus,app,2023-07-24,,11,50.79,1
CITY_102,basic,phone,2023-02-25,25065.0,12,26.36,0
CITY_174,basic,web,2023-01-12,17495.0,8,24.62,1
CITY_025,plus,web,2023-01-22,19022.0,6,49.73,0
CITY_137,plus,phone,2023-10-17,49368.0,9,18.85,1
CITY_155,basic,app,2023-09-17,38347.0,1,27.79,0
CITY_128,basic,app,2023-12-20,15619.0,2,28.76,1
CITY_152,plus,web,2023-03-16,37463.0,6,9.28,1
CITY_159,plus,web,2024-11-14,31983.0,6,94.89,1
CITY_128,pro,app,2023-09-03,19522.0,8,24.64,0
CITY_178,plus,web,2024-05-27,27171.0,6,8.72,1
CITY_055,basic,phone,2023-02-22,22833.0,5,69.74,1
CITY_150,basic,app,2024-10-11,,4,32.54,1
CITY_104,plus,app,2023-12-24,14159.0,7,40.47,1
CITY_013,basic,web,2023-10-16,28567.0,10,23.07,1
CITY_115,pro,phone,2023-07-18,24195.0,4,31.02,0
CITY_054,plus,app,2023-06-23,,3,28.48,1
CITY_172,plus,app,2023-09-22,,7,74.86,1
CITY_175,plus,web,2023-04-26,20099.0,2,36.9,1
CITY_020,basic,web,2023-11-27,39409.0,6,20.72,1
CITY_018,plus,web,2024-04-16,9630.0,10,13.79,1
CITY_168,pro,web,2024-03-27,28872.0,9,27.24,0
CITY_014,basic,app,2024-05-06,38411.0,6,27.62,0
CITY_068,basic,web,2024-09-15,20583.0,6,21.94,0
CITY_073,plus,web,2023-07-11,37942.0,13,41.46,1
CITY_123,basic,web,2024-11-09,27086.0,7,37.53,1
CITY_092,basic,phone,2024-09-09,19460.0,9,41.02,0
CITY_018,basic,app,2023-12-19,8034.0,6,8.65,1
CITY_014,basic,web,2024-08-07,28185.0,5,15.64,1
CITY_072,basic,web,2024-05-20,36878.0,11,10.78,0
CITY_003,plus,app,2023-09-29,37399.0,9,81.29,1
CITY_067,basic,web,2024-03-11,19885.0,7,14.56,1
CITY_039,plus,phone,2024-11-02,98802.0,3,12.09,1
CITY_179,plus,app,2023-02-25,51324.0,4,9.88,0
CITY_052,plus,app,2023-12-05,44136.0,8,91.03,0
CITY_008,basic,web,2024-09-03,,6,8.52,1
CITY_027,basic,web,2023-10-13,19638.0,6,26.58,1
CITY_042,basic,phone,2023-09-29,20445.0,4,51.8,0
CITY_022,basic,web,2024-10-28,34769.0,6,19.85,0
CITY_171,plus,app,2023-10-18,24309.0,5,7.61,1
CITY_093,plus,web,2023-04-02,33405.0,7,11.41,1
CITY_157,basic,web,2024-10-27,41987.0,5,52.7,0
CITY_128,basic,phone,2023-01-11,24156.0,6,21.02,0
CITY_027,plus,app,2024-11-09,124870.0,5,11.7,1
CITY_106,pro,app,2024-07-14,36777.0,6,16.0,1
CITY_171,plus,app,2024-09-28,16944.0,9,48.28,1
CITY_067,basic,app,2023-03-10,,3,19.83,1
CITY_104,basic,app,2023-10-30,,7,15.59,1
CITY_108,basic,phone,2023-06-03,24041.0,9,27.3,1
CITY_156,basic,web,2024-05-24,27754.0,9,21.72,0
CITY_033,plus,web,2024-01-07,52987.0,8,9.11,0
CITY_163,basic,phone,2023-11-10,26512.0,6,6.92,0
CITY_061,plus,web,2023-11-07,41927.0,3,24.81,0
CITY_150,basic,app,2024-07-21,46483.0,12,15.36,0
CITY_011,pro,web,2023-03-21,14923.0,6,20.03,0
CITY_091,plus,web,2023-06-22,27412.0,9,20.63,0
CITY_175,plus,app,2024-07-11,64945.0,8,26.38,0
CITY_017,plus,web,2024-08-16,26038.0,7,7.83,0
CITY_004,basic,app,2024-07-29,30735.0,5,24.9,0
CITY_012,basic,app,2023-11-16,27216.0,4,8.98,1
CITY_036,basic,app,2024-04-16,,5,18.05,1
CITY_121,pro,app,2023-08-16,,12,5.68,0
CITY_099,plus,app,2023-10-11,26336.0,3,67.64,1
CITY_091,basic,app,2024-03-08,25113.0,5,19.65,0
CITY_020,plus,app,2023-08-12,35810.0,5,18.83,1
CITY_043,basic,phone,2024-12-11,,7,7.68,0
CITY_025,basic,app,2023-08-10,79169.0,8,17.33,0
CITY_008,plus,app,2024-12-20,48484.0,7,23.85,1
CITY_175,basic,app,2023-07-17,14788.0,4,42.07,1
CITY_036,plus,phone,2024-06-08,17679.0,4,66.76,0
CITY_063,basic,phone,2024-05-31,29791.0,3,38.33,0
CITY_090,basic,web,2023-10-20,,13,20.24,0
CITY_163,pro,app,2024-01-02,15003.0,8,11.24,0
CITY_038,plus,app,2024-08-16,47593.0,10,29.73,0
CITY_172,plus,web,2024-08-21,21234.0,6,15.9,0
CITY_107,basic,web,2024-02-04,42553.0,9,18.55,0
CITY_004,plus,app,2023-07-14,21860.0,6,17.79,0
CITY_115,plus,app,2024-03-03,48271.0,5,33.72,0
CITY_030,basic,phone,2023-10-02,58647.0,7,49.37,0
CITY_021,basic,web,2024-06-14,19407.0,9,6.37,1
CITY_075,pro,phone,2024-05-13,29822.0,4,26.55,0
CITY_154,basic,app,2023-12-19,38851.0,9,25.13,0
CITY_045,basic,app,2024-01-27,22869.0,10,56.37,1
CITY_154,pro,web,2024-03-26,20794.0,4,25.25,0
CITY_177,basic,app,2024-01-06,45895.0,3,39.69,0
CITY_163,basic,app,2024-07-19,60984.0,3,44.77,1
CITY_103,pro,phone,2024-02-23,24859.0,8,13.82,1
CITY_172,plus,app,2024-02-08,,7,46.01,0
CITY_092,basic,app,2024-12-18,15669.0,5,8.89,1
CITY_110,plus,app,2024-03-26,15405.0,4,21.81,1
CITY_000,basic,web,2024-10-30,,10,20.17,0
CITY_036,plus,web,2024-10-19,20335.0,6,12.9,0
CITY_034,plus,app,2023-03-18,54136.0,9,28.45,0
CITY_149,pro,web,2024-12-21,14830.0,5,16.6,1
CITY_163,basic,web,2023-05-13,48029.0,4,61.85,1
CITY_171,basic,phone,2023-04-26,17003.0,5,28.85,1
CITY_055,basic,app,2024-08-16,25319.0,5,14.87,0
CITY_050,pro,app,2024-10-30,103906.0,5,30.92,0
CITY_121,basic,app,2024-01-31,13358.0,6,31.76,1
CITY_137,plus,app,2023-08-02,,5,31.91,1
CITY_143,basic,phone,2023-03-19,16931.0,6,6.35,0
CITY_045,basic,web,2024-03-03,31175.0,2,12.4,0
CITY_069,basic,app,2024-10-09,41906.0,4,55.5,0
CITY_172,basic,web,2024-06-05,31462.0,3,17.32,1
CITY_091,basic,app,2023-07-10,64450.0,5,9.87,1
CITY_133,pro,app,2023-09-23,41565.0,6,19.13,0
CITY_121,plus,web,2023-06-20,17966.0,6,14.08,1
CITY_017,plus,web,2023-02-22,22752.0,8,10.65,0
CITY_121,plus,app,2023-03-09,,11,21.37,0
CITY_113,plus,web,2024-01-13,,4,8.21,0
CITY_087,plus,app,2023-08-15,23310.0,5,8.63,0
CITY_154,basic,phone,2023-10-29,57307.0,5,12.72,1
CITY_070,basic,web,2024-05-22,18616.0,9,11.03,0
CITY_166,basic,phone,2023-01-21,23932.0,8,17.94,1
CITY_141,basic,app,2023-10-23,14406.0,5,10.62,1
CITY_164,basic,app,2024-07-29,34071.0,9,14.43,0
CITY_044,plus,web,2024-11-25,24022.0,5,25.83,0
CITY_117,basic,app,2023-07-06,6915.0,2,11.92,1
CITY_055,basic,app,2023-06-28,14184.0,8,9.79,1
CITY_055,plus,phone,2024-06-06,,6,22.98,1
CITY_121,plus,phone,2023-10-05,18017.0,9,24.9,1
CITY_110,basic,web,2023-02-25,5099.0,2,24.32,1
CITY_116,plus,web,2024-01-09,24927.0,6,47.07,1
CITY_022,basic,web,2024-02-08,32722.0,5,32.26,0
CITY_089,plus,web,2023-12-20,16891.0,6,10.95,0
CITY_085,plus,app,2023-03-03,22040.0,4,22.64,0
CITY_073,plus,web,2024-05-15,15852.0,10,14.92,0
CITY_048,plus,app,2024-12-20,11064.0,4,29.84,1
CITY_166,pro,app,2024-04-03,75549.0,8,33.08,0
CITY_032,plus,phone,2023-10-09,24722.0,4,31.22,1
CITY_102,pro,app,2023-07-05,47748.0,4,14.64,1
CITY_094,plus,app,2023-08-04,45208.0,2,18.4,1
CITY_105,basic,app,2024-08-15,11329.0,6,27.43,0
CITY_172,basic,web,2023-03-22,30834.0,7,24.12,0
CITY_048,pro,web,2023-07-02,42110.0,3,11.9,0
CITY_102,basic,app,2024-01-16,,6,21.16,1
CITY_006,basic,app,2023-08-25,23688.0,8,38.72,0
CITY_023,basic,web,2024-01-15,21546.0,5,64.3,1
CITY_140,pro,app,2023-08-08,20350.0,1,7.11,0
CITY_103,basic,web,2024-06-11,22967.0,5,16.17,1
CITY_077,plus,web,2023-04-19,39824.0,5,6.53,0
CITY_102,plus,phone,2023-12-31,32255.0,4,16.03,1
CITY_026,basic,app,2023-12-21,107339.0,10,61.5,0
CITY_092,pro,app,2024-12-05,44765.0,8,39.93,1
CITY_068,basic,web,2023-08-23,7747.0,5,26.14,1
CITY_095,plus,app,2024-02-27,32321.0,8,20.91,1
CITY_167,pro,web,2024-10-01,11945.0,8,7.13,0
CITY_120,basic,web,2024-10-10,14019.0,5,38.01,1
CITY_125,plus,web,2024-11-29,47500.0,9,45.88,1
CITY_021,basic,web,2024-09-29,19950.0,7,40.84,1
CITY_088,plus,app,2024-01-08,21717.0,6,14.37,0
CITY_154,basic,web,2023-01-07,15508.0,7,20.87,0
CITY_007,basic,web,2023-11-16,16798.0,5,10.25,0
CITY_055,plus,web,2023-09-21,31662.0,5,11.56,1
CITY_172,pro,app,2024-03-08,15470.0,4,20.26,0
CITY_127,basic,app,2024-06-20,52602.0,6,23.2,0
CITY_123,basic,app,2023-10-05,56021.0,8,12.63,0
CITY_083,basic,phone,2023-03-12,31942.0,8,16.53,0
CITY_035,basic,app,2024-03-08,,8,27.62,1
CITY_164,plus,app,2024-01-01,,4,28.68,1
CITY_160,basic,web,2024-08-03,12568.0,5,8.49,0
CITY_014,plus,web,2023-09-13,10773.0,2,44.53,1
CITY_153,basic,web,2023-03-07,19676.0,6,37.13,1
CITY_152,pro,web,2023-08-27,,7,7.7,0
CITY_120,plus,web,2023-02-25,,7,6.97,0
CITY_179,pro,app,2023-11-15,11444.0,5,14.62,0
CITY_139,pro,web,2024-08-15,45384.0,4,47.37,0
CITY_036,basic,web,2024-01-17,18864.0,7,103.63,1
CITY_172,plus,web,2024-12-30,73447.0,7,7.66,0
CITY_125,basic,web,2023-03-07,,5,39.54,0
CITY_153,basic,web,2024-12-12,13706.0,5,10.94,0
CITY_002,basic,app,2024-10-13,44468.0,6,20.31,0
CITY_077,basic,web,2024-09-02,20743.0,8,111.31,1
CITY_008,plus,web,2024-11-26,66979.0,7,19.79,0
CITY_085,plus,web,2024-07-05,27295.0,9,15.22,0
CITY_089,plus,app,2023-06-18,,4,86.84,1
CITY_155,basic,web,2024-12-14,68353.0,8,21.03,0
CITY_119,plus,web,2024-05-24,51131.0,1,10.73,0
CITY_065,basic,web,2023-04-24,19021.0,9,19.86,1
CITY_025,pro,app,2023-08-03,28413.0,4,31.27,1
CITY_137,plus,phone,2024-12-19,29343.0,7,15.3,1
CITY_008,basic,web,2024-05-28,61538.0,5,10.69,0
CITY_012,basic,web,2024-06-19,12315.0,5,14.04,1
CITY_080,basic,app,2023-11-17,76146.0,8,33.36,0
CITY_127,plus,web,2023-04-22,13862.0,6,24.44,1
CITY_168,basic,web,2024-11-24,,10,7.32,1
CITY_143,basic,app,2023-10-25,23727.0,4,162.78,1
CITY_120,basic,web,2023-04-14,29654.0,8,11.36,1
CITY_157,pro,app,2023-12-07,18101.0,6,31.59,1
CITY_030,basic,phone,2024-03-17,30181.0,9,77.7,1
CITY_102,pro,app,2024-02-06,12814.0,10,48.46,1
CITY_064,plus,web,2024-10-18,17073.0,2,16.81,0
CITY_052,basic,app,2023-12-07,34788.0,8,27.97,0
CITY_005,pro,web,2024-07-24,43596.0,7,16.14,1
CITY_045,plus,app,2024-11-13,12423.0,6,79.79,1
CITY_117,plus,web,2024-03-08,19593.0,6,82.87,1
CITY_093,basic,web,2023-03-29,18710.0,5,22.79,1
CITY_036,plus,web,2024-03-24,14820.0,2,17.18,0
CITY_052,pro,web,2023-01-19,7769.0,7,37.0,1
CITY_011,basic,web,2023-08-18,25909.0,6,19.42,1
CITY_036,plus,app,2023-09-25,36194.0,2,57.23,1
CITY_048,basic,web,2023-12-24,37851.0,7,46.18,0
CITY_171,basic,web,2023-05-26,15261.0,6,61.66,1
CITY_021,plus,app,2023-12-02,,6,25.76,1
CITY_156,pro,app,2024-02-06,37992.0,7,28.24,0
CITY_147,plus,app,2024-05-26,,5,7.42,0
CITY_013,basic,web,2024-08-09,18983.0,7,47.47,1
CITY_040,basic,app,2024-12-29,37664.0,11,25.14,0
CITY_076,basic,app,2024-08-02,21907.0,2,21.67,0
CITY_122,basic,app,2024-01-12,44978.0,8,6.32,0
CITY_039,plus,app,2023-07-15,40311.0,2,11.71,1
CITY_043,pro,app,2023-07-06,43083.0,5,20.78,0
CITY_032,basic,web,2024-04-04,40165.0,3,53.21,0
CITY_023,basic,web,2024-08-14,74923.0,7,12.02,0
CITY_116,basic,app,2023-02-26,12305.0,9,36.82,1
CITY_068,basic,app,2024-12-05,30152.0,7,7.79,0
CITY_064,basic,phone,2023-12-18,20295.0,5,26.85,0
CITY_092,basic,web,2024-03-08,21908.0,5,9.94,0
CITY_049,basic,web,2024-12-28,31777.0,7,33.52,1
CITY_117,pro,web,2023-05-03,21483.0,8,3.24,1
CITY_119,pro,app,2024-02-08,12854.0,7,77.57,1
CITY_166,plus,web,2024-10-13,,6,17.96,1
CITY_088,plus,web,2023-03-08,16804.0,1,65.43,1
CITY_078,pro,web,2024-11-05,16021.0,4,94.6,0
CITY_159,basic,web,2023-12-01,36878.0,6,25.96,0
CITY_069,basic,app,2024-07-24,41973.0,3,31.76,0
CITY_096,basic,web,2023-11-17,36506.0,5,21.17,1
CITY_136,basic,web,2023-01-25,24637.0,5,45.43,0
CITY_018,pro,web,2024-05-25,27426.0,7,23.01,0
CITY_036,basic,app,2023-01-07,29561.0,6,8.05,0
CITY_093,plus,app,2023-01-16,32420.0,5,12.99,1
CITY_019,plus,app,2023-07-18,14477.0,2,11.07,1
CITY_148,plus,web,2023-04-11,38937.0,6,33.74,0
CITY_048,basic,app,2024-05-12,8228.0,7,33.34,1
CITY_010,plus,app,2023-03-05,50862.0,7,10.71,0
CITY_054,basic,app,2023-02-10,34323.0,7,13.82,0
CITY_122,basic,web,2023-07-09,,6,72.82,0
CITY_153,basic,web,2023-02-16,66616.0,5,20.12,0
CITY_142,basic,web,2023-04-27,19766.0,6,17.09,0
CITY_121,basic,web,2024-02-15,112748.0,5,20.08,1
CITY_106,pro,web,2024-04-27,37715.0,8,9.28,1
CITY_119,plus,phone,2024-02-27,11266.0,12,15.46,0
CITY_047,plus,app,2023-10-16,20654.0,5,30.0,1
CITY_015,pro,app,2023-07-21,24872.0,6,26.24,1
CITY_041,basic,web,2023-07-28,12028.0,9,5.86,0
CITY_043,plus,web,2023-05-07,11837.0,9,19.79,1
CITY_138,plus,app,2024-10-07,11469.0,14,26.44,1
CITY_051,basic,app,2024-10-02,9714.0,5,13.52,0
CITY_142,plus,app,2023-06-20,21156.0,5,21.25,0
CITY_014,plus,app,2023-04-22,104658.0,8,20.15,1
CITY_172,plus,app,2024-06-10,8375.0,4,37.97,1
CITY_004,plus,phone,2023-06-17,17385.0,5,18.95,1
CITY_140,basic,web,2023-07-01,,5,24.17,1
CITY_172,basic,web,2023-11-20,,3,31.78,0
CITY_034,basic,web,2023-09-13,37366.0,6,8.67,1
CITY_078,basic,web,2023-12-27,23938.0,6,17.1,1
CITY_071,basic,web,2023-02-20,25555.0,7,4.4,0
CITY_157,basic,app,2023-06-29,32162.0,4,15.44,0
CITY_130,basic,web,2024-06-13,15666.0,10,38.61,0
CITY_110,pro,web,2024-08-24,30897.0,10,13.36,1
CITY_043,basic,web,2023-09-16,38339.0,3,21.49,1
CITY_084,basic,web,2023-01-27,17067.0,6,6.31,1
CITY_155,basic,web,2024-07-31,9223.0,4,36.78,1
CITY_145,plus,web,2023-02-10,30990.0,4,28.89,0
CITY_078,pro,phone,2024-11-23,10800.0,5,48.06,1
CITY_065,basic,app,2024-04-30,,7,19.42,0
CITY_076,pro,web,2023-06-16,16542.0,4,65.79,0
CITY_092,basic,phone,2023-08-29,20930.0,5,8.69,1
CITY_154,plus,web,2024-12-06,11288.0,10,35.69,1
CITY_137,basic,web,2023-04-16,31649.0,10,37.12,0
CITY_056,plus,web,2023-06-28,89563.0,4,20.25,1
CITY_007,basic,web,2023-03-06,17283.0,4,51.24,1
CITY_008,pro,web,2024-03-31,8233.0,8,9.45,0
CITY_132,plus,web,2024-04-12,32319.0,7,20.83,1
CITY_173,basic,app,2023-07-25,10398.0,3,7.0,0
CITY_153,basic,web,2024-08-23,14374.0,8,18.5,1
CITY_158,basic,web,2024-02-24,21054.0,3,60.87,1
CITY_106,plus,app,2024-05-28,26981.0,13,35.45,0
CITY_089,plus,web,2024-12-18,54343.0,7,15.87,1
CITY_124,plus,web,2023-09-26,53512.0,1,11.11,0
CITY_007,plus,app,2024-01-29,32961.0,8,20.42,0
CITY_123,basic,web,2024-05-30,15665.0,2,37.1,1
CITY_004,basic,web,2024-01-24,10501.0,3,14.67,1
CITY_017,basic,web,2024-08-06,26125.0,9,7.49,0
CITY_158,basic,app,2024-05-21,78155.0,7,14.77,1
CITY_047,plus,web,2024-01-14,14539.0,3,12.45,0
CITY_020,plus,app,2023-05-06,,2,19.36,0
CITY_077,basic,app,2024-06-10,64762.0,4,18.42,0
CITY_165,plus,app,2024-10-10,42484.0,3,10.43,0
CITY_115,plus,app,2024-02-29,28862.0,3,67.04,1
CITY_088,pro,phone,2023-04-18,29654.0,7,23.99,1
CITY_013,basic,web,2023-12-14,19178.0,4,13.4,1
CITY_095,pro,app,2024-08-20,105177.0,8,26.81,1
CITY_076,basic,web,2023-11-07,44695.0,6,57.06,0
CITY_120,plus,app,2024-04-30,27943.0,12,13.08,1
CITY_167,basic,web,2023-05-03,20392.0,6,18.1,0
CITY_066,basic,app,2024-01-22,5352.0,8,14.45,1
CITY_063,plus,phone,2023-07-27,32275.0,11,20.04,0
CITY_093,basic,web,2023-08-29,20636.0,6,26.81,0
CITY_134,pro,web,2023-02-16,24883.0,4,14.73,0
CITY_108,plus,web,2023-08-21,44792.0,5,24.66,1
CITY_167,basic,phone,2023-12-11,32850.0,6,13.97,1
CITY_071,basic,app,2024-12-08,34880.0,1,14.0,1
CITY_140,plus,web,2023-12-30,29087.0,11,8.73,0
CITY_156,plus,phone,2024-04-22,38902.0,3,22.93,0
CITY_077,basic,web,2023-05-04,27302.0,7,36.71,0
CITY_040,plus,app,2024-11-06,38611.0,3,21.63,0
CITY_130,basic,phone,2024-11-18,,5,7.11,1
CITY_006,plus,phone,2024-04-16,86084.0,9,24.01,0
CITY_136,pro,app,2023-11-16,16535.0,5,68.56,1
CITY_148,basic,web,2023-05-16,13358.0,5,80.85,0
CITY_034,basic,app,2024-12-07,15596.0,7,21.2,0
CITY_045,basic,web,2023-11-21,40761.0,8,35.46,0
CITY_129,plus,app,2023-12-26,41625.0,4,22.35,0
CITY_139,pro,phone,2023-10-26,3568.0,7,11.49,0
CITY_164,pro,web,2024-10-13,16250.0,9,145.34,0
CITY_161,plus,app,2023-12-06,27345.0,5,10.1,0
CITY_037,basic,app,2023-07-11,11760.0,8,22.64,1
CITY_039,pro,web,2024-08-30,21048.0,9,23.95,1
CITY_112,plus,web,2024-05-19,22512.0,7,27.92,0
CITY_175,plus,web,2023-06-28,22161.0,5,36.92,1
CITY_133,plus,web,2024-08-06,51136.0,3,5.09,0
CITY_136,plus,app,2024-12-19,26042.0,5,66.37,1
CITY_014,basic,web,2024-09-30,,4,33.86,0
CITY_145,plus,web,2024-05-17,72378.0,3,36.66,0
CITY_058,pro,phone,2024-03-14,13308.0,10,16.93,1
CITY_070,basic,app,2023-03-27,51280.0,4,63.97,0
CITY_010,plus,web,2023-03-26,15153.0,12,24.06,1
CITY_165,basic,app,2024-11-29,52268.0,7,15.09,0
CITY_135,basic,web,2023-10-25,14062.0,9,24.44,1
CITY_063,basic,web,2024-08-05,10295.0,8,44.53,1
CITY_033,plus,app,2024-07-24,49536.0,7,14.63,0
CITY_116,basic,web,2024-09-27,20344.0,6,99.58,1
CITY_051,plus,app,2024-08-02,27207.0,4,26.45,1
CITY_030,basic,web,2024-05-10,7496.0,5,32.65,1
CITY_072,basic,phone,2024-08-04,38563.0,4,31.44,1
CITY_070,basic,web,2024-06-25,23592.0,5,5.59,1
CITY_110,plus,app,2023-12-14,42795.0,3,9.5,1
CITY_136,basic,app,2024-05-13,25298.0,11,20.72,1
CITY_127,basic,web,2023-08-29,21236.0,4,61.42,1
CITY_039,plus,phone,2023-07-14,12722.0,3,8.93,0
CITY_015,pro,app,2024-11-14,46191.0,8,18.78,0
CITY_132,basic,web,2023-11-26,10851.0,5,62.32,1
CITY_115,basic,phone,2024-05-07,24563.0,7,18.76,1
CITY_118,basic,web,2024-11-19,13139.0,7,29.1,1
CITY_093,plus,app,2024-02-28,61216.0,11,19.32,0
CITY_097,basic,web,2023-05-28,78274.0,10,16.35,0
CITY_027,basic,web,2024-07-03,15396.0,2,4.23,0
CITY_156,basic,app,2023-04-17,43409.0,8,53.75,1
CITY_110,plus,app,2023-10-16,31787.0,5,29.96,0
CITY_094,basic,web,2023-03-18,20979.0,8,14.25,1
CITY_053,basic,app,2023-04-13,31440.0,5,11.3,0
CITY_149,basic,web,2024-09-19,32578.0,10,63.21,1
CITY_100,pro,web,2023-03-26,18760.0,2,12.84,0
CITY_003,pro,app,2024-10-24,7448.0,8,37.81,0
CITY_087,plus,app,2024-11-01,37427.0,10,51.19,1
CITY_077,plus,phone,2024-06-18,36984.0,5,25.43,0
CITY_043,basic,app,2023-09-12,13069.0,7,58.12,0
CITY_162,plus,app,2024-04-29,,8,76.7,0
CITY_143,basic,app,2024-08-13,43492.0,6,35.71,1
CITY_076,pro,web,2023-09-03,51848.0,2,29.85,0
CITY_082,plus,phone,2024-07-28,,4,22.58,0
CITY_087,plus,web,2024-03-16,38567.0,4,7.35,0
CITY_169,basic,phone,2024-01-03,32110.0,6,37.63,0
CITY_005,basic,app,2024-03-23,21988.0,9,38.75,0
CITY_131,basic,web,2023-06-15,22699.0,2,6.9,0
CITY_063,basic,web,2023-05-11,55891.0,2,4.04,1
CITY_029,plus,app,2024-09-11,18199.0,3,18.49,1
CITY_164,plus,app,2023-06-08,22753.0,4,15.46,0
CITY_060,plus,phone,2024-05-01,33226.0,9,33.62,1
CITY_168,plus,phone,2023-03-19,21807.0,4,18.16,0
CITY_075,basic,phone,2023-06-28,21842.0,6,46.08,1
CITY_028,basic,web,2024-08-21,29761.0,7,24.36,0
CITY_141,basic,app,2023-08-04,29805.0,9,16.3,0
CITY_113,basic,app,2024-03-06,24545.0,7,97.95,0
CITY_063,basic,web,2024-09-01,16383.0,5,18.62,1
CITY_151,plus,phone,2023-02-17,14795.0,1,20.52,1
CITY_135,plus,app,2023-12-07,20918.0,8,3.45,1
CITY_099,basic,app,2023-04-20,19054.0,9,36.33,1
CITY_121,basic,web,2024-01-16,14137.0,3,23.63,1
CITY_167,basic,app,2023-10-13,20125.0,6,13.45,0
CITY_006,basic,web,2023-12-17,18652.0,7,4.08,0
CITY_116,basic,web,2024-02-25,39620.0,9,42.04,0
CITY_178,pro,web,2023-01-26,9504.0,11,43.45,0
CITY_016,plus,app,2024-11-21,21878.0,6,33.72,1
CITY_164,pro,app,2024-09-25,65899.0,6,33.07,0
CITY_175,basic,app,2024-11-30,30028.0,3,10.1,1
CITY_075,plus,phone,2024-02-12,19219.0,1,30.16,0
CITY_099,basic,web,2024-06-26,,7,25.92,0
CITY_165,pro,web,2024-02-11,42657.0,10,13.67,0
CITY_138,basic,app,2024-04-30,46563.0,4,20.35,1
CITY_155,basic,app,2024-11-07,57019.0,7,16.78,1
CITY_159,pro,web,2024-05-01,21639.0,7,10.9,0
CITY_074,basic,web,2024-09-27,,7,30.29,1
CITY_024,pro,web,2023-02-14,46757.0,4,10.74,0
CITY_109,basic,web,2023-10-24,,2,19.39,0
CITY_155,basic,web,2024-02-03,7809.0,6,40.22,1
CITY_059,pro,web,2023-11-18,18473.0,8,27.91,1
CITY_098,plus,web,2024-07-05,,3,24.79,1
CITY_032,pro,web,2023-12-12,17331.0,8,20.26,1
CITY_112,basic,app,2023-02-02,20186.0,6,14.43,0
CITY_000,plus,app,2023-11-22,49092.0,10,9.79,0
CITY_030,pro,web,2024-08-29,10581.0,4,24.22,0
CITY_082,pro,web,2023-04-15,45040.0,7,50.1,0
CITY_048,plus,app,2024-12-24,44573.0,9,10.82,1
CITY_089,plus,web,2023-04-24,19972.0,7,22.61,1
CITY_107,basic,web,2024-05-11,38674.0,7,30.06,0
CITY_165,basic,app,2023-09-24,22691.0,6,30.74,1
CITY_060,plus,web,2023-04-03,44925.0,11,4.97,1
CITY_077,pro,app,2023-07-23,51503.0,4,92.04,1
CITY_054,plus,web,2023-03-15,20152.0,7,22.72,0
CITY_094,pro,web,2024-02-05,24662.0,3,38.32,0
CITY_175,basic,web,2023-10-25,,1,19.95,1
CITY_099,basic,app,2024-07-19,19960.0,6,50.45,1
CITY_077,plus,web,2024-04-30,,2,19.88,1
CITY_097,basic,web,2023-04-15,,8,142.92,1
CITY_001,plus,web,2024-02-01,12060.0,4,29.24,1
CITY_028,basic,web,2023-09-11,41573.0,2,28.05,1
CITY_054,basic,app,2023-10-26,16054.0,7,12.93,1
CITY_106,basic,app,2023-12-11,21127.0,10,8.75,0
CITY_037,basic,app,2023-09-20,40842.0,8,24.57,1
CITY_144,basic,web,2023-03-19,18006.0,7,6.24,0
CITY_036,basic,app,2023-08-01,64480.0,4,4.74,0
CITY_095,plus,phone,2024-07-29,23501.0,8,19.58,0
CITY_151,basic,app,2024-10-14,34235.0,8,49.2,1
CITY_047,basic,web,2024-10-27,14649.0,3,35.48,1
CITY_066,basic,phone,2024-06-29,25254.0,5,4.96,1
CITY_073,plus,app,2023-04-27,52040.0,5,36.09,0
CITY_067,plus,app,2024-07-30,7961.0,4,22.45,1
CITY_043,basic,web,2023-09-19,63484.0,5,6.76,1
CITY_041,pro,app,2023-02-27,10769.0,2,33.17,0
CITY_047,basic,web,2024-07-23,10049.0,4,55.42,1
CITY_008,plus,app,2024-09-04,19613.0,5,2.66,1
CITY_108,plus,app,2023-05-06,19515.0,9,48.19,1
CITY_137,basic,web,2024-12-19,,5,43.54,1
CITY_130,plus,web,2024-08-28,30002.0,7,11.86,0
CITY_113,basic,app,2024-04-26,24471.0,3,9.68,0
CITY_057,basic,web,2024-05-08,55547.0,7,26.19,1
CITY_127,basic,app,2024-01-08,12700.0,5,14.86,1
CITY_057,plus,app,2023-01-03,28002.0,7,13.91,0
CITY_033,pro,web,2023-06-17,27147.0,5,65.57,1
CITY_054,basic,web,2023-12-19,27277.0,10,23.18,0
CITY_058,basic,web,2023-07-09,30115.0,6,91.1,1
CITY_163,basic,web,2023-05-30,,6,35.58,1
CITY_054,basic,web,2023-04-06,,12,40.81,0
CITY_045,basic,web,2023-04-21,17251.0,6,21.07,0
CITY_164,plus,app,2024-02-06,,4,48.47,1
CITY_057,basic,phone,2024-11-26,40273.0,6,9.31,1
CITY_143,basic,web,2024-04-07,43420.0,3,128.47,1
CITY_117,pro,web,2023-02-02,,9,32.91,0
CITY_080,plus,web,2023-08-28,27230.0,5,7.24,0
CITY_104,plus,web,2023-07-02,42882.0,5,67.56,1
CITY_143,basic,web,2024-11-20,33455.0,9,69.79,1
CITY_025,basic,web,2024-12-08,30429.0,4,67.68,0
CITY_172,plus,web,2023-03-04,37694.0,7,23.09,0
CITY_042,pro,app,2023-09-01,13892.0,7,25.75,1
CITY_027,basic,app,2024-10-22,10591.0,6,19.06,1
CITY_066,basic,web,2024-11-30,20399.0,6,29.35,1
CITY_169,pro,web,2023-10-26,,5,44.08,1
CITY_132,plus,web,2023-03-28,25866.0,3,45.95,1
CITY_122,basic,web,2024-02-07,29766.0,2,18.48,0
CITY_082,pro,web,2023-12-11,41008.0,3,29.81,0
CITY_025,basic,app,2023-09-04,24664.0,6,21.75,0
CITY_083,plus,app,2023-09-19,24627.0,9,11.28,0
CITY_092,plus,web,2023-05-22,44420.0,10,13.71,0
CITY_054,basic,web,2023-11-21,34557.0,6,23.8,0
CITY_116,pro,app,2023-08-30,29795.0,3,38.57,0
CITY_011,basic,web,2023-02-04,29701.0,3,24.51,1
CITY_091,plus,app,2024-06-13,25817.0,6,99.73,1
CITY_174,plus,app,2024-03-03,37717.0,10,127.94,0
CITY_143,basic,app,2024-04-17,,9,26.02,1
CITY_035,basic,web,2023-02-12,57350.0,8,30.2,0
CITY_089,basic,web,2023-03-17,50015.0,5,4.32,0
CITY_057,pro,phone,2024-05-16,9828.0,2,21.88,1
CITY_132,basic,web,2023-03-15,17868.0,2,13.23,0
CITY_166,plus,web,2024-08-29,21642.0,7,27.67,0
CITY_129,plus,web,2024-03-26,14651.0,10,89.32,0
CITY_040,plus,app,2023-05-22,30648.0,4,26.82,1
CITY_079,plus,app,2024-10-14,35929.0,5,27.17,1
CITY_153,plus,app,2023-07-25,50773.0,11,33.44,0
CITY_128,basic,web,2023-11-25,47576.0,6,44.8,0
CITY_073,basic,app,2024-02-15,17183.0,5,8.33,0
CITY_032,basic,app,2023-09-14,21006.0,5,27.98,1
CITY_085,plus,web,2023-12-18,16303.0,2,36.62,0
CITY_102,basic,phone,2023-04-11,15500.0,3,26.06,1
CITY_030,basic,web,2024-07-27,23411.0,5,12.93,0
CITY_025,plus,web,2024-10-22,51542.0,7,2.71,0
CITY_029,plus,web,2024-04-01,,9,32.54,1
CITY_019,plus,web,2023-03-09,44917.0,5,41.54,0
CITY_051,basic,web,2023-03-21,21010.0,8,29.26,0
CITY_104,plus,app,2023-05-12,,4,28.04,1
CITY_055,plus,web,2023-01-02,44357.0,8,19.38,0
CITY_108,basic,web,2024-04-06,5763.0,7,34.48,1
CITY_108,plus,app,2023-11-24,57212.0,7,14.6,1
CITY_179,basic,app,2023-04-30,46694.0,6,17.5,1
CITY_083,plus,web,2024-10-17,10960.0,6,40.1,1
CITY_055,plus,web,2023-08-14,181578.0,4,39.39,0
CITY_060,pro,web,2023-08-15,32691.0,3,36.58,0
CITY_165,plus,web,2024-08-10,36822.0,3,26.11,1
CITY_040,basic,web,2023-11-23,16298.0,9,15.96,0
CITY_131,basic,phone,2023-10-05,,5,48.56,1
CITY_136,basic,phone,2024-02-06,36687.0,7,31.52,0
CITY_101,basic,web,2024-04-08,27752.0,5,6.58,0
CITY_037,basic,phone,2023-10-09,44860.0,4,12.44,1
CITY_091,plus,web,2023-11-07,5877.0,13,12.1,1
CITY_170,plus,web,2024-04-21,38530.0,8,6.87,0
CITY_178,plus,app,2023-04-02,34658.0,5,12.71,1
CITY_069,basic,app,2023-05-23,18718.0,13,14.43,0
CITY_077,plus,web,2023-09-09,18480.0,4,31.01,1
CITY_056,plus,app,2024-08-06,51423.0,8,17.58,0
CITY_149,plus,web,2023-04-21,24585.0,9,30.55,0
CITY_037,basic,web,2024-04-01,32083.0,5,12.63,1
CITY_023,basic,phone,2024-03-07,51489.0,3,11.5,0
CITY_121,pro,web,2023-07-24,55816.0,6,26.88,0
CITY_163,plus,phone,2024-06-21,55490.0,5,25.13,1
CITY_091,basic,web,2023-12-15,,7,57.89,0
CITY_029,pro,app,2023-09-10,15618.0,5,39.72,1
CITY_028,basic,web,2023-02-22,19725.0,6,67.01,1
CITY_066,basic,phone,2023-12-09,,4,17.08,1
CITY_152,plus,web,2023-05-18,33189.0,4,17.05,1
CITY_079,plus,web,2023-10-17,25256.0,6,11.41,0
CITY_164,basic,app,2024-04-28,23014.0,10,15.96,0
CITY_086,basic,app,2023-11-08,,4,11.22,0
CITY_006,plus,web,2024-02-27,36281.0,7,9.06,0
CITY_089,basic,app,2023-01-28,33444.0,5,26.72,0
CITY_011,pro,web,2024-11-15,,6,9.83,1
CITY_052,plus,app,2024-02-27,47803.0,8,51.93,0
CITY_136,basic,app,2024-06-25,14316.0,6,28.04,0
CITY_020,basic,phone,2023-03-02,27855.0,2,8.16,0
CITY_089,basic,web,2024-01-15,25522.0,6,12.17,1
CITY_136,basic,phone,2024-11-02,35231.0,5,18.69,0
CITY_115,basic,web,2023-10-14,38857.0,3,18.13,0
CITY_164,basic,web,2023-06-14,19775.0,7,76.09,1
CITY_161,basic,web,2024-01-04,24037.0,7,19.83,1
CITY_009,basic,app,2023-04-18,55324.0,12,15.18,0
CITY_079,basic,web,2024-05-12,,5,17.47,0
CITY_029,basic,web,2024-06-27,21349.0,6,20.45,0
CITY_054,basic,web,2024-01-17,15960.0,5,45.61,1
CITY_006,plus,app,2023-11-25,27333.0,3,27.08,0
CITY_132,basic,app,2023-04-05,18615.0,5,41.53,0
CITY_135,basic,app,2023-10-07,25570.0,6,21.1,0
CITY_144,basic,app,2023-06-05,42748.0,4,20.85,0
CITY_096,pro,app,2023-08-30,22122.0,6,18.48,0
CITY_044,plus,web,2024-04-28,31504.0,6,11.83,1
CITY_099,basic,web,2023-03-21,14869.0,10,19.41,0
CITY_132,plus,web,2024-09-19,51694.0,6,26.66,0
CITY_149,basic,web,2023-03-21,,5,22.81,0
CITY_150,basic,web,2023-01-12,13960.0,5,12.6,1
CITY_166,basic,web,2024-12-18,22993.0,8,17.16,1
CITY_049,plus,web,2023-06-08,11778.0,5,35.91,1
CITY_058,pro,app,2024-07-22,15556.0,7,22.09,0
CITY_147,basic,web,2023-06-14,19215.0,3,23.91,0
CITY_112,pro,web,2023-04-11,13743.0,7,11.58,0
CITY_126,pro,web,2023-07-05,40288.0,4,37.93,0
CITY_096,plus,web,2024-03-11,67272.0,2,6.57,1
CITY_066,plus,web,2024-08-27,39057.0,6,20.04,0
CITY_064,basic,web,2024-07-07,12283.0,7,38.32,0
CITY_069,basic,app,2024-09-05,58688.0,7,34.22,0
CITY_070,basic,app,2023-08-23,32462.0,7,24.44,1
CITY_118,pro,app,2024-09-06,43758.0,4,12.55,0
CITY_094,pro,app,2024-05-04,31316.0,6,21.33,0
CITY_036,pro,web,2023-06-08,79244.0,5,49.29,0
CITY_087,plus,app,2023-08-19,13377.0,13,28.66,1
CITY_013,basic,app,2024-01-22,37705.0,5,22.44,1
CITY_023,basic,app,2023-10-07,19821.0,7,13.6,0
CITY_003,basic,web,2024-02-08,11305.0,5,18.5,1
CITY_000,basic,app,2023-11-05,24115.0,9,10.78,1
CITY_001,pro,app,2024-02-02,30378.0,10,17.35,0
CITY_178,basic,app,2023-12-11,11427.0,10,44.46,1
CITY_115,basic,web,2023-10-30,10374.0,2,42.12,0
CITY_171,basic,web,2024-05-06,35276.0,9,18.98,0
CITY_115,pro,web,2024-10-14,14273.0,5,41.35,1
CITY_151,basic,web,2024-05-12,,7,11.12,1
CITY_072,basic,phone,2024-06-24,15498.0,4,42.0,1
CITY_003,basic,web,2024-04-09,43183.0,6,31.44,1
CITY_044,basic,web,2024-04-27,14827.0,6,22.81,0
CITY_010,plus,web,2023-01-12,40036.0,2,20.69,0
CITY_116,plus,app,2023-10-21,,4,12.46,0
CITY_176,basic,phone,2024-08-26,76327.0,4,20.98,0
CITY_094,basic,app,2023-04-29,17831.0,11,30.25,1
CITY_106,basic,app,2023-06-10,13067.0,5,61.32,1
CITY_017,basic,app,2024-05-26,26896.0,6,140.36,1
CITY_105,plus,web,2023-01-02,23977.0,8,10.34,1
CITY_034,basic,web,2024-12-12,161426.0,5,22.86,1
CITY_073,basic,phone,2024-10-20,19833.0,7,28.35,1
CITY_040,plus,phone,2023-05-19,33373.0,6,26.77,0
CITY_140,plus,app,2024-07-31,20205.0,8,26.23,0
CITY_094,plus,app,2023-08-03,23035.0,6,11.02,0
CITY_038,plus,app,2024-10-17,37542.0,1,23.54,1
CITY_063,plus,web,2024-09-25,7460.0,7,18.97,0
CITY_078,basic,app,2024-05-02,,4,36.24,0
CITY_074,basic,phone,2023-03-18,12802.0,5,19.66,1
CITY_070,pro,phone,2023-03-01,14297.0,9,60.89,1
CITY_042,plus,phone,2024-07-11,,6,22.69,1
CITY_148,basic,app,2024-08-19,69838.0,4,49.93,1
CITY_008,basic,phone,2024-08-05,50342.0,8,11.71,0
CITY_102,plus,web,2024-06-07,25134.0,5,51.86,1
CITY_094,basic,app,2024-09-28,7174.0,7,13.89,0
CITY_107,basic,web,2023-08-18,45299.0,4,17.03,0
CITY_110,plus,web,2024-07-24,27014.0,9,85.18,1
CITY_068,basic,web,2023-08-21,40269.0,9,26.37,1
CITY_048,basic,app,2024-07-31,33719.0,3,8.91,1
CITY_177,pro,web,2023-12-31,20037.0,4,36.2,1
CITY_082,basic,app,2024-10-10,20814.0,7,18.18,0
CITY_167,basic,web,2023-03-23,30338.0,6,17.73,1
CITY_153,plus,app,2023-07-06,22370.0,4,36.24,0
CITY_073,plus,app,2024-12-11,,7,14.12,1
CITY_162,plus,web,2023-01-08,13468.0,3,15.65,0
CITY_065,plus,app,2024-06-17,23735.0,5,36.51,0
CITY_155,basic,app,2024-10-16,13838.0,5,43.29,1
CITY_142,basic,web,2024-10-12,26026.0,11,16.23,1
CITY_028,basic,phone,2024-06-02,,6,40.04,1
CITY_002,plus,web,2024-09-21,,4,11.8,0
CITY_076,basic,web,2024-06-13,34748.0,3,70.92,0
CITY_088,pro,web,2024-04-24,33114.0,7,5.72,0
CITY_150,plus,app,2023-06-12,42721.0,7,44.18,0
CITY_177,plus,app,2023-08-30,,7,24.35,1
CITY_039,basic,web,2023-01-26,7758.0,0,27.11,0
CITY_076,basic,web,2023-07-04,24948.0,13,20.62,0
CITY_171,basic,web,2024-09-19,,7,37.39,1
CITY_078,plus,app,2023-07-24,29990.0,8,17.44,0
CITY_126,basic,web,2024-05-26,38522.0,4,25.67,0
CITY_110,basic,app,2024-12-23,8952.0,11,34.44,1
CITY_040,plus,web,2023-05-02,19810.0,6,20.2,1
CITY_070,plus,app,2023-08-03,45531.0,10,16.44,0
CITY_014,pro,app,2023-02-01,29162.0,6,42.69,0
CITY_132,basic,web,2024-08-13,32556.0,6,35.14,0
CITY_178,basic,app,2024-06-27,27977.0,3,17.52,0
CITY_046,basic,web,2024-02-23,51400.0,3,128.4,1
CITY_153,pro,web,2024-04-18,18681.0,8,34.73,0
CITY_013,plus,app,2024-01-23,32463.0,6,24.9,0
CITY_158,basic,phone,2024-09-20,18880.0,7,31.28,1
CITY_123,basic,phone,2023-07-04,21122.0,8,24.91,1
CITY_133,basic,phone,2024-01-20,,9,52.07,1
CITY_063,plus,web,2024-10-07,39697.0,8,7.9,0
CITY_030,basic,app,2024-06-04,10443.0,7,5.41,0
CITY_117,plus,web,2024-02-27,23382.0,8,18.23,0
CITY_061,basic,web,2024-06-18,35869.0,14,8.1,0
CITY_036,plus,app,2024-07-08,32385.0,6,20.84,1
CITY_177,basic,web,2023-10-17,28383.0,11,18.93,1
CITY_072,basic,web,2024-01-22,22159.0,4,51.61,1
CITY_164,basic,app,2023-01-04,15971.0,5,42.51,1
CITY_072,plus,app,2024-12-29,,4,54.21,1
CITY_115,basic,phone,2023-06-14,30461.0,4,70.98,1
CITY_100,plus,web,2024-09-15,12254.0,8,6.15,0
CITY_077,plus,phone,2023-12-06,47613.0,3,9.67,1
CITY_065,basic,web,2024-09-25,,5,26.64,1
CITY_009,plus,app,2024-12-16,28439.0,11,38.95,1
CITY_170,plus,app,2023-05-31,,8,9.8,0
CITY_002,basic,app,2023-02-24,19978.0,7,88.65,0
CITY_124,plus,app,2024-12-29,33529.0,6,10.15,0
CITY_149,basic,app,2023-07-02,23525.0,5,24.66,0
CITY_154,plus,web,2023-11-08,13026.0,6,8.09,0
CITY_069,basic,web,2023-07-09,23393.0,6,14.0,0
CITY_094,plus,phone,2024-07-27,11796.0,5,22.8,1
CITY_164,basic,app,2024-08-29,15650.0,4,13.27,0
CITY_097,basic,web,2024-02-20,22611.0,6,36.65,1
CITY_075,basic,web,2024-07-10,43397.0,7,9.62,0
CITY_007,basic,web,2024-05-18,31038.0,6,11.94,1
CITY_127,basic,app,2024-02-24,26872.0,6,20.47,0
CITY_148,plus,app,2023-06-03,,2,42.49,0
CITY_109,plus,web,2024-05-15,38243.0,12,15.54,0
CITY_138,pro,app,2023-05-31,28719.0,3,22.76,0
CITY_089,basic,web,2023-11-04,11833.0,7,62.44,1
CITY_121,plus,app,2023-03-23,39416.0,8,28.54,0
CITY_085,plus,web,2024-11-17,33445.0,7,9.97,0
CITY_136,plus,phone,2023-06-28,24725.0,10,11.12,0
CITY_042,basic,web,2024-11-05,33833.0,4,7.05,1
CITY_014,basic,app,2023-02-11,11199.0,5,5.86,0
CITY_011,basic,app,2023-05-05,22303.0,4,23.36,0
CITY_083,plus,web,2024-02-04,12471.0,4,14.4,1
CITY_118,basic,app,2024-04-01,22671.0,7,77.29,1
CITY_167,basic,app,2023-05-31,56758.0,7,10.34,1
CITY_018,plus,app,2024-11-17,52922.0,5,18.57,0
CITY_152,pro,web,2024-06-11,38755.0,5,10.61,0
CITY_087,basic,app,2023-11-13,46039.0,4,24.88,0
CITY_022,basic,web,2023-10-08,51478.0,11,32.89,0
CITY_038,basic,app,2023-04-13,28999.0,3,9.5,1
CITY_129,basic,phone,2023-05-17,,8,25.79,1
CITY_102,basic,web,2023-08-22,,8,9.32,0
CITY_103,plus,web,2023-06-12,40219.0,5,12.99,0
CITY_155,basic,app,2023-01-28,,7,31.13,0
CITY_148,plus,phone,2023-09-18,50000.0,4,14.81,1
CITY_148,pro,web,2023-01-10,61703.0,6,36.75,1
CITY_073,plus,phone,2024-06-05,16351.0,8,43.6,0
CITY_114,pro,app,2024-04-12,,4,44.49,1
CITY_012,basic,web,2023-11-17,43922.0,9,21.32,0
CITY_041,basic,web,2023-04-19,23583.0,5,59.92,1
CITY_076,plus,app,2024-05-23,25117.0,7,12.86,1
CITY_121,pro,app,2024-07-24,54618.0,5,7.59,0
CITY_172,basic,app,2023-04-21,65349.0,6,21.16,0
CITY_093,basic,app,2023-10-12,14084.0,11,10.17,1
CITY_135,plus,app,2023-12-25,12008.0,4,11.59,0
CITY_073,basic,web,2023-12-15,17909.0,10,14.71,1
CITY_031,basic,web,2023-10-23,10470.0,7,16.47,0
CITY_107,basic,phone,2023-11-03,11466.0,3,23.78,1
CITY_076,plus,app,2024-08-23,60801.0,4,11.63,0
CITY_111,plus,web,2024-11-04,13136.0,8,6.53,0
CITY_122,plus,web,2023-02-21,17943.0,5,12.21,0
CITY_011,plus,app,2023-07-31,26478.0,7,26.04,0
CITY_173,plus,phone,2024-09-04,14097.0,7,21.26,1
CITY_001,basic,web,2024-01-05,,4,24.86,0
CITY_166,plus,app,2023-10-30,13459.0,4,21.8,0
CITY_111,plus,app,2024-05-30,19678.0,7,14.22,1
CITY_049,basic,web,2024-06-06,27882.0,3,13.65,0
CITY_138,basic,web,2024-08-23,,8,24.65,0
CITY_049,basic,web,2024-02-16,14551.0,8,9.59,1
CITY_159,pro,app,2023-09-15,40433.0,1,16.21,0
CITY_047,plus,web,2024-05-13,15938.0,3,24.05,1
CITY_131,basic,app,2023-04-10,25024.0,1,29.86,1
CITY_099,basic,phone,2024-03-19,20307.0,4,36.09,1
CITY_162,basic,app,2023-01-03,50714.0,9,67.03,0
CITY_075,plus,app,2024-03-13,73689.0,2,30.78,0
CITY_141,basic,app,2024-10-09,,6,13.85,1
CITY_115,plus,app,2024-12-01,13335.0,5,10.44,1
CITY_119,basic,web,2024-07-27,39485.0,9,12.74,0
CITY_015,plus,app,2023-07-18,25879.0,2,27.23,1
CITY_131,basic,app,2024-06-02,17830.0,5,27.07,1
CITY_104,basic,app,2024-10-31,16197.0,8,31.66,0
CITY_098,basic,web,2023-07-15,45112.0,6,37.35,0
CITY_152,plus,app,2024-06-19,28887.0,5,54.1,1
CITY_039,basic,app,2023-09-02,7113.0,4,13.75,1
CITY_104,basic,app,2023-03-02,24545.0,4,48.06,0
CITY_005,pro,web,2023-10-02,35286.0,5,100.32,1
CITY_143,plus,web,2024-07-24,19283.0,10,22.06,0
CITY_127,basic,web,2023-04-25,36653.0,5,40.34,0
CITY_117,plus,web,2023-12-10,23775.0,11,23.91,1
CITY_071,basic,app,2023-05-31,38645.0,4,21.29,1
CITY_176,basic,app,2024-03-03,42087.0,5,44.55,0
CITY_046,basic,web,2023-05-21,25053.0,5,15.27,0
CITY_126,basic,web,2023-02-06,31173.0,3,8.0,0
CITY_070,basic,phone,2024-12-23,71360.0,4,27.0,0
CITY_108,basic,app,2023-06-06,25360.0,5,64.23,1
CITY_143,basic,app,2023-10-05,7018.0,6,18.79,1
CITY_162,basic,app,2023-04-02,12228.0,4,13.68,1
CITY_052,plus,app,2024-06-06,22445.0,7,7.58,0
CITY_166,plus,app,2023-02-26,12389.0,7,25.14,0
CITY_093,pro,app,2024-10-06,82854.0,4,24.89,1
CITY_048,plus,web,2023-06-09,17713.0,7,31.54,1
CITY_038,plus,phone,2023-05-07,11688.0,7,8.64,1
CITY_058,basic,web,2024-04-19,39124.0,4,71.06,1
CITY_038,basic,phone,2023-03-11,26038.0,7,27.3,0
CITY_174,basic,web,2023-08-01,50995.0,6,23.86,0
CITY_082,basic,app,2023-09-25,47322.0,8,5.19,0
CITY_163,pro,web,2024-10-17,29653.0,6,52.01,0
CITY_135,basic,web,2024-01-25,21954.0,13,4.85,0
CITY_132,pro,web,2024-08-30,26205.0,4,25.2,1
CITY_149,basic,app,2024-04-05,7666.0,7,27.89,0
CITY_062,basic,app,2023-11-02,19835.0,1,18.89,1
CITY_059,basic,phone,2024-02-23,29470.0,5,24.09,0
CITY_096,basic,app,2023-12-20,17664.0,6,9.28,0
CITY_168,basic,app,2024-07-18,40350.0,11,11.92,0
CITY_132,plus,phone,2024-05-22,42529.0,4,30.46,0
CITY_121,basic,app,2024-12-21,19293.0,8,30.0,0
CITY_022,plus,app,2024-09-06,35432.0,6,6.57,0
CITY_151,plus,web,2023-04-13,30949.0,8,84.57,1
CITY_084,basic,app,2023-03-04,22019.0,5,19.25,0
CITY_097,basic,app,2023-03-10,19834.0,7,102.62,1
CITY_091,basic,app,2024-10-28,48450.0,5,82.23,1
CITY_115,basic,web,2023-02-21,63637.0,6,41.42,1
CITY_054,plus,app,2023-09-04,26693.0,10,9.72,0
CITY_014,basic,web,2024-11-02,27037.0,15,21.91,0
CITY_089,basic,web,2023-04-26,52630.0,8,27.15,0
CITY_053,pro,phone,2024-07-26,23401.0,7,61.94,1
CITY_053,plus,web,2024-03-15,18909.0,5,41.23,0
CITY_061,plus,phone,2023-08-25,49657.0,8,5.04,1
CITY_067,basic,web,2024-02-06,22697.0,10,46.64,0
CITY_141,basic,web,2023-06-19,36457.0,5,7.57,0
CITY_008,plus,web,2024-05-03,30668.0,5,4.73,1
CITY_082,pro,app,2023-05-19,32137.0,4,30.62,0
CITY_127,plus,web,2023-04-18,57704.0,9,41.2,0
CITY_121,plus,web,2023-01-14,74092.0,11,25.07,0
CITY_129,plus,app,2024-07-19,29890.0,9,27.23,0
CITY_010,plus,web,2023-08-05,20971.0,11,17.53,0
CITY_141,plus,app,2024-05-17,,8,12.55,0
CITY_077,plus,app,2023-05-08,36866.0,6,19.81,0
CITY_136,plus,app,2023-08-06,31542.0,10,17.64,0
CITY_000,pro,web,2023-04-10,46505.0,7,23.35,0
CITY_004,pro,app,2023-02-15,31738.0,4,21.98,0
CITY_003,pro,web,2023-06-18,13192.0,6,14.19,1
CITY_127,basic,phone,2023-08-14,114670.0,5,13.29,1
CITY_077,basic,app,2024-12-04,,7,8.97,1
CITY_065,plus,phone,2024-08-31,46828.0,7,15.46,0
CITY_101,plus,web,2023-03-29,12719.0,10,13.86,1
CITY_093,basic,app,2023-10-04,22289.0,9,10.93,0
CITY_006,basic,web,2023-02-05,,6,91.95,1
CITY_139,plus,app,2024-05-30,59890.0,4,60.23,0
CITY_112,basic,web,2024-08-17,,3,19.99,1
CITY_076,basic,app,2023-09-28,39280.0,5,28.79,0
CITY_143,basic,web,2023-07-27,15474.0,4,30.56,1
CITY_030,basic,web,2023-09-29,24420.0,4,15.31,0
CITY_176,pro,web,2024-07-25,24279.0,7,45.89,1
CITY_110,basic,web,2024-01-27,31023.0,8,42.19,0
CITY_072,plus,app,2023-01-30,57370.0,7,58.21,1
CITY_158,pro,web,2023-04-28,23523.0,5,70.35,0
CITY_151,pro,web,2024-01-14,31343.0,4,16.42,1
CITY_058,basic,web,2024-11-15,71746.0,6,24.71,1
CITY_003,basic,web,2024-12-25,19540.0,10,4.05,0
CITY_166,plus,web,2023-11-14,68545.0,6,20.25,0
CITY_119,basic,web,2024-04-30,,8,40.01,0
CITY_154,basic,web,2024-12-21,71127.0,5,39.99,0
CITY_080,pro,web,2023-03-01,,3,80.84,1
CITY_139,plus,app,2023-10-21,24585.0,4,35.96,0
CITY_131,plus,app,2023-08-14,27193.0,5,10.58,1
CITY_146,plus,web,2024-05-17,35074.0,8,33.83,0
CITY_153,basic,web,2024-11-18,12627.0,6,15.72,1
CITY_143,pro,phone,2024-09-21,45020.0,5,11.28,0
CITY_098,plus,phone,2023-09-21,11966.0,3,17.89,1
CITY_082,basic,app,2023-10-26,50793.0,3,35.68,0
CITY_032,plus,app,2023-01-10,28320.0,4,41.53,1
CITY_018,basic,web,2024-06-04,14041.0,9,23.6,0
CITY_177,pro,web,2024-07-30,65178.0,9,65.09,0
CITY_148,pro,web,2023-06-25,32254.0,7,8.49,1
CITY_052,basic,app,2024-03-11,53310.0,6,30.59,0
CITY_152,basic,web,2023-03-31,50063.0,3,41.32,0
CITY_073,basic,web,2024-02-14,19219.0,3,15.05,0
CITY_032,basic,web,2023-04-09,116896.0,6,66.28,1
CITY_122,basic,web,2023-04-04,15839.0,4,107.04,1
CITY_050,basic,app,2023-04-24,27609.0,11,103.8,0
CITY_033,basic,web,2023-12-30,13845.0,4,91.75,1
CITY_113,plus,app,2023-06-18,44111.0,5,21.81,0
CITY_016,basic,phone,2024-11-02,40975.0,11,21.04,0
CITY_106,basic,app,2023-02-23,10278.0,6,24.61,1
CITY_043,basic,web,2023-07-23,17841.0,3,35.22,1
CITY_063,basic,web,2024-05-07,59143.0,4,16.74,1
CITY_124,pro,app,2024-08-08,32533.0,8,39.02,0
CITY_141,plus,web,2024-02-09,16524.0,4,22.31,1
CITY_166,plus,web,2024-11-29,,11,22.9,0
CITY_001,basic,app,2023-03-10,14497.0,5,56.71,0
CITY_012,plus,app,2023-01-02,,3,41.38,0
CITY_027,pro,phone,2024-11-09,25247.0,9,14.58,0
CITY_054,basic,app,2023-03-17,30380.0,5,66.87,1
CITY_062,basic,phone,2024-06-29,24480.0,4,12.05,1
CITY_000,plus,web,2023-12-06,42839.0,6,41.97,0
CITY_001,plus,app,2024-02-20,27244.0,9,22.43,1
CITY_107,basic,web,2023-09-29,50791.0,3,6.73,0
CITY_164,basic,web,2024-12-23,37272.0,8,72.03,1
CITY_041,basic,app,2023-05-02,39898.0,4,7.94,0
CITY_067,basic,app,2024-07-09,27646.0,6,37.64,0
CITY_122,basic,app,2024-05-23,19176.0,4,20.97,1
CITY_013,plus,web,2024-10-24,33866.0,15,22.01,1
CITY_088,plus,web,2024-12-16,,7,16.6,0
CITY_048,basic,phone,2024-11-22,15472.0,7,24.05,1
CITY_114,basic,app,2023-05-01,21362.0,7,42.11,1
CITY_139,plus,web,2023-06-02,20466.0,6,25.94,0
CITY_125,basic,app,2023-05-02,69502.0,4,47.2,1
CITY_120,basic,web,2023-09-20,18084.0,5,25.38,1
CITY_176,basic,app,2024-12-29,28756.0,2,15.1,0
CITY_035,basic,web,2024-04-29,36420.0,13,27.25,1
CITY_139,basic,app,2023-07-16,21592.0,6,31.97,0
CITY_108,basic,web,2023-11-06,14472.0,8,7.76,0
CITY_068,basic,app,2023-03-25,42720.0,1,18.67,1
CITY_110,plus,app,2023-11-08,29845.0,6,9.27,1
CITY_099,basic,app,2023-07-08,24789.0,11,38.36,1
CITY_030,basic,phone,2023-06-02,12583.0,6,16.11,0
CITY_045,basic,app,2024-08-19,13466.0,6,37.78,1
CITY_164,pro,web,2024-08-07,50429.0,11,20.04,1
CITY_058,basic,web,2024-05-19,43213.0,6,29.39,1
CITY_078,pro,web,2024-12-07,29585.0,6,18.29,0
CITY_090,basic,web,2023-02-27,,9,23.14,0
CITY_011,plus,app,2024-09-21,9348.0,3,13.92,0
CITY_018,basic,app,2023-10-13,67772.0,2,46.01,0
CITY_025,plus,app,2024-12-27,,4,31.97,1
CITY_123,plus,phone,2024-09-23,40850.0,3,50.67,0
CITY_045,basic,web,2024-07-25,,7,52.0,1
CITY_044,basic,app,2024-01-30,23189.0,7,27.68,1
CITY_147,plus,app,2023-04-11,20721.0,6,41.07,0
CITY_120,pro,web,2023-12-02,,6,48.99,0
CITY_084,basic,app,2023-05-29,,5,14.28,1
CITY_067,pro,app,2023-01-16,19307.0,8,39.63,0
CITY_179,basic,app,2024-04-12,32821.0,6,8.22,0
CITY_012,plus,web,2024-04-24,24796.0,9,30.4,0
CITY_059,basic,app,2023-09-13,21242.0,7,16.47,0
CITY_164,plus,web,2024-06-07,18437.0,7,105.97,1
CITY_051,plus,web,2024-03-22,57874.0,5,39.06,1
CITY_112,basic,app,2023-10-22,,6,22.49,1
CITY_052,basic,app,2024-08-26,15938.0,9,17.56,0
CITY_080,plus,app,2023-03-29,50332.0,6,75.15,0
CITY_069,basic,web,2023-10-03,21833.0,6,15.9,1
CITY_020,plus,app,2023-10-26,46779.0,4,48.95,0
CITY_075,basic,app,2024-08-30,36639.0,7,38.38,0
CITY_118,basic,web,2023-02-28,100345.0,2,26.18,0
CITY_177,basic,web,2024-07-26,26122.0,5,10.6,0
CITY_177,basic,web,2023-12-22,35388.0,10,20.2,0
CITY_127,plus,app,2023-03-26,29221.0,8,37.19,0
CITY_121,basic,web,2023-11-19,41715.0,3,13.75,1
CITY_081,basic,web,2023-11-11,30474.0,6,37.34,0
CITY_136,plus,web,2023-02-10,33711.0,4,36.17,1
CITY_039,plus,app,2023-04-20,46725.0,9,49.45,1
CITY_152,basic,app,2023-05-28,,8,26.85,1
CITY_136,basic,web,2024-03-11,10477.0,7,16.27,1
CITY_161,pro,app,2024-03-02,,7,14.48,0
CITY_102,basic,app,2023-05-11,20292.0,5,35.98,1
CITY_029,basic,app,2023-10-01,13544.0,4,8.62,0
CITY_092,plus,app,2023-09-09,17149.0,7,30.34,1
CITY_040,basic,app,2023-12-30,23372.0,10,38.75,1
CITY_097,plus,web,2024-04-25,57009.0,5,23.46,0
CITY_125,plus,web,2024-06-23,41504.0,6,4.88,0
CITY_079,basic,web,2023-10-16,21264.0,4,4.07,1
CITY_101,pro,web,2024-05-03,14386.0,12,18.86,1
CITY_136,basic,web,2024-02-10,35637.0,7,16.94,1
CITY_026,plus,app,2023-10-10,19390.0,2,34.77,1
CITY_032,plus,phone,2024-05-21,39548.0,6,19.64,1
CITY_014,plus,web,2023-02-15,47830.0,7,17.65,0
CITY_004,basic,phone,2024-09-19,33239.0,3,10.39,1
CITY_147,basic,app,2023-08-28,41064.0,5,75.55,0
CITY_107,basic,app,2024-06-18,25955.0,6,20.9,0
CITY_089,plus,web,2023-11-11,19232.0,5,9.52,1
CITY_144,plus,app,2024-03-30,71162.0,4,53.74,0
CITY_148,basic,web,2024-03-27,58119.0,10,51.25,1
CITY_106,basic,web,2023-02-19,87930.0,10,141.15,1
CITY_160,basic,app,2023-09-12,,6,18.6,0
CITY_094,basic,web,2024-11-14,15282.0,6,16.27,0
CITY_047,basic,web,2024-12-03,25456.0,7,40.24,0
CITY_160,plus,app,2024-11-12,39563.0,10,26.89,0
CITY_119,basic,web,2024-01-25,,5,11.0,0
CITY_039,plus,app,2024-10-26,36672.0,6,12.03,0
CITY_019,basic,app,2023-10-08,52308.0,6,13.0,0
CITY_141,basic,phone,2023-05-30,48779.0,5,89.33,1
CITY_134,basic,web,2024-03-09,17270.0,4,11.61,1
CITY_060,plus,app,2023-01-30,,7,23.11,1
CITY_095,basic,app,2024-02-27,15165.0,9,30.62,1
CITY_097,plus,web,2024-01-26,32565.0,8,15.26,0
CITY_171,basic,app,2024-02-19,66724.0,7,12.45,0
CITY_060,plus,web,2023-06-05,28037.0,6,17.82,1
CITY_002,plus,phone,2023-03-17,21996.0,11,11.11,0
CITY_055,plus,web,2023-07-09,13036.0,4,19.33,0
CITY_161,plus,web,2023-01-21,,10,25.76,0
CITY_020,pro,app,2024-03-03,46569.0,9,62.05,1
CITY_015,basic,app,2023-10-18,57469.0,7,11.21,1
CITY_026,plus,app,2023-10-02,16296.0,2,24.38,1
CITY_023,plus,web,2023-09-09,36381.0,6,85.48,1
CITY_153,basic,app,2024-01-19,25372.0,2,25.42,1
CITY_117,pro,web,2023-02-27,,3,16.96,0
CITY_167,plus,web,2024-02-17,63644.0,5,27.62,0
CITY_027,basic,web,2024-01-04,,7,13.64,1
CITY_136,basic,web,2024-02-14,18506.0,2,6.29,1
CITY_137,plus,web,2024-01-22,38670.0,6,62.56,1
CITY_066,pro,web,2024-08-12,,8,7.65,1
CITY_089,basic,phone,2024-11-28,19941.0,8,8.26,0
CITY_154,basic,web,2024-12-27,20390.0,4,25.09,1
CITY_031,plus,web,2024-03-01,18958.0,10,28.91,1
CITY_142,plus,web,2024-12-10,16385.0,7,37.58,0
CITY_175,plus,app,2024-07-21,32790.0,4,11.07,0
CITY_123,plus,web,2023-01-26,18481.0,3,24.67,1
CITY_124,basic,app,2024-11-01,36453.0,5,35.46,1
CITY_061,pro,app,2024-06-28,29370.0,10,32.92,0
CITY_096,basic,web,2024-11-16,39193.0,4,13.31,1
CITY_155,plus,web,2023-06-10,14181.0,9,13.71,0
CITY_041,basic,web,2023-05-22,31294.0,10,7.32,1
CITY_105,basic,web,2023-08-18,12838.0,10,40.47,0
CITY_060,plus,web,2024-01-05,26277.0,13,18.08,0
CITY_126,plus,web,2023-10-04,17981.0,3,24.51,0
CITY_136,plus,web,2024-05-20,20771.0,5,14.8,0
CITY_087,plus,web,2023-12-23,,5,41.4,1
CITY_116,basic,web,2024-10-31,23873.0,8,11.81,0
CITY_116,pro,web,2023-09-28,12936.0,7,25.61,0
CITY_116,plus,app,2024-07-11,23411.0,7,40.02,1
CITY_178,basic,web,2024-04-27,29342.0,7,17.49,1
CITY_068,plus,web,2024-10-14,35197.0,4,11.26,0
CITY_100,basic,phone,2023-02-03,,2,20.78,0
CITY_070,plus,app,2024-07-10,12938.0,8,23.73,1
CITY_113,basic,web,2024-04-01,21992.0,9,20.65,0
CITY_024,basic,web,2023-05-09,20076.0,6,19.72,0
CITY_017,plus,web,2023-10-29,24388.0,6,15.66,0
CITY_112,basic,web,2024-10-20,30272.0,9,17.42,1
CITY_082,plus,web,2024-07-31,8355.0,6,20.71,1
CITY_061,pro,web,2024-07-07,24377.0,6,12.75,0
CITY_156,basic,app,2024-10-18,14537.0,4,29.36,1
CITY_129,pro,phone,2024-03-18,20543.0,4,30.29,1
CITY_106,basic,web,2024-01-12,46321.0,5,21.82,0
CITY_170,basic,app,2023-02-15,9127.0,5,19.02,1
CITY_035,basic,app,2024-08-31,16825.0,5,18.64,0
CITY_152,pro,web,2023-09-18,24984.0,4,21.66,0
CITY_094,basic,app,2023-09-04,,6,20.25,1
CITY_155,plus,web,2024-08-17,98486.0,8,36.01,0
CITY_055,basic,app,2023-08-24,36446.0,8,45.12,0
CITY_154,basic,app,2024-08-13,37112.0,9,22.09,0
CITY_049,basic,web,2023-10-26,19210.0,6,49.14,1
CITY_071,basic,app,2023-04-01,15675.0,6,25.08,1
CITY_037,plus,app,2024-06-08,24131.0,10,32.34,0
CITY_012,basic,web,2024-02-12,10480.0,2,15.7,1
CITY_168,pro,web,2024-06-27,33257.0,7,39.81,0
CITY_022,basic,web,2024-04-04,22692.0,11,33.61,0
CITY_103,pro,web,2024-05-30,47724.0,1,131.4,1
CITY_056,plus,web,2024-06-12,24793.0,10,145.52,0
CITY_091,plus,web,2024-12-28,25829.0,6,8.31,0
CITY_054,basic,app,2023-06-14,14589.0,8,16.83,0
CITY_097,pro,web,2024-03-08,15346.0,3,28.9,0
CITY_166,basic,app,2023-09-28,13108.0,10,26.28,0
CITY_093,pro,app,2024-07-13,34175.0,2,87.33,1
CITY_125,plus,app,2024-11-08,38248.0,4,30.88,1
CITY_140,basic,app,2024-07-12,17550.0,7,12.8,0
CITY_082,basic,app,2024-05-26,27059.0,7,10.24,1
CITY_067,plus,phone,2024-07-05,14192.0,3,13.08,0
CITY_155,basic,app,2024-12-03,10389.0,11,40.43,1
CITY_053,plus,web,2024-10-20,,5,27.81,1
CITY_144,basic,web,2023-11-23,25652.0,2,31.34,0
CITY_058,basic,web,2023-04-14,40962.0,3,11.67,1
CITY_051,basic,web,2024-09-24,42011.0,8,18.65,0
CITY_057,basic,app,2024-05-07,36219.0,7,83.9,1
CITY_006,plus,web,2024-08-13,18790.0,4,19.01,0
CITY_162,plus,web,2023-03-15,35186.0,8,15.76,0
CITY_056,basic,web,2024-06-19,35501.0,6,24.51,0
CITY_096,pro,phone,2024-10-10,41442.0,12,3.6,0
CITY_059,basic,web,2023-05-19,,5,11.51,0
CITY_171,plus,app,2024-10-09,,7,11.51,1
CITY_008,plus,web,2023-11-17,14679.0,5,16.19,1
CITY_115,plus,app,2024-03-11,29942.0,3,47.02,1
CITY_171,basic,web,2023-10-07,34126.0,3,26.36,1
CITY_035,basic,web,2024-02-15,18391.0,7,16.48,0
CITY_090,basic,app,2023-10-15,,6,27.59,0
CITY_139,basic,web,2023-04-04,32746.0,4,13.03,0
CITY_044,pro,web,2024-07-25,19850.0,2,23.32,0
CITY_099,plus,app,2024-05-11,15109.0,6,27.14,0
CITY_138,basic,web,2023-03-09,16397.0,8,24.64,0
CITY_092,basic,web,2024-03-22,44305.0,5,29.02,1
CITY_030,basic,web,2023-09-06,15088.0,4,22.18,0
CITY_020,basic,app,2023-08-15,55926.0,3,25.18,1
CITY_163,basic,app,2023-07-11,16324.0,9,3.4,1
CITY_161,basic,web,2024-05-12,30467.0,9,19.4,1
CITY_036,basic,web,2024-06-10,12607.0,5,41.13,0
CITY_091,basic,web,2024-10-23,,7,22.76,1
CITY_127,plus,app,2023-05-27,85251.0,7,28.19,0
CITY_024,plus,web,2024-09-04,48774.0,8,19.78,1
CITY_032,pro,web,2023-02-12,60732.0,7,52.01,0
CITY_018,plus,app,2024-12-08,44783.0,5,19.6,0
CITY_070,plus,app,2023-11-15,100251.0,9,12.71,0
CITY_132,pro,web,2023-04-01,23806.0,6,27.71,0
CITY_036,plus,web,2023-06-29,56674.0,10,26.36,0
CITY_066,plus,web,2024-07-21,31266.0,6,11.43,1
CITY_142,plus,phone,2023-04-11,23521.0,4,25.96,1
CITY_114,plus,app,2024-06-11,67390.0,9,12.6,0
CITY_152,plus,web,2024-07-02,56960.0,6,13.64,1
CITY_002,basic,web,2024-01-08,28518.0,3,9.39,0
CITY_071,basic,app,2023-06-08,,3,22.38,1
CITY_079,basic,web,2024-09-23,18564.0,5,19.96,1
CITY_023,pro,web,2023-01-16,13858.0,7,17.37,1
CITY_045,plus,phone,2024-03-15,18547.0,13,15.45,0
CITY_088,plus,web,2023-06-29,72925.0,5,54.41,1
CITY_113,basic,web,2023-07-14,37650.0,11,13.59,0
CITY_060,basic,web,2023-12-11,41288.0,7,9.72,0
CITY_085,pro,web,2024-07-25,38724.0,6,26.05,0
CITY_169,basic,web,2023-02-07,43823.0,5,23.5,0
CITY_039,basic,web,2023-02-24,22008.0,4,9.52,0
CITY_113,pro,web,2023-09-29,45882.0,5,17.08,1
CITY_136,basic,web,2024-05-10,12098.0,3,40.49,1
CITY_026,plus,phone,2023-08-06,14359.0,5,21.48,1
CITY_122,basic,web,2024-03-16,22764.0,7,18.55,0
CITY_100,plus,phone,2024-08-07,41957.0,9,24.43,0
CITY_135,basic,web,2023-03-18,17821.0,2,46.67,1
CITY_094,basic,app,2024-11-04,23926.0,5,28.82,1
CITY_046,basic,web,2024-04-12,10985.0,8,24.19,0
CITY_120,basic,phone,2023-03-02,18770.0,4,18.45,0
CITY_060,plus,app,2024-09-04,28188.0,7,21.36,0
CITY_080,pro,app,2024-12-23,29197.0,4,20.37,0
CITY_036,basic,app,2024-03-29,23143.0,1,13.61,0
CITY_003,basic,web,2023-07-27,,11,17.06,0
CITY_087,basic,web,2023-03-29,19671.0,5,6.18,0
CITY_007,basic,app,2024-04-09,22134.0,7,54.6,1
CITY_142,plus,web,2024-09-11,,6,9.02,1
CITY_144,basic,web,2023-01-13,32950.0,6,6.73,1
CITY_103,basic,web,2023-08-24,14206.0,10,25.05,1
CITY_123,basic,web,2024-06-29,42466.0,4,18.78,0
CITY_093,basic,app,2024-10-08,43788.0,5,21.35,0
CITY_173,plus,web,2024-01-11,75991.0,4,30.53,0
CITY_163,basic,web,2024-12-30,38651.0,2,8.21,1
CITY_028,basic,web,2023-01-13,27122.0,10,7.25,0
CITY_079,plus,web,2023-02-26,68555.0,5,10.58,1
CITY_058,basic,phone,2024-01-28,27860.0,8,29.53,0
CITY_011,basic,app,2023-02-02,17847.0,7,20.7,0
CITY_076,plus,app,2024-03-16,36237.0,5,27.29,1
CITY_114,plus,app,2024-09-13,22832.0,7,15.39,0
CITY_167,basic,web,2024-06-26,30967.0,5,39.47,0
CITY_086,basic,web,2024-03-20,63253.0,9,16.03,0
CITY_102,basic,web,2023-02-02,42593.0,9,58.5,0
CITY_146,basic,web,2023-02-02,22387.0,7,16.1,0
CITY_076,basic,phone,2023-10-07,18272.0,1,7.72,1
CITY_038,pro,phone,2024-11-19,43129.0,5,9.76,0
CITY_067,basic,web,2024-05-19,18975.0,10,76.16,0
CITY_160,plus,app,2024-12-01,,8,14.36,1
CITY_023,basic,app,2023-03-28,38838.0,1,38.61,1
CITY_078,plus,app,2023-09-04,34252.0,5,14.36,1
CITY_061,plus,phone,2023-07-29,33152.0,2,21.6,1
CITY_055,plus,web,2023-05-02,40563.0,9,23.4,0
CITY_173,plus,phone,2023-04-24,24535.0,7,18.81,0
CITY_008,basic,web,2023-06-13,21386.0,8,41.71,1
CITY_172,pro,app,2023-03-13,62081.0,7,23.87,0
CITY_064,basic,web,2024-07-19,15169.0,5,16.84,0
CITY_130,basic,web,2024-06-12,53476.0,10,27.93,0
CITY_051,pro,web,2024-12-16,22733.0,6,10.51,0
CITY_158,plus,web,2024-06-20,48764.0,7,18.63,0
CITY_093,basic,app,2023-04-11,71966.0,11,44.48,0
CITY_156,basic,web,2024-05-09,,4,18.27,0
CITY_122,plus,app,2024-12-01,,8,67.65,1
CITY_089,basic,web,2023-07-21,29664.0,6,74.95,1
CITY_085,basic,app,2024-09-11,35842.0,3,58.17,1
CITY_107,basic,app,2023-07-11,21714.0,8,38.87,0
CITY_063,plus,app,2024-01-29,39769.0,5,8.01,0
CITY_156,basic,app,2023-08-14,9893.0,7,33.47,0
CITY_013,pro,app,2024-07-20,21498.0,8,22.03,0
CITY_145,basic,web,2024-07-04,18538.0,3,10.3,0
CITY_082,plus,app,2024-09-24,,4,4.98,1
CITY_142,basic,web,2023-08-12,27206.0,5,23.7,1
CITY_064,plus,app,2023-05-04,42065.0,8,19.05,1
CITY_071,plus,app,2024-09-23,25149.0,9,9.8,1
CITY_039,pro,web,2024-11-15,20592.0,5,17.75,1
CITY_167,basic,web,2024-10-12,49697.0,7,14.96,1
CITY_074,plus,web,2023-11-20,45545.0,4,57.94,0
CITY_075,plus,app,2023-08-20,35945.0,6,125.77,1
CITY_025,plus,web,2023-02-19,36427.0,6,7.02,1
CITY_033,basic,app,2024-12-18,17162.0,5,26.65,1
CITY_147,pro,phone,2024-08-11,45395.0,2,23.06,0
CITY_043,basic,web,2024-09-16,39659.0,5,47.81,0
CITY_059,pro,app,2023-06-29,30995.0,4,79.13,1
CITY_028,basic,web,2023-12-03,25707.0,4,52.87,1
CITY_095,basic,phone,2023-05-25,25026.0,8,27.02,0
CITY_018,basic,phone,2024-05-21,36122.0,10,23.71,1
CITY_132,basic,app,2023-01-21,24477.0,2,9.91,0
CITY_007,basic,app,2024-11-30,35649.0,10,23.95,1
CITY_179,plus,web,2024-12-03,20593.0,5,21.12,1
CITY_109,plus,web,2023-01-22,42864.0,8,29.23,1
CITY_064,plus,web,2024-03-24,36636.0,5,7.36,0
CITY_055,pro,web,2023-09-18,45106.0,4,23.91,1
CITY_097,pro,app,2023-01-25,22310.0,2,13.87,0
CITY_041,pro,app,2024-10-14,,6,14.26,0
CITY_066,plus,web,2023-12-13,,7,11.13,0
CITY_172,basic,web,2023-10-03,54467.0,8,26.14,0
CITY_167,plus,web,2024-02-11,26868.0,5,11.78,0
CITY_066,basic,web,2024-11-10,20864.0,11,10.22,0
CITY_158,basic,web,2024-10-04,10364.0,12,61.54,1
CITY_099,plus,web,2023-11-18,16213.0,11,42.62,1
CITY_110,basic,web,2024-10-02,38435.0,5,40.97,0
CITY_082,plus,app,2023-01-24,58132.0,6,23.29,0
CITY_112,basic,app,2024-01-07,63338.0,6,43.24,0
CITY_136,pro,phone,2024-11-19,16316.0,6,22.69,0
CITY_132,basic,app,2023-03-29,26373.0,6,19.08,0
CITY_057,basic,web,2023-08-05,16532.0,4,18.95,1
CITY_034,basic,web,2023-05-16,74044.0,7,45.54,1
CITY_078,basic,phone,2023-06-30,19362.0,6,8.64,1
CITY_021,plus,web,2023-03-11,18910.0,7,12.59,1
CITY_059,basic,app,2024-11-06,14230.0,6,21.37,1
CITY_116,basic,web,2023-04-29,25995.0,3,16.25,1
CITY_129,basic,web,2023-04-28,24812.0,7,18.24,0
CITY_105,plus,app,2023-06-28,37659.0,9,3.48,0
CITY_166,basic,app,2023-04-13,56778.0,5,15.94,0
CITY_097,basic,web,2024-02-16,73621.0,5,5.3,0
CITY_140,plus,web,2023-10-14,24497.0,3,55.32,1
CITY_040,plus,app,2024-06-20,33078.0,6,19.64,0
CITY_033,basic,web,2024-11-29,8227.0,5,5.69,0
CITY_047,basic,web,2023-04-30,,7,22.13,0
CITY_088,pro,app,2024-07-16,34511.0,1,93.58,1
CITY_045,basic,web,2024-04-07,42785.0,4,64.63,1
CITY_000,basic,app,2024-09-25,,7,122.11,1
CITY_022,plus,web,2024-05-14,9985.0,7,24.11,1
CITY_056,basic,app,2023-02-22,13789.0,3,11.32,1
CITY_057,plus,app,2024-08-11,32622.0,6,52.97,1
CITY_017,plus,web,2023-07-02,43340.0,6,9.66,1
CITY_128,basic,web,2024-07-21,29204.0,8,7.62,0
CITY_173,plus,web,2024-01-08,34186.0,9,13.88,0
CITY_175,basic,app,2023-11-29,,7,41.29,1
CITY_047,plus,app,2024-09-08,27376.0,9,29.86,0
CITY_120,plus,phone,2023-03-09,44873.0,4,78.06,1
CITY_102,basic,app,2024-02-19,18540.0,3,31.77,1
CITY_062,plus,app,2024-06-13,9886.0,6,44.69,1
CITY_102,pro,web,2024-09-08,25322.0,3,14.54,0
CITY_150,basic,app,2024-01-05,,7,19.66,0
CITY_053,basic,web,2024-05-17,17042.0,9,12.57,0
CITY_159,basic,web,2023-12-13,49193.0,8,25.91,0
CITY_047,basic,app,2024-06-10,,7,46.24,0
CITY_118,plus,web,2023-07-24,34795.0,4,12.12,0
CITY_013,basic,app,2023-03-26,24571.0,11,43.16,0
CITY_004,plus,web,2023-03-25,68933.0,4,55.06,0
CITY_112,plus,app,2024-02-28,29086.0,5,16.97,0
CITY_075,basic,web,2024-07-29,18702.0,5,29.05,1
CITY_039,basic,app,2023-12-08,11916.0,3,30.46,1
CITY_156,plus,phone,2024-09-13,,5,29.07,0
CITY_141,plus,web,2024-12-23,38654.0,6,24.7,0
CITY_043,basic,app,2023-08-01,14108.0,4,7.47,1
CITY_119,basic,phone,2024-03-12,42970.0,3,9.21,0
CITY_048,basic,phone,2024-04-05,41662.0,5,60.99,1
CITY_062,plus,web,2023-02-09,24510.0,5,23.76,0
CITY_152,basic,web,2023-09-26,39962.0,4,27.19,0
CITY_177,basic,web,2023-10-25,29362.0,5,14.63,1
CITY_014,pro,phone,2024-01-31,122026.0,4,15.62,0
CITY_155,basic,app,2024-06-13,26271.0,7,19.63,0
CITY_022,plus,app,2023-09-25,25463.0,4,17.99,0
CITY_020,basic,web,2023-08-28,59481.0,6,12.14,1
CITY_098,basic,web,2023-02-05,44684.0,7,50.18,1
CITY_021,plus,app,2024-08-01,40617.0,7,40.82,0
CITY_028,plus,phone,2024-04-12,26200.0,8,47.16,1
CITY_105,basic,web,2024-05-13,85558.0,9,22.15,0
CITY_101,pro,web,2023-10-24,18170.0,4,17.85,0
CITY_088,pro,web,2024-06-02,20732.0,5,28.82,1
CITY_151,basic,web,2024-02-23,18147.0,5,22.57,0
CITY_110,plus,web,2024-11-03,15082.0,5,26.41,1
CITY_116,basic,app,2024-04-08,17244.0,3,11.19,1
CITY_124,basic,web,2024-02-01,86900.0,4,13.97,1
CITY_135,basic,app,2023-02-23,15613.0,5,10.41,1
CITY_167,plus,app,2024-07-21,50873.0,7,7.09,0
CITY_010,pro,web,2024-06-15,,8,6.19,0
CITY_133,pro,app,2024-08-23,10496.0,8,10.74,0
CITY_076,pro,app,2023-01-11,11486.0,10,23.38,0
CITY_044,basic,web,2023-12-26,36730.0,6,36.29,0
CITY_058,basic,web,2024-12-22,16984.0,3,14.23,1
CITY_000,basic,web,2024-02-26,12947.0,6,49.61,1
CITY_000,pro,web,2023-12-09,34767.0,6,14.85,0
CITY_156,plus,web,2024-10-04,15689.0,6,22.59,1
CITY_150,basic,web,2023-11-23,29560.0,4,27.15,0
CITY_105,basic,web,2023-03-24,47021.0,5,28.57,0
CITY_134,basic,web,2023-09-24,18913.0,10,16.28,0
CITY_070,plus,web,2023-06-27,,11,5.5,0
CITY_127,basic,web,2023-03-09,,9,25.01,1
CITY_062,plus,app,2023-05-06,,4,9.22,1
CITY_004,plus,web,2023-12-01,8897.0,7,28.22,1
CITY_093,plus,web,2023-03-03,22895.0,5,14.86,0
CITY_040,basic,web,2024-04-21,18143.0,4,26.61,1
CITY_105,basic,app,2024-02-01,24770.0,5,17.36,0
CITY_101,basic,phone,2023-11-26,11884.0,7,18.67,1
CITY_100,basic,web,2023-07-27,9176.0,3,20.39,1
CITY_146,basic,app,2024-01-05,13089.0,4,11.3,1
CITY_021,plus,web,2023-12-27,36793.0,5,22.73,0
CITY_042,basic,app,2023-04-07,116910.0,6,20.68,1
CITY_141,basic,phone,2023-02-09,20866.0,10,12.83,1
CITY_101,basic,web,2024-04-30,32503.0,9,10.77,0
CITY_130,plus,app,2023-11-02,17312.0,5,31.93,0
CITY_054,plus,app,2024-09-26,51621.0,4,30.19,1
CITY_001,basic,web,2023-12-15,28310.0,4,55.65,1
CITY_176,basic,web,2023-08-25,90546.0,7,11.71,1
CITY_062,basic,app,2023-09-18,26708.0,4,20.78,0
CITY_140,basic,phone,2024-08-17,39502.0,5,25.2,0
CITY_169,basic,app,2024-08-13,15419.0,8,24.56,1
CITY_137,pro,phone,2024-12-15,43021.0,7,63.54,1
CITY_085,plus,app,2023-07-09,45632.0,10,13.98,0
CITY_062,basic,web,2023-05-08,10184.0,1,12.14,1
CITY_010,basic,phone,2023-06-21,24583.0,7,16.71,1
CITY_003,plus,web,2023-05-28,46948.0,6,14.47,0
CITY_129,basic,web,2023-11-25,,3,9.81,1
CITY_133,plus,app,2023-03-24,14199.0,9,30.15,0
CITY_030,plus,web,2024-07-13,17075.0,13,33.47,1
CITY_143,pro,web,2023-01-09,25692.0,3,33.73,1
CITY_056,basic,web,2023-11-14,23500.0,3,19.44,0
CITY_148,basic,app,2024-12-17,21980.0,7,18.96,0
CITY_169,basic,app,2024-12-06,48546.0,3,22.46,1
CITY_074,basic,web,2024-04-15,,4,19.34,0
CITY_012,pro,app,2024-08-29,26108.0,5,20.17,1
CITY_024,plus,web,2024-05-16,21102.0,5,23.92,0
CITY_081,plus,web,2024-02-27,45884.0,5,80.9,1
CITY_147,plus,web,2023-08-23,90855.0,5,13.58,0
CITY_124,plus,web,2024-04-23,36521.0,5,17.29,1
CITY_051,plus,web,2023-08-11,24779.0,6,22.19,0
CITY_163,plus,app,2024-04-20,17186.0,5,21.97,0
CITY_150,basic,web,2023-12-19,38765.0,6,3.62,0
CITY_031,plus,phone,2024-05-31,22444.0,9,11.62,0
CITY_076,basic,app,2023-01-25,68886.0,4,16.32,1
CITY_104,plus,web,2023-08-30,7131.0,6,29.53,0
CITY_102,plus,web,2024-08-22,18372.0,7,2.64,1
CITY_098,basic,web,2023-04-21,31930.0,10,6.44,0
CITY_130,basic,web,2024-04-18,,7,49.14,1
CITY_168,basic,app,2023-03-02,15317.0,10,14.66,0
CITY_073,plus,app,2024-07-07,32830.0,9,18.47,0
CITY_049,plus,app,2023-05-26,45387.0,2,9.46,0
CITY_094,plus,web,2023-07-05,15373.0,6,16.43,0
CITY_147,plus,app,2024-07-26,30130.0,3,29.12,0
CITY_106,plus,web,2023-03-25,44802.0,3,10.5,1
CITY_090,basic,web,2024-11-26,29878.0,2,15.91,0
CITY_178,basic,web,2024-12-09,30971.0,8,90.83,1
CITY_061,basic,web,2024-08-26,17919.0,7,12.95,0
CITY_050,pro,app,2024-10-13,13747.0,7,20.47,1
CITY_141,basic,web,2024-05-07,20387.0,5,11.51,0
CITY_096,basic,web,2024-10-03,52682.0,7,16.37,0
CITY_102,basic,phone,2024-12-28,13991.0,5,15.8,1
CITY_145,plus,web,2024-04-20,31545.0,3,10.37,0
CITY_051,plus,web,2023-12-04,21380.0,8,39.86,0
CITY_078,basic,web,2023-09-19,26399.0,6,35.23,0
CITY_171,basic,web,2023-05-16,16811.0,7,32.47,1
CITY_017,plus,web,2024-11-11,27083.0,4,13.31,0
CITY_066,plus,web,2023-07-21,45230.0,8,13.52,0
CITY_108,plus,web,2024-06-09,32221.0,5,26.4,0
CITY_165,basic,web,2024-09-01,26037.0,6,12.06,0
CITY_086,pro,web,2024-01-10,18287.0,6,18.92,0
CITY_016,pro,web,2023-09-02,29605.0,8,27.37,0
CITY_164,plus,web,2024-07-15,45066.0,13,6.28,0
CITY_147,plus,web,2023-11-24,46377.0,6,21.59,0
CITY_136,basic,web,2024-10-17,20040.0,5,23.47,0
CITY_058,basic,app,2023-12-26,67734.0,8,13.87,0
CITY_081,plus,app,2024-02-02,17239.0,9,69.83,0
CITY_136,plus,app,2023-08-18,,5,170.94,1
CITY_031,basic,web,2024-11-25,63294.0,8,22.39,0
CITY_005,basic,web,2024-03-02,25309.0,4,72.87,1
CITY_054,plus,web,2024-08-01,26981.0,6,28.67,1
CITY_047,pro,web,2024-01-09,32177.0,8,37.47,1
CITY_043,pro,phone,2023-06-02,8203.0,7,10.38,1
CITY_141,basic,web,2024-08-14,23435.0,6,16.53,0
CITY_090,basic,app,2023-07-23,,3,76.39,0
CITY_119,plus,web,2024-03-14,17899.0,4,26.52,1
CITY_119,basic,app,2023-04-04,99822.0,3,3.34,1
CITY_136,basic,web,2024-09-24,53085.0,4,31.73,0
CITY_110,basic,web,2024-06-15,9344.0,9,37.91,0
CITY_163,plus,phone,2024-04-30,18928.0,3,9.38,1
CITY_030,basic,app,2023-01-23,17551.0,5,14.28,0
CITY_020,plus,web,2024-01-28,13787.0,8,32.01,0
CITY_157,basic,web,2023-04-16,33758.0,7,11.31,0
CITY_171,plus,web,2023-02-05,15870.0,4,22.1,0
CITY_161,basic,web,2023-01-31,16046.0,7,27.11,1
CITY_011,basic,web,2023-01-19,18977.0,1,39.22,1
CITY_154,basic,web,2023-06-30,29113.0,5,8.04,1
CITY_151,basic,web,2024-05-04,,10,19.7,0
CITY_076,basic,web,2023-04-07,13776.0,3,5.65,0
CITY_037,plus,phone,2023-06-06,19186.0,5,37.18,1
CITY_131,basic,web,2024-07-05,31949.0,4,43.55,1
CITY_176,basic,web,2023-05-09,27185.0,3,10.18,1
CITY_111,pro,web,2023-09-10,25717.0,6,58.67,0
CITY_077,plus,phone,2024-04-03,52313.0,4,5.94,1
CITY_089,basic,app,2024-08-04,30869.0,8,13.82,0
CITY_172,plus,web,2024-01-07,49343.0,8,16.29,1
CITY_019,plus,web,2024-01-15,,4,5.56,1
CITY_017,basic,phone,2023-10-18,24498.0,4,36.55,0
CITY_090,basic,web,2024-12-03,24885.0,2,23.41,0
CITY_051,plus,web,2024-01-12,26952.0,3,8.27,1
CITY_038,plus,web,2024-08-16,39607.0,4,28.15,0
CITY_013,basic,phone,2023-02-26,36351.0,6,14.61,1
CITY_052,plus,phone,2023-10-31,30525.0,9,75.04,1
CITY_136,basic,app,2023-11-30,36175.0,4,15.18,1
CITY_041,pro,web,2023-04-29,44707.0,7,17.05,1
CITY_162,plus,web,2023-08-13,28911.0,4,22.29,0
CITY_175,basic,app,2024-12-23,15490.0,6,50.89,0
CITY_068,basic,app,2024-11-17,47837.0,6,24.08,0
CITY_178,basic,app,2024-10-12,10736.0,5,10.23,1
CITY_040,plus,app,2023-10-13,21065.0,5,60.41,1
CITY_163,basic,phone,2024-04-11,30172.0,5,16.24,1
CITY_095,basic,app,2023-06-13,32460.0,8,10.68,0
CITY_003,basic,app,2023-03-23,23508.0,6,26.58,1
CITY_102,plus,web,2023-09-08,38796.0,8,15.91,0
CITY_145,plus,app,2023-07-04,27402.0,10,57.16,0
CITY_018,plus,phone,2024-03-15,22803.0,7,16.41,0
CITY_030,plus,web,2023-03-23,17925.0,3,33.15,0
CITY_015,basic,app,2024-09-05,20336.0,12,74.38,0
CITY_146,plus,app,2023-01-18,55233.0,8,13.59,0
CITY_055,basic,web,2023-08-28,16616.0,11,21.03,0
CITY_038,plus,web,2024-01-06,18223.0,5,18.15,0
CITY_149,basic,web,2023-12-16,28694.0,8,9.9,0
CITY_081,basic,web,2024-12-26,18870.0,7,36.02,0
CITY_168,pro,web,2024-01-15,,9,12.29,1
CITY_123,basic,web,2024-08-21,10529.0,2,10.5,1
CITY_168,basic,web,2023-05-07,36803.0,5,10.03,1
CITY_159,basic,app,2024-02-05,41425.0,5,73.57,0
CITY_156,plus,web,2023-03-09,,6,34.06,1
CITY_101,plus,app,2023-02-07,48689.0,7,47.12,0
CITY_017,basic,phone,2023-05-27,11903.0,7,9.59,0
CITY_138,plus,web,2024-08-12,,6,8.0,1
CITY_172,plus,web,2023-11-18,17209.0,6,15.43,0
CITY_042,basic,app,2024-11-04,36578.0,9,25.75,1
CITY_017,basic,web,2023-03-20,11747.0,6,13.25,1
CITY_014,plus,app,2024-01-30,5268.0,9,12.62,0
CITY_170,plus,web,2024-08-08,45045.0,5,50.23,0
CITY_075,basic,app,2023-05-09,12469.0,1,31.14,1
CITY_140,plus,web,2024-03-21,33339.0,6,79.98,1
CITY_101,plus,app,2024-06-06,,5,12.29,0
CITY_074,pro,web,2023-04-09,10440.0,1,44.09,0
CITY_098,basic,web,2023-09-14,12339.0,3,8.72,1
CITY_125,plus,phone,2023-08-31,54742.0,4,6.9,0
CITY_020,basic,web,2024-02-09,32131.0,1,7.42,0
CITY_031,plus,phone,2024-03-21,27311.0,3,46.51,1
CITY_054,pro,web,2024-11-10,29991.0,3,31.92,0
CITY_118,pro,web,2024-04-05,23343.0,4,12.52,0
CITY_081,basic,web,2023-04-15,86475.0,3,54.55,1
CITY_152,basic,web,2023-04-27,34576.0,3,45.81,0
CITY_034,pro,web,2024-10-21,66281.0,1,16.83,1
CITY_131,basic,web,2023-02-09,17910.0,9,16.3,0
CITY_025,basic,web,2023-06-06,16402.0,3,12.0,0
CITY_127,plus,web,2024-12-26,6146.0,9,32.74,1
CITY_109,plus,app,2024-01-26,14709.0,11,9.63,0
CITY_073,basic,web,2023-01-08,15647.0,7,45.94,1
CITY_003,basic,app,2024-11-27,48472.0,6,9.83,1
CITY_166,plus,web,2024-05-12,18768.0,8,9.0,1
CITY_132,basic,web,2023-08-19,11157.0,8,10.56,0
CITY_125,plus,web,2023-08-24,33141.0,4,54.03,1
CITY_110,basic,app,2023-05-19,39847.0,6,19.51,0
CITY_096,basic,phone,2024-11-08,7746.0,4,76.25,1
CITY_160,basic,web,2023-03-17,,6,39.85,1
CITY_035,plus,web,2023-02-19,11467.0,7,27.52,0
CITY_122,plus,app,2024-06-04,9631.0,6,9.14,0
CITY_131,basic,app,2024-02-25,,7,8.55,1
CITY_058,basic,app,2023-09-05,13359.0,11,30.0,1
CITY_019,basic,web,2023-10-30,33324.0,7,67.57,1
CITY_033,plus,web,2023-05-06,,4,68.63,0
CITY_038,plus,web,2024-11-09,21508.0,6,71.14,1
CITY_142,pro,web,2023-04-21,29176.0,2,19.54,0
CITY_153,plus,web,2024-06-06,27458.0,9,23.68,0
CITY_040,basic,web,2023-06-11,29418.0,5,40.3,0
CITY_151,pro,web,2023-12-27,,4,12.02,0
CITY_162,basic,web,2023-10-21,18968.0,5,7.94,0
CITY_129,basic,app,2023-03-22,20462.0,2,29.69,1
CITY_149,basic,app,2023-03-28,104189.0,3,55.35,1
CITY_162,plus,app,2023-03-01,13626.0,6,13.98,0
CITY_111,basic,web,2024-07-16,19771.0,8,12.38,1
CITY_022,basic,web,2023-04-18,35232.0,3,64.49,1
CITY_134,plus,web,2024-11-11,55831.0,6,16.24,0
CITY_158,plus,web,2023-08-22,112015.0,7,17.79,0
CITY_021,basic,app,2023-07-14,26153.0,10,16.58,0
CITY_000,plus,web,2024-02-26,81604.0,8,15.29,0
CITY_061,plus,app,2023-04-10,15999.0,8,20.98,0
CITY_152,basic,app,2023-11-11,30530.0,2,43.48,1
CITY_094,basic,app,2023-12-08,,4,56.87,0
CITY_008,pro,app,2024-05-09,17028.0,5,35.99,1
CITY_096,pro,web,2024-09-20,16363.0,7,23.76,1
CITY_010,basic,phone,2024-03-20,21024.0,8,77.13,0
CITY_032,basic,app,2024-06-25,57224.0,4,17.29,1
CITY_064,plus,web,2024-05-03,,3,16.65,1
CITY_059,basic,app,2023-08-06,34748.0,4,12.66,1
CITY_020,basic,web,2024-02-11,19753.0,8,25.42,0
CITY_061,pro,app,2024-10-12,38290.0,6,23.68,0
CITY_077,basic,web,2023-12-01,36299.0,6,8.91,1
CITY_175,plus,app,2023-07-11,25394.0,5,25.56,0
CITY_124,basic,app,2023-10-27,63355.0,8,21.44,0
CITY_015,plus,app,2024-12-30,13138.0,6,24.68,1
CITY_113,basic,web,2024-06-23,13390.0,9,32.32,1
CITY_004,plus,web,2023-05-09,39980.0,3,96.49,1
CITY_177,basic,web,2023-10-16,46631.0,8,64.63,0
CITY_128,basic,web,2024-09-28,21857.0,6,11.15,0
CITY_123,basic,web,2023-08-11,,12,23.58,0
CITY_061,basic,phone,2024-10-27,58037.0,9,19.23,1
CITY_163,basic,app,2024-02-22,39028.0,2,14.41,1
CITY_114,plus,app,2024-11-12,25327.0,5,14.33,0
CITY_084,pro,web,2023-06-12,23594.0,5,56.93,1
CITY_022,basic,app,2023-07-29,28776.0,5,34.88,1
CITY_035,pro,web,2023-12-07,15549.0,12,11.86,1
CITY_179,basic,web,2024-11-20,12807.0,3,21.72,1
CITY_136,basic,phone,2024-11-09,16084.0,7,124.99,1
CITY_054,basic,app,2023-12-07,24139.0,3,7.62,0
CITY_086,pro,app,2023-12-12,9010.0,3,9.46,0
CITY_078,pro,web,2023-03-29,59599.0,2,20.64,0
CITY_112,basic,app,2024-07-23,72784.0,10,34.48,0
CITY_092,basic,web,2023-10-04,38294.0,6,24.61,0
CITY_095,pro,web,2023-03-16,39479.0,3,27.82,0
CITY_120,plus,app,2023-04-12,30717.0,6,14.05,1
CITY_075,basic,web,2024-10-25,,4,12.53,1
CITY_156,basic,web,2024-03-19,44235.0,3,17.1,0
CITY_014,plus,web,2024-09-29,22823.0,8,20.14,0
CITY_073,basic,web,2023-08-19,20848.0,3,38.89,1
CITY_027,basic,app,2023-05-09,20913.0,8,81.78,1
CITY_127,plus,web,2023-05-04,19481.0,6,11.73,1
CITY_165,basic,web,2024-06-25,28966.0,10,10.9,0
CITY_060,basic,web,2024-12-30,40270.0,3,19.54,1
CITY_123,basic,web,2023-07-22,16816.0,6,19.32,0
CITY_025,basic,web,2023-06-16,22472.0,4,51.94,1
CITY_172,basic,web,2024-04-08,,7,101.6,1
CITY_090,plus,app,2024-11-10,19691.0,4,29.22,0
CITY_056,plus,phone,2024-09-21,26624.0,6,51.62,1
CITY_102,basic,app,2023-10-14,37538.0,9,16.11,0
CITY_077,basic,web,2024-07-06,,9,16.6,0
CITY_163,basic,app,2024-07-28,23088.0,7,12.56,1
CITY_055,basic,app,2024-12-07,30368.0,7,18.2,0
CITY_032,basic,app,2023-06-30,8781.0,8,10.76,1
CITY_106,basic,app,2023-04-19,,8,10.85,0
CITY_027,basic,app,2023-08-17,22275.0,4,9.09,1
CITY_050,pro,web,2024-10-28,51526.0,8,19.37,1
CITY_011,plus,web,2023-05-04,58121.0,9,16.69,0
CITY_021,pro,app,2023-10-14,15790.0,7,19.23,0
CITY_052,basic,web,2024-06-16,34470.0,7,40.37,0
CITY_157,plus,app,2023-03-31,27049.0,3,13.08,0
CITY_101,basic,app,2023-04-08,11868.0,9,14.34,0
CITY_177,basic,web,2023-01-04,19729.0,7,25.48,1
CITY_050,plus,web,2023-11-17,45326.0,7,26.77,0
CITY_011,plus,web,2023-09-13,47155.0,6,12.68,1
CITY_105,plus,app,2024-06-13,,5,16.5,1
CITY_102,basic,phone,2023-11-13,39918.0,7,35.95,1
CITY_082,pro,web,2024-07-09,35434.0,4,47.03,0
CITY_051,basic,web,2024-04-17,40684.0,11,17.84,0
CITY_036,plus,app,2023-12-18,15701.0,4,38.0,1
CITY_168,plus,web,2024-06-20,36547.0,4,17.39,0
CITY_128,basic,web,2023-07-10,19619.0,5,62.41,1
CITY_009,basic,app,2023-07-27,72144.0,6,58.02,0
CITY_068,plus,web,2023-09-28,31544.0,2,19.09,1
CITY_011,pro,web,2023-01-04,11108.0,7,40.95,1
CITY_146,plus,app,2023-01-23,30759.0,10,20.58,0
CITY_174,pro,web,2023-03-13,16728.0,5,51.69,1
CITY_040,basic,app,2023-02-19,11015.0,5,35.48,0
CITY_140,basic,app,2024-05-04,83321.0,6,29.11,0
CITY_062,basic,app,2023-10-06,14078.0,6,10.75,0
CITY_000,basic,web,2023-10-04,47398.0,6,30.63,1
CITY_087,basic,web,2024-03-05,43602.0,7,12.85,0
CITY_139,basic,web,2024-01-06,49508.0,2,10.9,1
CITY_062,basic,web,2024-09-06,100012.0,5,10.28,1
CITY_014,basic,app,2023-03-02,34087.0,8,10.84,0
CITY_033,basic,phone,2023-05-09,21017.0,8,39.45,1
CITY_082,plus,phone,2023-03-14,19458.0,5,26.61,0
CITY_033,basic,app,2023-01-10,25710.0,13,5.33,1
CITY_175,plus,app,2023-01-01,19518.0,3,66.78,1
CITY_131,basic,app,2024-11-12,21188.0,4,43.96,1
CITY_092,plus,web,2023-02-04,36657.0,6,29.94,0
CITY_078,plus,app,2024-10-03,24208.0,2,23.55,0
CITY_008,basic,web,2023-12-07,9672.0,7,15.05,0
CITY_112,basic,app,2024-12-24,40642.0,0,15.94,0
CITY_116,plus,web,2023-06-30,19637.0,7,15.32,0
CITY_033,plus,app,2024-03-17,24395.0,5,13.08,0
CITY_057,plus,web,2023-12-22,15976.0,4,13.82,0
CITY_013,basic,app,2023-11-25,,6,26.64,0
CITY_121,pro,web,2023-01-19,63319.0,7,6.67,1
CITY_082,plus,app,2024-10-31,13050.0,5,8.04,0
CITY_082,basic,app,2023-12-23,21849.0,1,9.96,1
CITY_099,plus,web,2024-01-17,21104.0,4,13.77,1
CITY_027,basic,app,2024-10-16,34489.0,3,18.77,0
CITY_167,basic,app,2023-01-25,13970.0,5,16.2,0
CITY_166,basic,phone,2023-10-04,31280.0,9,32.3,0
CITY_031,basic,web,2024-08-30,10549.0,9,17.15,1
CITY_003,plus,web,2023-02-24,47469.0,4,17.15,0
CITY_135,basic,phone,2023-12-26,,7,36.76,1
CITY_035,basic,app,2024-05-04,34003.0,10,36.61,0
CITY_143,basic,app,2024-02-07,33347.0,5,21.55,1
CITY_145,basic,phone,2023-07-23,51645.0,6,77.79,1
CITY_100,basic,app,2023-02-16,14892.0,7,63.02,1
CITY_173,pro,web,2023-09-19,,4,15.7,0
CITY_035,basic,web,2023-05-19,15952.0,17,32.64,1
CITY_028,basic,web,2024-04-11,22822.0,5,18.45,1
CITY_040,basic,web,2023-03-21,24999.0,6,21.84,0
CITY_069,basic,app,2024-01-26,11605.0,7,12.42,0
CITY_065,basic,app,2024-10-21,27606.0,3,49.66,1
CITY_021,plus,web,2023-11-11,,7,6.55,0
CITY_118,pro,app,2023-02-04,29333.0,8,23.18,0
CITY_170,basic,web,2024-09-12,42143.0,8,41.61,0
CITY_155,basic,web,2023-07-30,13975.0,5,37.56,1
CITY_149,plus,app,2024-03-28,12991.0,5,9.38,0
CITY_166,pro,web,2024-07-07,20187.0,6,32.48,1
CITY_095,basic,app,2023-01-19,36656.0,7,24.87,0
CITY_135,basic,app,2023-06-22,43966.0,8,8.56,0
CITY_084,basic,web,2024-11-12,19579.0,5,6.13,0
CITY_047,basic,web,2023-02-03,54682.0,3,25.31,0
CITY_042,plus,app,2024-10-27,67946.0,3,6.79,0
CITY_146,plus,web,2024-12-27,40776.0,11,39.92,1
CITY_072,basic,web,2023-06-16,8356.0,7,20.32,0
CITY_173,plus,app,2024-04-25,26212.0,10,15.67,0
CITY_083,basic,app,2023-11-27,72941.0,5,13.68,1
CITY_049,basic,web,2023-09-26,79663.0,2,12.04,1
CITY_055,basic,web,2023-09-21,60195.0,5,16.89,1
CITY_097,pro,web,2023-12-29,24598.0,2,16.84,0
CITY_161,basic,app,2024-07-18,44587.0,8,29.11,0
CITY_022,plus,web,2024-10-12,16833.0,8,14.75,1
CITY_126,pro,app,2024-11-30,,10,17.43,0
CITY_129,basic,web,2023-03-09,24168.0,7,24.7,0
CITY_132,basic,app,2023-12-07,40725.0,6,37.85,1
CITY_173,plus,app,2024-11-24,18564.0,4,92.26,1
CITY_056,basic,web,2024-03-23,,9,24.76,0
CITY_126,basic,app,2023-08-15,29173.0,6,20.93,0
CITY_176,basic,app,2024-05-15,13625.0,7,9.92,0
CITY_125,plus,app,2023-05-21,23807.0,6,18.78,0
CITY_107,plus,web,2024-08-08,47118.0,5,10.69,0
CITY_047,basic,web,2024-02-28,16484.0,5,36.73,1
CITY_157,basic,web,2024-03-19,20460.0,11,22.06,0
CITY_141,basic,web,2024-11-24,18618.0,4,19.14,0
CITY_013,basic,web,2023-08-13,16256.0,6,14.77,0
CITY_010,pro,phone,2024-12-22,31998.0,4,50.29,1
CITY_103,pro,app,2023-07-09,65064.0,7,50.63,1
CITY_176,plus,phone,2024-01-03,24271.0,4,38.73,1
CITY_048,basic,app,2024-05-12,27905.0,5,41.16,1
CITY_118,plus,app,2024-09-23,29063.0,3,16.72,0
CITY_057,basic,web,2023-09-23,16382.0,12,37.37,0
CITY_063,plus,web,2024-12-12,15622.0,10,21.49,0
CITY_121,plus,app,2023-09-23,15493.0,6,11.79,1
CITY_108,plus,app,2024-01-03,81433.0,4,30.86,1
CITY_113,plus,app,2023-12-14,28840.0,4,10.8,0
CITY_114,basic,web,2024-02-14,45203.0,5,21.47,1
CITY_095,basic,phone,2023-12-04,31998.0,5,26.09,0
CITY_013,basic,app,2024-01-20,15890.0,3,101.09,1
CITY_069,basic,web,2024-10-02,41083.0,5,26.34,1
CITY_148,basic,web,2024-05-13,51727.0,3,32.6,0
CITY_162,basic,web,2023-04-28,39627.0,7,32.01,0
CITY_102,basic,web,2023-07-01,37748.0,5,24.19,1
CITY_007,plus,web,2024-03-08,43510.0,5,15.17,0
CITY_003,basic,app,2024-04-16,24669.0,4,55.03,1
CITY_026,basic,app,2024-01-26,22113.0,5,5.32,1
CITY_120,pro,web,2023-01-10,28857.0,8,87.15,0
CITY_079,basic,phone,2024-03-10,16809.0,13,11.53,0
CITY_082,basic,web,2024-01-16,,8,19.73,0
CITY_087,basic,web,2023-09-28,32241.0,10,7.52,0
CITY_110,basic,app,2023-12-08,51628.0,5,31.89,1
CITY_027,basic,web,2024-02-21,18878.0,6,47.79,0
CITY_097,basic,web,2023-06-06,17142.0,7,39.54,1
CITY_133,plus,web,2023-04-11,14255.0,5,33.45,1
CITY_171,plus,web,2023-08-19,15505.0,3,22.34,1
CITY_003,plus,phone,2023-10-26,69520.0,11,19.67,0
CITY_070,basic,web,2023-07-08,37856.0,6,21.44,1
CITY_126,basic,web,2024-03-25,29030.0,9,79.31,0
CITY_013,pro,phone,2024-11-13,14800.0,6,39.78,1
CITY_117,basic,app,2023-07-14,21702.0,5,19.0,1
CITY_159,pro,app,2024-02-19,19351.0,6,4.78,0
CITY_020,basic,web,2023-06-20,30793.0,4,24.87,0
CITY_168,basic,web,2024-02-24,26368.0,7,34.53,0
CITY_035,basic,app,2024-04-14,34690.0,6,42.56,0
CITY_121,plus,app,2024-12-01,38067.0,4,25.34,1
CITY_179,plus,phone,2024-06-02,18853.0,12,39.04,0
CITY_056,pro,app,2024-08-09,23123.0,8,11.15,0
CITY_172,plus,web,2024-05-14,28491.0,7,63.42,1
CITY_036,basic,app,2023-10-22,40417.0,7,20.03,1
CITY_025,plus,web,2023-12-09,27841.0,4,17.26,0
CITY_093,plus,app,2023-11-25,,4,46.51,0
CITY_170,basic,web,2023-09-02,11543.0,8,25.98,0
CITY_162,basic,app,2023-08-30,21482.0,8,17.03,0
CITY_083,plus,app,2023-04-18,11838.0,11,12.95,0
CITY_167,basic,web,2024-04-02,22965.0,2,18.01,0
CITY_120,basic,phone,2024-06-09,35368.0,4,13.75,0
CITY_102,basic,phone,2024-08-31,63409.0,4,13.11,0
CITY_041,pro,web,2023-04-07,,3,15.32,0
CITY_027,plus,app,2024-09-17,33210.0,11,24.05,0
CITY_138,plus,web,2023-01-08,18189.0,8,37.8,0
CITY_120,plus,app,2023-08-12,18835.0,4,11.18,1
CITY_163,basic,app,2024-02-05,39697.0,8,17.57,0
CITY_100,basic,web,2024-03-04,59224.0,7,8.72,1
CITY_050,basic,web,2023-09-09,29983.0,5,41.67,1
CITY_079,plus,app,2024-08-08,119320.0,11,16.0,1
CITY_060,plus,web,2023-01-30,36193.0,5,30.1,0
CITY_023,plus,web,2024-10-21,26269.0,8,15.84,0
CITY_116,basic,web,2023-08-20,53926.0,5,34.42,0
CITY_039,basic,phone,2024-07-29,79460.0,6,11.47,1
CITY_094,basic,web,2023-07-02,86339.0,9,13.33,0
CITY_091,basic,app,2023-06-12,29292.0,5,5.57,0
CITY_156,basic,web,2023-12-02,30046.0,5,18.84,0
CITY_124,basic,app,2023-10-28,16068.0,6,24.53,1
CITY_129,basic,web,2023-01-13,31648.0,6,33.99,0
CITY_168,pro,web,2023-05-08,68341.0,7,43.95,0
CITY_171,plus,app,2023-01-15,,3,18.88,0
CITY_023,basic,web,2024-04-05,102646.0,5,9.38,1
CITY_093,basic,web,2024-09-21,51783.0,5,9.13,0
CITY_044,basic,phone,2024-08-11,39260.0,4,53.74,0
CITY_131,basic,app,2024-03-15,10041.0,9,33.27,1
CITY_025,plus,web,2024-03-07,24810.0,5,40.4,1
CITY_099,plus,web,2024-09-10,50681.0,5,97.09,0
CITY_107,basic,app,2023-05-24,43100.0,8,15.47,0
CITY_094,basic,app,2023-10-23,17828.0,7,14.75,1
CITY_004,basic,web,2023-08-02,8719.0,4,11.14,0
CITY_064,pro,phone,2024-08-27,15142.0,5,12.38,1
CITY_154,plus,web,2023-12-18,41833.0,5,75.06,1
CITY_097,basic,app,2024-08-15,69723.0,5,18.94,0
CITY_172,basic,app,2023-06-15,23195.0,10,36.99,1
CITY_029,plus,web,2024-02-18,8443.0,6,25.17,1
CITY_066,basic,app,2024-12-16,36946.0,9,41.93,1
CITY_054,basic,web,2024-08-03,27779.0,6,16.77,1
CITY_082,basic,app,2023-04-18,31023.0,3,62.2,1
CITY_061,basic,app,2024-06-04,15254.0,7,16.74,0
CITY_155,pro,web,2024-08-30,16658.0,5,17.74,0
CITY_138,basic,app,2023-01-04,24275.0,10,19.13,0
CITY_071,plus,app,2023-06-18,27407.0,5,31.72,0
CITY_107,pro,web,2023-12-29,32132.0,7,39.39,0
CITY_177,pro,app,2024-03-18,46302.0,5,22.71,0
CITY_154,plus,app,2024-01-27,9943.0,5,12.82,1
CITY_157,basic,web,2023-06-11,15359.0,1,27.62,1
CITY_138,basic,app,2024-03-01,14922.0,8,18.94,0
CITY_018,basic,app,2023-02-26,34664.0,11,79.61,0
CITY_169,basic,app,2023-01-25,18682.0,7,13.06,0
CITY_025,plus,app,2023-11-08,80157.0,6,11.09,1
CITY_135,pro,app,2024-02-28,23837.0,6,38.91,0
CITY_126,basic,web,2023-06-03,37113.0,8,34.46,1
CITY_047,plus,web,2023-03-04,20779.0,15,26.84,0
CITY_079,plus,web,2023-01-07,29718.0,4,41.3,0
CITY_088,basic,web,2023-05-18,31159.0,11,36.89,1
CITY_140,plus,app,2024-07-11,72657.0,10,9.49,0
CITY_150,plus,web,2024-07-29,,3,54.34,0
CITY_110,plus,phone,2023-03-26,19113.0,4,19.99,1
CITY_080,basic,app,2023-12-26,16265.0,7,58.79,1
CITY_054,plus,web,2024-08-05,26605.0,5,20.52,0
CITY_162,basic,app,2024-02-11,35610.0,11,33.21,1
CITY_028,pro,web,2024-01-01,19635.0,4,60.66,0
CITY_094,plus,app,2023-01-26,12584.0,7,24.67,1
CITY_169,basic,web,2024-01-28,39937.0,7,28.81,0
CITY_036,basic,app,2023-02-20,11194.0,11,12.46,0
CITY_179,plus,web,2023-05-20,19521.0,4,92.65,1
CITY_140,basic,app,2024-06-21,21511.0,5,47.82,1
CITY_174,plus,web,2024-05-19,18894.0,7,60.29,0
CITY_075,basic,phone,2023-08-06,47139.0,5,3.1,1
CITY_030,basic,phone,2023-08-19,17168.0,0,32.36,1
CITY_138,basic,web,2024-02-26,21165.0,6,7.64,0
CITY_079,basic,web,2024-06-24,69020.0,6,13.52,0
CITY_120,plus,phone,2024-05-19,60877.0,5,28.78,0
CITY_170,plus,app,2023-12-19,,7,24.87,0
CITY_158,basic,app,2023-12-10,51797.0,5,58.01,0
CITY_080,basic,app,2023-08-08,50578.0,5,29.15,0
CITY_114,plus,app,2023-06-28,,5,7.9,0
CITY_041,basic,web,2024-09-06,32729.0,9,25.29,1
CITY_021,basic,app,2023-04-15,15502.0,8,4.14,0
CITY_063,basic,web,2023-04-26,31741.0,2,8.57,1
CITY_136,plus,app,2024-06-24,18689.0,5,36.61,1
CITY_041,basic,web,2024-10-23,54350.0,8,9.28,1
CITY_027,plus,app,2024-10-08,29148.0,4,20.36,0
CITY_004,plus,app,2023-07-19,,7,19.04,0
CITY_099,pro,web,2023-09-01,21176.0,8,235.7,0
CITY_076,basic,app,2024-06-13,65474.0,9,17.31,1
CITY_134,basic,phone,2024-08-16,27981.0,4,82.92,1
CITY_028,plus,web,2024-12-25,18744.0,12,24.92,0
CITY_159,pro,app,2024-02-01,65513.0,7,13.1,0
CITY_024,pro,phone,2024-06-26,20125.0,8,36.45,1
CITY_176,basic,web,2024-07-09,21399.0,5,136.33,1
CITY_124,basic,phone,2023-05-31,,2,8.6,1
CITY_115,basic,web,2023-10-06,35322.0,3,9.69,1
CITY_129,plus,app,2023-09-01,37236.0,8,22.58,0
CITY_005,plus,app,2023-03-10,35208.0,8,11.84,0
CITY_025,plus,web,2023-02-09,,3,21.27,0
CITY_095,plus,web,2023-03-10,27026.0,5,7.29,1
CITY_087,basic,app,2024-12-05,30033.0,3,2.71,0
CITY_021,basic,app,2024-10-27,16916.0,5,13.43,0
CITY_003,basic,web,2023-04-06,15099.0,8,21.13,0
CITY_103,basic,app,2023-08-19,,3,13.42,1
CITY_168,plus,web,2023-09-09,,5,52.19,1
CITY_096,plus,web,2024-06-15,13120.0,6,10.21,1
CITY_048,plus,app,2024-02-29,16166.0,2,16.58,0
CITY_062,basic,web,2023-07-08,21367.0,5,12.86,1
CITY_153,pro,web,2023-05-24,45788.0,5,11.06,0
CITY_034,basic,web,2023-01-05,34578.0,11,23.47,0
CITY_156,basic,web,2023-03-31,31210.0,7,21.21,0
CITY_080,basic,phone,2024-08-21,36401.0,5,18.41,1
CITY_023,plus,web,2023-11-29,35061.0,7,22.84,0
CITY_137,basic,app,2023-10-21,20454.0,5,14.98,0
CITY_126,pro,app,2023-05-12,33325.0,8,10.45,0
CITY_051,plus,phone,2023-04-05,32859.0,4,6.7,1
CITY_118,basic,web,2023-05-04,50993.0,7,20.48,0
CITY_047,basic,web,2024-06-23,39655.0,6,6.45,0
CITY_026,plus,web,2023-08-24,53408.0,9,23.1,0
CITY_105,plus,web,2024-11-03,31535.0,7,26.29,1
CITY_092,basic,web,2023-11-26,13909.0,7,19.76,1
CITY_163,plus,phone,2024-10-27,24874.0,10,8.05,1
CITY_003,basic,web,2024-12-06,10329.0,2,26.0,1
CITY_009,basic,app,2024-12-16,54084.0,5,30.9,1
CITY_078,pro,app,2024-05-03,31358.0,10,127.18,1
CITY_146,basic,app,2023-09-06,,3,23.5,1
CITY_040,plus,web,2023-01-10,24241.0,7,13.54,0
CITY_132,pro,app,2024-04-14,68639.0,9,19.89,0
CITY_153,pro,web,2024-11-28,32607.0,11,16.75,0
CITY_005,basic,web,2023-11-04,16000.0,7,8.68,0
CITY_057,plus,web,2023-08-11,35303.0,7,45.36,0
CITY_140,basic,web,2023-12-17,,6,22.95,0
CITY_104,basic,web,2023-10-28,,7,37.8,1
CITY_167,plus,web,2023-05-23,19760.0,6,33.01,1
CITY_070,basic,app,2024-02-19,30786.0,4,29.55,1
CITY_052,plus,app,2023-04-20,15892.0,6,28.74,1
CITY_081,plus,web,2023-01-04,19342.0,5,20.0,0
CITY_090,pro,app,2023-06-22,59453.0,5,12.06,0
CITY_165,pro,web,2024-09-17,,3,9.21,1
CITY_086,plus,web,2024-02-15,19076.0,8,19.34,0
CITY_100,basic,web,2023-02-16,51198.0,9,22.62,0
CITY_090,basic,app,2024-12-24,15216.0,5,18.28,1
CITY_141,basic,web,2023-03-17,19706.0,3,30.68,1
CITY_110,pro,web,2023-04-30,,4,23.16,1
CITY_072,basic,web,2024-04-15,31461.0,3,20.33,0
CITY_072,plus,web,2023-11-10,39794.0,4,16.4,0
CITY_143,plus,app,2024-02-22,110793.0,7,12.04,0
CITY_125,basic,web,2023-03-19,54534.0,7,33.34,0
CITY_126,plus,web,2024-05-23,17091.0,5,22.74,1
CITY_156,basic,app,2024-01-24,12872.0,3,66.41,1
CITY_070,basic,app,2023-08-07,26705.0,9,7.26,0
CITY_101,plus,web,2024-02-02,37705.0,6,35.6,1
CITY_128,basic,web,2024-05-27,19526.0,6,105.59,0
CITY_136,plus,web,2024-01-22,33286.0,7,25.89,0
CITY_088,pro,web,2024-12-16,32109.0,11,16.72,0
CITY_036,basic,phone,2023-05-02,63504.0,8,11.82,0
CITY_093,plus,app,2023-07-27,62682.0,9,3.35,0
CITY_136,plus,app,2024-04-03,24841.0,8,9.87,0
CITY_101,basic,web,2024-04-27,21891.0,4,9.82,1
CITY_178,basic,web,2024-01-16,14000.0,9,32.59,1
CITY_164,plus,web,2024-09-02,,6,16.04,1
CITY_176,pro,web,2024-11-23,20240.0,10,6.4,0
CITY_128,basic,web,2023-07-02,37998.0,7,6.98,0
CITY_016,plus,app,2024-06-25,36114.0,8,31.03,0
CITY_143,basic,web,2023-12-13,18507.0,2,45.25,1
CITY_075,basic,app,2024-09-04,17280.0,6,29.86,1
CITY_040,basic,app,2024-06-19,27093.0,6,24.86,1
CITY_171,basic,web,2024-12-08,36309.0,9,26.17,1
CITY_032,basic,web,2024-06-08,47166.0,2,34.27,0
CITY_005,basic,web,2023-11-27,19001.0,7,35.02,1
CITY_002,plus,web,2024-10-12,34521.0,6,22.68,0
CITY_019,pro,web,2024-11-18,21964.0,7,40.61,0
CITY_143,basic,web,2023-01-29,36710.0,2,17.06,1
CITY_175,basic,web,2024-03-22,53080.0,6,48.48,1
CITY_013,basic,web,2023-05-07,52047.0,4,9.6,1
CITY_084,plus,phone,2023-07-18,8563.0,4,30.41,1
CITY_128,basic,phone,2023-10-02,,2,6.24,0
CITY_131,basic,web,2023-04-01,58269.0,6,19.22,0
CITY_170,basic,phone,2024-08-26,40124.0,5,43.07,1
CITY_137,plus,web,2024-11-05,5504.0,10,36.45,1
CITY_123,plus,web,2023-11-22,49380.0,5,33.54,1
CITY_091,plus,phone,2023-03-07,79177.0,10,38.46,0
CITY_077,plus,app,2023-01-18,21328.0,7,17.76,1
CITY_054,plus,app,2023-01-22,66234.0,3,46.27,0
CITY_040,basic,web,2024-02-28,18971.0,4,31.92,1
CITY_132,basic,app,2024-04-20,34771.0,7,14.42,1
CITY_128,basic,web,2024-02-18,,4,41.6,1
CITY_143,plus,web,2023-05-27,50978.0,8,18.87,1
CITY_122,pro,app,2023-01-25,18399.0,7,13.05,0
CITY_079,basic,web,2024-05-01,33214.0,10,31.42,0
CITY_080,basic,web,2024-12-05,28528.0,5,27.07,0
CITY_096,pro,web,2023-02-24,32052.0,3,15.75,0
CITY_176,basic,app,2024-08-30,31265.0,5,76.87,1
CITY_022,plus,web,2023-10-14,34086.0,4,17.13,1
CITY_067,pro,app,2023-03-16,10109.0,8,35.79,1
CITY_151,basic,app,2024-03-23,,8,16.42,1
CITY_060,basic,app,2024-08-27,42363.0,5,24.62,0
CITY_111,basic,phone,2024-11-16,18318.0,5,7.0,1
CITY_158,plus,phone,2023-10-21,11567.0,5,10.47,1
CITY_084,basic,app,2024-06-01,33283.0,5,26.66,1
CITY_028,plus,app,2023-12-15,33840.0,3,10.46,0
CITY_125,plus,app,2024-06-09,29568.0,4,10.1,0
CITY_128,plus,app,2023-12-03,75660.0,8,39.43,1
CITY_119,basic,phone,2024-06-23,66489.0,8,25.39,1
CITY_014,basic,web,2024-05-24,,10,19.66,0
CITY_136,plus,web,2023-09-19,34470.0,5,9.08,0
CITY_063,pro,web,2024-02-22,16430.0,6,43.96,1
CITY_003,plus,web,2023-05-09,31167.0,8,16.05,0
CITY_003,basic,app,2024-03-29,36263.0,6,14.4,0
CITY_072,plus,web,2024-02-23,11258.0,10,15.18,0
CITY_106,basic,app,2023-11-24,44897.0,5,16.27,0
CITY_134,pro,app,2023-12-17,40434.0,7,21.06,0
CITY_025,basic,web,2024-02-04,28480.0,7,19.45,0
CITY_098,basic,web,2023-03-02,17508.0,9,8.69,0
CITY_110,pro,web,2023-03-29,46510.0,3,21.15,0
CITY_022,pro,app,2024-03-19,21693.0,7,18.96,0
CITY_013,basic,web,2024-03-13,12389.0,7,22.36,1
CITY_124,plus,web,2023-05-28,14874.0,5,15.26,1
CITY_020,pro,app,2024-08-05,18434.0,8,18.92,0
CITY_158,basic,web,2024-02-18,9398.0,5,14.16,1
CITY_155,basic,app,2023-08-12,82986.0,5,18.76,0
CITY_059,basic,app,2023-09-30,20363.0,3,10.67,0
CITY_137,basic,web,2023-12-25,,4,42.16,0
CITY_028,basic,web,2024-01-02,39250.0,3,19.49,0
CITY_045,basic,web,2024-10-11,9150.0,6,53.26,1
CITY_006,pro,web,2024-09-30,47207.0,5,9.44,0
CITY_001,plus,app,2023-09-17,29551.0,2,15.1,0
CITY_049,pro,web,2023-09-02,31251.0,4,13.79,0
CITY_117,basic,web,2023-11-19,66767.0,6,23.77,0
CITY_017,basic,web,2023-08-22,28517.0,9,17.89,0
CITY_164,plus,web,2024-04-01,39018.0,6,11.27,0
CITY_125,plus,web,2023-11-10,101371.0,7,14.76,0
CITY_168,basic,web,2024-04-01,56804.0,4,23.08,1
CITY_017,plus,app,2024-11-23,,5,54.61,0
CITY_101,pro,app,2023-10-28,19551.0,5,8.37,1
CITY_043,pro,app,2024-05-03,26468.0,8,43.02,0
CITY_010,basic,app,2023-07-13,16490.0,6,14.43,1
CITY_028,plus,phone,2024-02-13,33933.0,8,17.76,1
CITY_043,pro,app,2024-06-30,11109.0,6,48.87,1
CITY_160,basic,web,2023-05-03,81375.0,12,47.35,0
CITY_049,basic,app,2023-03-09,38526.0,8,34.82,1
CITY_071,plus,web,2023-08-17,17073.0,8,20.37,0
CITY_113,pro,app,2023-07-02,35702.0,4,35.94,0
CITY_136,pro,app,2024-02-04,64295.0,9,25.52,0
CITY_101,plus,web,2024-04-09,23713.0,7,28.86,0
CITY_037,plus,web,2024-08-01,33468.0,1,57.31,1
CITY_051,plus,app,2023-01-05,,6,23.84,0
CITY_054,plus,web,2024-06-25,39551.0,4,33.01,0
CITY_090,basic,web,2023-09-30,9733.0,8,14.45,1
CITY_174,plus,app,2023-06-25,15316.0,9,22.93,0
CITY_093,plus,app,2023-11-11,24353.0,7,42.79,1
CITY_043,plus,web,2024-01-29,32369.0,3,4.59,1
CITY_021,pro,web,2023-08-02,18125.0,8,13.55,0
CITY_168,plus,web,2024-02-11,50379.0,6,19.08,0
CITY_070,pro,phone,2023-05-13,16088.0,8,52.18,0
CITY_082,pro,app,2023-07-29,18407.0,13,34.62,1
CITY_040,pro,app,2024-03-02,12892.0,5,52.01,1
CITY_039,basic,app,2023-05-10,28169.0,4,18.42,1
CITY_136,basic,app,2024-12-05,10487.0,4,9.25,0
CITY_120,basic,web,2023-03-30,28660.0,11,24.61,0
CITY_173,basic,web,2024-08-28,35615.0,5,15.64,0
CITY_131,basic,app,2024-12-27,39648.0,2,24.97,0
CITY_176,basic,phone,2023-07-24,,3,15.55,1
CITY_089,basic,app,2024-08-24,,6,30.88,1
CITY_145,basic,app,2023-03-10,,3,68.51,1
CITY_052,plus,web,2024-01-05,8908.0,11,32.02,0
CITY_063,basic,app,2024-07-20,55935.0,2,16.95,1
CITY_060,basic,app,2024-05-19,20795.0,4,63.61,1
CITY_109,basic,phone,2023-10-11,41509.0,6,13.75,0
CITY_166,basic,web,2023-07-25,15426.0,1,17.75,0
CITY_176,basic,app,2024-12-17,68023.0,6,19.54,1
CITY_014,plus,web,2023-10-31,24954.0,4,18.46,0
CITY_178,pro,phone,2024-01-17,12064.0,5,29.74,0
CITY_043,pro,web,2024-02-14,19604.0,9,12.53,0
CITY_045,basic,phone,2024-01-06,39154.0,6,20.36,0
CITY_067,basic,web,2024-04-24,55334.0,9,26.17,1
CITY_088,plus,web,2023-06-21,40549.0,6,29.18,1
CITY_042,plus,app,2024-11-27,59380.0,8,57.77,0
CITY_109,basic,app,2024-12-28,13060.0,6,6.71,1
CITY_131,pro,app,2023-03-03,24027.0,7,19.58,1
CITY_114,plus,app,2023-06-20,27904.0,8,6.26,1
CITY_137,basic,web,2024-01-08,74523.0,5,20.38,1
CITY_021,basic,web,2024-01-04,49235.0,3,21.73,0
CITY_103,plus,web,2023-05-10,7684.0,5,39.03,1
CITY_038,basic,app,2023-06-30,7083.0,6,18.66,0
CITY_130,pro,app,2023-01-02,56095.0,6,8.89,0
CITY_107,basic,app,2024-10-01,33498.0,4,25.63,1
CITY_125,basic,app,2023-10-16,22523.0,6,13.23,0
CITY_160,plus,app,2024-08-08,24496.0,2,68.29,1
CITY_064,basic,web,2023-03-26,,5,101.91,1
CITY_098,pro,web,2023-03-17,15806.0,7,13.35,1
CITY_042,basic,web,2024-08-08,25436.0,8,71.89,1
CITY_178,plus,app,2023-12-11,27683.0,6,25.24,0
CITY_053,basic,web,2024-12-05,34892.0,3,63.19,1
CITY_029,basic,app,2023-04-29,,6,25.22,1
CITY_066,pro,web,2023-08-23,20517.0,6,24.01,0
CITY_019,plus,web,2023-04-19,40303.0,3,16.98,0
CITY_074,pro,web,2024-05-13,15498.0,3,13.32,0
CITY_157,basic,web,2024-09-02,,4,13.39,0
CITY_056,basic,app,2024-10-04,23011.0,5,27.42,0
CITY_033,plus,phone,2024-09-08,13638.0,9,11.63,1
CITY_156,pro,app,2024-10-08,26975.0,14,15.21,0
CITY_088,basic,web,2024-09-10,29603.0,5,21.81,1
CITY_093,basic,web,2024-03-02,,5,29.52,0
CITY_146,pro,web,2023-11-22,9463.0,1,19.67,0
CITY_154,basic,app,2024-07-24,13980.0,7,16.65,1
CITY_008,basic,app,2023-04-08,7634.0,3,17.56,1
CITY_037,basic,web,2024-10-23,25089.0,7,87.18,1
CITY_090,basic,app,2023-12-19,40024.0,2,8.33,0
CITY_093,basic,app,2024-11-17,,8,11.94,1
CITY_121,basic,app,2024-11-29,57780.0,3,89.14,1
CITY_160,basic,app,2023-03-21,,5,48.89,1
CITY_064,basic,web,2023-12-13,,9,14.11,0
CITY_154,plus,app,2024-12-16,106576.0,2,9.12,0
CITY_085,basic,app,2023-11-17,,3,31.22,1
CITY_165,plus,app,2023-03-05,24557.0,6,13.27,1
CITY_167,plus,web,2023-06-29,20860.0,8,6.07,0
CITY_028,plus,app,2023-03-26,10085.0,4,35.99,1
CITY_164,basic,app,2023-05-07,16403.0,11,38.78,1
CITY_127,basic,web,2024-11-21,13752.0,8,55.85,1
CITY_097,plus,app,2024-01-05,10059.0,6,15.52,1
CITY_054,basic,web,2024-04-04,48572.0,8,24.81,0
CITY_164,basic,app,2023-04-14,10681.0,9,13.92,0
CITY_097,basic,phone,2024-11-17,39814.0,5,11.97,0
CITY_149,plus,web,2024-08-03,37339.0,4,24.54,1
CITY_062,basic,web,2024-01-20,16457.0,12,11.18,1
CITY_153,plus,web,2024-02-23,39573.0,4,29.87,0
CITY_173,basic,web,2023-06-03,27381.0,13,47.47,1
CITY_061,plus,app,2023-08-22,68120.0,11,37.58,0
CITY_127,plus,web,2023-07-17,15050.0,4,10.77,0
CITY_046,plus,web,2024-02-05,,6,16.16,0
CITY_149,basic,web,2023-04-14,40008.0,8,24.36,1
CITY_088,plus,app,2023-12-31,53308.0,6,18.71,1
CITY_074,basic,app,2024-02-18,18663.0,6,14.28,0
CITY_105,basic,app,2024-06-10,10816.0,4,54.29,0
CITY_164,plus,app,2023-07-25,46509.0,9,36.95,0
CITY_118,basic,app,2023-05-27,14340.0,8,16.91,0
CITY_034,pro,web,2023-01-13,50161.0,4,24.38,0
CITY_084,pro,web,2023-01-26,,6,13.89,0
CITY_158,basic,web,2024-09-19,34870.0,9,31.73,0
CITY_016,plus,app,2024-10-04,36001.0,9,55.12,0
CITY_156,pro,web,2024-05-13,36112.0,10,30.87,0
CITY_070,basic,web,2024-02-03,,5,22.84,1
CITY_138,pro,web,2023-09-26,25119.0,4,26.1,0
CITY_055,basic,web,2023-12-25,23261.0,5,36.73,1
CITY_143,plus,web,2024-11-01,31736.0,9,15.37,1
CITY_113,plus,app,2023-01-07,58217.0,6,28.86,0
CITY_098,plus,web,2024-10-15,16196.0,8,13.01,0
CITY_120,basic,app,2024-02-06,29622.0,3,36.02,0
CITY_144,basic,web,2023-01-05,17029.0,9,93.93,1
CITY_008,pro,phone,2023-05-15,20964.0,5,20.09,0
CITY_025,basic,app,2023-01-02,16609.0,5,12.09,1
CITY_027,basic,phone,2023-01-25,34075.0,1,16.53,1
CITY_066,basic,phone,2024-06-21,28499.0,7,8.57,0
CITY_058,basic,web,2023-05-12,36097.0,6,13.57,1
CITY_145,plus,web,2023-11-09,,7,15.56,0
CITY_044,pro,web,2023-11-30,52711.0,4,79.42,0
CITY_018,basic,web,2024-11-23,20117.0,7,14.56,1
CITY_051,plus,web,2024-04-29,8972.0,5,10.86,0
CITY_082,basic,app,2024-10-19,15073.0,6,10.44,0
CITY_109,basic,app,2024-05-17,13010.0,12,31.37,1
CITY_171,basic,web,2023-09-05,52947.0,8,11.16,0
CITY_158,basic,app,2024-12-28,,5,12.17,1
CITY_165,plus,web,2024-05-10,40278.0,6,83.38,1
CITY_063,plus,web,2024-11-01,23623.0,4,32.43,1
CITY_146,plus,app,2024-03-10,40219.0,2,9.94,0
CITY_101,plus,phone,2023-10-20,,4,20.16,1
CITY_002,basic,web,2023-12-22,8424.0,9,25.83,1
CITY_052,plus,web,2023-11-24,22577.0,4,28.66,1
CITY_104,basic,web,2024-05-11,32551.0,5,13.6,1
CITY_151,plus,app,2024-05-29,23935.0,7,41.58,1
CITY_066,basic,web,2023-10-17,31393.0,4,22.19,0
CITY_084,basic,web,2024-08-26,28058.0,3,38.73,1
CITY_006,plus,app,2024-07-03,27228.0,8,34.03,0
CITY_037,basic,web,2024-07-22,28033.0,4,61.63,0
CITY_172,basic,app,2024-09-11,22567.0,6,33.68,1
CITY_057,plus,web,2023-05-08,56636.0,5,13.13,0
CITY_144,basic,web,2024-11-12,46351.0,5,18.47,1
CITY_098,basic,web,2023-09-11,15103.0,4,13.81,1
CITY_059,basic,web,2023-09-24,,4,16.69,0
CITY_100,plus,web,2023-01-20,46985.0,3,31.8,0
CITY_131,plus,app,2023-04-30,38099.0,5,39.61,1
CITY_033,basic,phone,2023-08-27,22185.0,4,56.94,1
CITY_145,basic,phone,2024-11-12,24267.0,3,26.77,1
CITY_080,plus,web,2024-08-17,40968.0,7,25.07,0
CITY_061,basic,app,2024-04-23,10298.0,11,8.87,0
CITY_057,basic,web,2023-08-24,,5,19.98,0
CITY_126,plus,app,2024-12-26,7224.0,2,29.26,1
CITY_073,pro,app,2024-06-15,32817.0,6,9.1,0
CITY_113,basic,app,2023-09-04,11880.0,6,53.34,0
CITY_171,plus,app,2024-06-16,14433.0,8,113.11,1
CITY_148,basic,app,2023-10-25,23053.0,9,16.81,1
CITY_067,plus,phone,2023-12-12,18986.0,6,16.82,0
CITY_156,basic,app,2023-10-13,30683.0,4,62.47,1
CITY_093,plus,web,2023-06-24,10744.0,5,11.72,0
CITY_055,plus,web,2023-09-18,20619.0,8,38.07,1
CITY_156,pro,web,2024-02-13,,5,66.15,1
CITY_144,pro,web,2023-08-18,35326.0,3,21.15,0
CITY_015,basic,app,2023-05-31,61972.0,2,76.57,1
CITY_050,basic,app,2024-08-06,20208.0,3,11.29,0
CITY_128,basic,app,2023-03-26,16575.0,12,8.15,1
CITY_014,basic,web,2023-04-02,47725.0,10,27.39,0
CITY_078,pro,app,2024-06-07,20303.0,7,27.96,0
CITY_143,basic,app,2024-11-25,43396.0,4,35.44,1
CITY_044,basic,app,2024-05-15,16915.0,2,5.61,1
CITY_010,basic,web,2024-06-21,,6,25.54,1
CITY_056,basic,app,2024-04-30,,9,16.47,0
CITY_134,basic,web,2023-03-19,19790.0,6,43.43,0
CITY_035,basic,app,2024-05-05,11454.0,8,16.92,1
CITY_148,basic,app,2023-01-07,50953.0,3,13.49,0
CITY_066,plus,web,2024-04-12,30134.0,7,13.13,1
CITY_030,pro,app,2023-06-05,15894.0,7,11.69,1
CITY_076,plus,app,2024-04-19,22228.0,5,28.75,0
CITY_012,basic,web,2024-03-05,68405.0,7,30.43,0
CITY_066,basic,web,2024-04-29,22167.0,6,50.94,1
CITY_130,plus,app,2023-07-05,13253.0,3,18.21,0
CITY_093,basic,web,2023-12-12,30176.0,3,8.09,0
CITY_041,basic,app,2023-12-24,8573.0,10,21.28,1
CITY_058,plus,app,2023-09-23,28257.0,8,59.97,0
CITY_178,basic,web,2023-06-09,37505.0,7,45.59,0
CITY_083,basic,web,2024-04-14,,10,11.94,0
CITY_083,plus,web,2023-11-25,10992.0,7,47.72,0
CITY_026,basic,app,2024-04-06,14462.0,4,19.92,1
CITY_018,basic,web,2024-12-06,50840.0,5,35.34,1
CITY_034,pro,phone,2024-11-17,12227.0,7,60.23,1
CITY_174,plus,app,2023-08-22,13741.0,9,24.32,1
CITY_020,basic,web,2024-11-01,67221.0,9,24.1,1
CITY_140,plus,app,2023-06-26,,7,8.11,0
CITY_043,pro,app,2023-01-13,18126.0,2,12.58,1
CITY_110,basic,web,2023-02-21,20863.0,5,13.79,1
CITY_043,plus,web,2023-10-31,37538.0,6,22.48,1
CITY_046,basic,app,2024-08-24,35536.0,6,41.76,0
CITY_144,basic,app,2023-04-19,49506.0,4,54.71,1
CITY_167,basic,web,2023-05-17,89455.0,5,10.64,1
CITY_171,plus,app,2024-08-07,19133.0,2,36.38,1
CITY_110,plus,web,2024-06-11,55697.0,6,51.84,1
CITY_148,basic,web,2023-11-09,32744.0,10,16.68,1
CITY_064,basic,web,2023-06-10,21663.0,6,5.21,0
CITY_105,plus,app,2023-02-17,27422.0,5,65.0,1
CITY_024,basic,app,2024-03-28,18593.0,6,22.35,0
CITY_151,basic,phone,2024-07-17,35851.0,8,21.54,0
CITY_010,plus,app,2024-11-01,91179.0,4,9.83,1
CITY_028,plus,app,2024-02-19,29032.0,7,12.41,1
CITY_145,basic,phone,2023-07-13,15302.0,8,25.81,0
CITY_049,basic,app,2024-08-10,,5,30.73,1
CITY_040,basic,app,2024-12-12,28233.0,5,28.27,0
CITY_133,basic,web,2023-08-01,17086.0,3,21.63,0
CITY_080,basic,app,2023-01-28,40678.0,4,15.93,1
CITY_106,basic,app,2023-02-08,35162.0,5,35.32,1
CITY_016,basic,app,2024-01-30,34834.0,3,50.44,0
CITY_159,pro,app,2024-01-20,32760.0,5,37.18,0
CITY_040,basic,app,2024-09-27,65552.0,5,37.87,0
CITY_031,basic,app,2023-12-07,15547.0,7,4.13,0
CITY_028,pro,app,2023-04-09,29736.0,4,27.28,0
CITY_109,basic,web,2024-02-12,40001.0,7,6.32,0
CITY_152,plus,web,2024-05-31,22526.0,4,16.76,0
CITY_165,basic,web,2024-07-16,41880.0,4,11.84,1
CITY_039,plus,app,2023-05-02,21805.0,5,5.51,0
CITY_025,basic,web,2023-12-13,25192.0,9,38.79,1
CITY_064,pro,web,2023-08-16,12725.0,4,40.65,1
CITY_024,basic,web,2023-04-04,,8,8.89,0
CITY_018,basic,web,2024-09-13,19355.0,4,5.61,1
CITY_067,plus,app,2024-06-13,34185.0,6,9.62,0
CITY_053,basic,app,2024-12-01,12291.0,3,41.15,1
CITY_039,basic,web,2024-03-12,24208.0,8,33.31,0
CITY_016,plus,web,2023-11-01,12291.0,4,22.16,0
CITY_080,basic,app,2024-12-06,17569.0,10,30.68,1
CITY_109,plus,phone,2024-07-29,12175.0,5,17.03,0
CITY_025,basic,app,2024-04-08,34505.0,4,37.29,0
CITY_064,pro,app,2023-11-17,12508.0,4,38.95,1
CITY_048,plus,app,2023-04-23,34619.0,4,27.17,1
CITY_070,basic,app,2023-09-13,14664.0,10,21.85,1
CITY_072,basic,web,2023-12-05,,9,36.46,1
CITY_178,plus,web,2023-08-06,32723.0,4,6.67,0
CITY_122,basic,web,2023-08-25,19161.0,6,24.37,0
CITY_120,basic,web,2024-08-30,27450.0,7,11.05,1
CITY_146,basic,web,2024-10-31,30794.0,5,33.23,0
CITY_108,basic,phone,2023-11-18,23308.0,8,13.43,1
CITY_147,pro,web,2023-10-28,41098.0,5,19.09,0
CITY_032,basic,app,2024-01-23,36311.0,9,21.7,0
CITY_048,basic,app,2023-03-24,46923.0,4,6.63,1
CITY_176,pro,web,2024-06-25,,6,23.99,0
CITY_073,basic,app,2024-06-06,20480.0,5,37.39,1
CITY_103,plus,web,2023-11-27,15978.0,8,23.1,0
CITY_014,plus,web,2023-06-16,36316.0,1,59.89,1
CITY_066,basic,web,2024-06-22,13531.0,5,19.34,1
CITY_070,plus,web,2024-06-01,35202.0,3,9.86,0
CITY_038,basic,web,2023-07-31,77698.0,6,3.28,0
CITY_037,basic,web,2023-09-13,30655.0,7,61.25,1
CITY_128,basic,web,2024-11-07,21326.0,10,30.77,0
CITY_060,basic,app,2023-07-03,33024.0,6,59.78,1
CITY_176,basic,phone,2024-02-23,21165.0,7,19.18,0
CITY_001,pro,app,2023-07-16,,7,18.6,0
CITY_107,basic,app,2023-12-15,31759.0,3,5.71,0
CITY_157,pro,app,2024-01-07,20475.0,5,6.37,0
CITY_130,plus,app,2023-08-25,15131.0,4,16.37,0
CITY_108,basic,web,2024-01-30,54380.0,14,24.49,0
CITY_146,plus,web,2023-04-21,21622.0,8,53.1,1
CITY_080,plus,app,2024-05-23,49075.0,5,23.77,0
CITY_160,plus,app,2023-04-08,44073.0,5,24.83,1
CITY_118,plus,app,2023-12-01,43083.0,7,23.83,0
CITY_167,plus,app,2023-10-22,54931.0,9,17.7,1
CITY_014,pro,phone,2023-01-26,19959.0,4,64.77,1
CITY_168,basic,web,2023-07-10,23769.0,8,28.58,1
CITY_158,plus,phone,2023-11-14,23110.0,9,24.93,0
CITY_117,basic,web,2024-05-08,44290.0,7,11.91,0
CITY_136,basic,web,2024-10-11,17007.0,4,15.42,0
CITY_059,basic,web,2023-04-22,38246.0,12,4.14,1
CITY_050,basic,web,2023-02-01,16519.0,6,10.61,0
CITY_083,plus,web,2024-08-04,19657.0,7,113.9,0
CITY_070,basic,web,2024-04-05,33225.0,7,16.3,0
CITY_132,basic,web,2024-03-18,34588.0,6,24.57,0
CITY_023,plus,web,2024-09-20,30541.0,4,51.6,0
CITY_125,basic,app,2023-01-21,17106.0,2,43.6,1
CITY_029,basic,web,2023-12-31,,6,23.99,0
CITY_128,basic,app,2023-07-10,59352.0,4,30.71,1
CITY_120,basic,app,2024-10-24,49583.0,7,25.75,1
CITY_115,basic,app,2024-07-24,13571.0,8,19.76,0
CITY_099,basic,web,2024-05-26,14426.0,7,32.44,1
CITY_027,plus,app,2023-09-30,,5,16.65,0
CITY_121,plus,web,2023-10-30,111602.0,1,38.18,0
CITY_103,basic,app,2024-03-04,48634.0,3,15.46,0
CITY_068,pro,web,2024-09-18,30505.0,7,61.41,0
CITY_052,basic,phone,2023-11-15,27366.0,5,31.51,1
CITY_062,plus,web,2024-11-08,16962.0,3,9.5,1
CITY_099,plus,phone,2024-03-05,42460.0,6,18.82,0
CITY_013,pro,web,2023-07-27,18947.0,8,32.04,1
CITY_088,basic,web,2024-09-13,19725.0,4,37.84,1
CITY_086,plus,web,2024-06-17,24480.0,7,15.57,1
CITY_037,plus,app,2023-12-07,,7,8.87,0
CITY_162,plus,app,2024-07-09,23534.0,5,14.82,0
CITY_064,basic,phone,2024-04-13,27252.0,4,39.64,0
CITY_018,plus,web,2024-02-09,71468.0,9,22.07,0
CITY_162,basic,web,2023-08-23,28192.0,5,24.65,1
CITY_102,basic,web,2024-06-17,17452.0,8,15.53,0
CITY_158,pro,app,2024-01-24,66990.0,4,34.14,0
CITY_104,basic,web,2023-01-20,23240.0,6,27.58,0
CITY_071,basic,phone,2023-10-03,7624.0,4,21.42,1
CITY_110,plus,web,2024-03-07,22817.0,4,25.2,0
CITY_179,plus,web,2023-12-24,24084.0,5,33.31,1
CITY_028,basic,app,2023-12-16,21368.0,9,33.02,1
CITY_144,basic,app,2023-03-19,40723.0,12,19.1,0
CITY_058,plus,app,2024-11-14,38025.0,5,37.9,0
CITY_177,pro,app,2024-04-12,22040.0,8,20.82,0
CITY_018,pro,app,2023-09-03,47393.0,6,281.9,1
CITY_100,basic,web,2024-02-05,41706.0,3,89.5,1
CITY_098,basic,web,2024-11-24,27162.0,8,103.82,1
CITY_150,basic,app,2024-11-09,24876.0,7,8.38,0
CITY_070,basic,web,2023-08-28,28451.0,9,31.37,1
CITY_169,plus,web,2024-05-07,29948.0,10,70.78,1
CITY_017,basic,phone,2024-07-09,12524.0,5,4.29,1
CITY_019,basic,web,2023-11-04,24937.0,6,32.17,1
CITY_046,plus,app,2023-03-11,14578.0,4,36.36,1
CITY_126,basic,web,2023-01-11,33284.0,6,24.21,0
CITY_018,basic,web,2023-02-27,21514.0,4,35.95,0
CITY_119,plus,web,2024-01-08,22548.0,6,12.91,1
CITY_000,basic,web,2023-07-21,17535.0,12,72.93,0
CITY_049,plus,app,2023-02-08,30796.0,3,37.02,0
CITY_026,plus,app,2023-06-04,18489.0,4,16.34,0
CITY_008,plus,app,2023-08-12,14111.0,4,12.12,1
CITY_071,pro,web,2023-05-18,23105.0,5,17.6,0
CITY_046,plus,web,2023-04-24,22187.0,12,30.26,0
CITY_056,basic,app,2023-04-16,11780.0,5,40.75,1
CITY_030,basic,web,2023-03-22,,8,47.69,1
CITY_128,basic,app,2024-12-19,26951.0,5,23.37,1
CITY_166,plus,web,2024-10-17,30032.0,6,22.19,0
CITY_104,basic,web,2023-07-23,42351.0,5,73.88,1
CITY_141,pro,phone,2023-12-04,35706.0,6,34.33,0
CITY_086,plus,web,2023-10-31,15690.0,8,17.04,0
CITY_091,basic,web,2023-03-10,29375.0,4,5.27,0
CITY_172,basic,web,2024-09-30,15622.0,9,36.88,1
CITY_103,plus,web,2023-04-27,,2,20.7,0
CITY_020,pro,web,2024-12-16,24103.0,6,46.35,0
CITY_000,plus,web,2024-11-19,16776.0,3,11.79,1
CITY_029,basic,app,2024-08-19,18079.0,8,28.51,1
CITY_141,basic,web,2024-08-06,27187.0,8,5.33,0
CITY_170,plus,web,2023-08-04,89743.0,5,17.11,0
CITY_046,basic,phone,2023-04-09,47959.0,5,19.33,1
CITY_001,pro,phone,2024-05-15,16626.0,7,28.53,0
CITY_145,plus,app,2024-08-06,,11,72.14,1
CITY_158,basic,web,2024-01-09,149789.0,6,14.98,0
CITY_161,plus,web,2023-12-26,32201.0,5,21.09,1
CITY_060,plus,app,2024-07-07,20382.0,8,39.29,0
CITY_059,pro,web,2024-11-29,22000.0,10,100.1,0
CITY_114,plus,web,2023-04-04,29472.0,6,23.51,1
CITY_030,plus,web,2023-02-08,27129.0,10,22.6,1
CITY_133,basic,web,2024-12-05,5690.0,1,20.56,1
CITY_006,plus,app,2024-03-23,21888.0,8,35.8,1
CITY_082,plus,web,2023-03-10,19017.0,4,16.8,0
CITY_155,basic,app,2024-10-25,80890.0,8,13.58,0
CITY_121,basic,phone,2024-10-09,39890.0,4,39.51,0
CITY_176,basic,app,2024-05-06,24537.0,7,32.93,0
CITY_172,plus,app,2023-03-30,46714.0,6,28.1,0
CITY_120,basic,app,2024-07-10,21897.0,10,19.27,0
CITY_095,basic,web,2024-04-06,32556.0,7,44.05,0
CITY_156,basic,web,2024-01-01,35543.0,9,77.37,1
CITY_145,pro,phone,2023-06-30,45082.0,3,68.41,0
CITY_069,basic,phone,2024-10-21,18836.0,6,84.41,1
CITY_173,basic,web,2023-04-27,,3,38.95,1
CITY_015,basic,web,2024-12-23,28556.0,3,19.91,1
CITY_166,basic,app,2023-12-15,,3,15.71,1
CITY_168,plus,web,2023-12-03,30557.0,5,36.42,1
CITY_118,basic,app,2023-12-17,86043.0,5,17.97,0
CITY_077,plus,app,2023-10-15,27910.0,5,38.98,1
CITY_091,basic,web,2023-11-09,27812.0,2,12.43,0
CITY_159,basic,app,2023-03-09,26068.0,6,70.68,1
CITY_145,plus,web,2023-09-23,12453.0,8,13.39,0
CITY_014,basic,phone,2023-01-03,,10,60.77,1
CITY_041,basic,app,2023-02-15,68855.0,7,20.31,0
CITY_163,basic,phone,2024-05-23,16592.0,3,13.23,0
CITY_173,basic,web,2024-05-23,25276.0,6,13.05,0
CITY_019,basic,web,2024-05-30,37230.0,5,80.86,1
CITY_157,basic,web,2023-10-01,40062.0,9,4.62,0
CITY_008,basic,web,2023-01-14,34810.0,6,69.41,1
CITY_149,basic,app,2024-06-12,14227.0,5,13.34,1
CITY_161,basic,web,2023-04-05,36992.0,6,62.0,1
CITY_168,pro,web,2023-08-12,6445.0,5,45.3,0
CITY_009,basic,phone,2023-09-17,12960.0,6,26.95,1
CITY_086,basic,web,2023-06-07,51177.0,4,19.48,1
CITY_062,plus,app,2023-08-24,39582.0,5,10.26,0
CITY_147,basic,app,2024-01-24,9611.0,9,21.43,1
CITY_049,basic,web,2023-04-03,45112.0,6,49.15,1
CITY_036,pro,web,2024-03-10,11215.0,9,7.88,0
CITY_164,basic,app,2023-09-06,12947.0,3,12.79,1
CITY_175,basic,app,2023-07-08,19005.0,7,34.23,1
CITY_023,plus,web,2023-11-22,37210.0,3,24.31,1
CITY_111,basic,app,2024-06-17,17722.0,4,14.49,0
CITY_029,plus,web,2023-03-15,25173.0,3,49.6,1
CITY_171,basic,web,2024-06-17,24473.0,7,42.42,1
CITY_035,basic,web,2024-05-22,12747.0,6,16.73,0
CITY_045,basic,web,2024-09-09,25935.0,9,41.46,0
CITY_079,plus,web,2024-03-24,31005.0,3,31.86,0
CITY_047,basic,phone,2023-05-09,29538.0,8,11.77,0
CITY_137,basic,app,2024-03-01,36310.0,9,24.9,0
CITY_166,plus,web,2023-04-06,28570.0,2,13.81,0
CITY_147,basic,app,2024-10-05,34712.0,6,21.97,1
CITY_153,plus,app,2024-05-15,20188.0,3,25.65,0
CITY_044,pro,web,2024-04-11,33929.0,9,32.25,0
CITY_111,plus,app,2023-06-04,14306.0,10,21.11,1
CITY_028,basic,web,2024-04-25,20435.0,6,52.41,1
CITY_122,basic,app,2023-12-01,11849.0,2,7.54,1
CITY_005,plus,web,2024-11-24,44896.0,5,10.16,1
CITY_035,basic,web,2024-11-15,14154.0,8,17.73,0
CITY_121,basic,app,2024-04-26,17189.0,7,25.78,0
CITY_062,basic,web,2024-06-22,38261.0,9,5.69,0
CITY_092,basic,web,2024-12-20,40781.0,4,8.54,1
CITY_053,pro,web,2023-12-12,44448.0,9,19.82,0
CITY_069,plus,web,2023-09-12,,3,31.57,0
CITY_013,basic,web,2024-01-11,25343.0,2,44.84,1
CITY_127,basic,web,2024-04-27,,5,8.44,1
CITY_118,plus,app,2023-10-23,48115.0,11,13.79,1
CITY_005,basic,app,2023-11-22,,7,24.98,1
CITY_083,basic,app,2024-10-16,15091.0,8,26.52,1
CITY_007,plus,phone,2024-07-17,10129.0,6,16.22,1
CITY_078,basic,app,2023-08-23,,8,17.44,1
CITY_006,basic,web,2024-10-06,20454.0,7,10.39,1
CITY_145,basic,app,2023-02-17,31273.0,4,44.91,1
CITY_121,plus,phone,2024-01-10,35091.0,6,7.9,0
CITY_020,basic,web,2024-02-15,16007.0,6,76.81,0
CITY_068,basic,web,2023-10-22,32675.0,9,20.07,0
CITY_098,plus,web,2024-01-04,16196.0,9,18.11,0
CITY_087,pro,web,2023-06-02,44673.0,5,7.44,0
CITY_062,plus,web,2024-10-14,21315.0,10,26.71,0
CITY_151,pro,web,2023-06-20,12613.0,7,12.2,0
CITY_068,basic,web,2024-11-25,39101.0,3,30.51,0
CITY_079,basic,phone,2024-07-01,56921.0,9,14.89,0
CITY_123,plus,app,2024-06-13,15027.0,5,15.14,1
CITY_161,plus,phone,2023-12-29,22211.0,6,23.42,0
CITY_151,basic,web,2024-09-20,33778.0,4,36.67,1
CITY_149,basic,phone,2024-06-25,37013.0,9,12.64,0
CITY_086,basic,app,2024-09-02,21991.0,9,23.66,0
CITY_087,pro,web,2023-10-03,51351.0,5,7.53,0
CITY_024,basic,web,2024-04-25,,4,12.41,0
CITY_026,basic,web,2024-01-23,67871.0,7,23.14,0
CITY_038,plus,app,2023-01-14,16522.0,6,21.15,0
CITY_098,basic,web,2024-08-03,25570.0,7,8.02,1
CITY_004,pro,app,2024-03-28,33244.0,7,16.55,0
CITY_177,basic,app,2023-04-22,11272.0,4,24.46,1
CITY_004,basic,web,2023-11-01,47690.0,5,32.5,1
CITY_127,plus,web,2023-04-17,58146.0,12,10.76,0
CITY_010,pro,phone,2023-10-21,25198.0,2,12.98,1
CITY_112,basic,phone,2023-05-24,16521.0,5,63.97,1
CITY_157,basic,web,2023-03-11,91638.0,9,39.37,0
CITY_085,pro,app,2024-07-16,58552.0,5,20.07,0
CITY_023,basic,app,2023-10-02,46880.0,8,24.38,1
CITY_075,plus,app,2023-10-13,44713.0,5,15.34,0
CITY_045,basic,app,2023-05-28,32754.0,5,23.43,0
CITY_026,pro,app,2024-12-20,10158.0,7,29.34,0
CITY_156,pro,web,2024-09-13,87720.0,4,17.01,1
CITY_030,basic,app,2023-09-28,22651.0,6,63.49,1
CITY_095,basic,app,2023-03-11,62873.0,4,58.77,1
CITY_061,plus,app,2024-03-04,11721.0,7,25.35,0
CITY_073,plus,web,2024-10-02,59621.0,5,8.9,0
CITY_067,basic,web,2023-01-27,,1,48.81,1
CITY_073,basic,phone,2024-04-14,35229.0,5,6.67,1
CITY_103,pro,web,2024-03-27,20354.0,9,62.65,0
CITY_106,basic,phone,2023-10-11,10730.0,4,18.15,1
CITY_002,basic,phone,2023-07-05,23656.0,7,28.33,1
CITY_107,plus,app,2023-11-17,,5,8.93,0
CITY_085,plus,web,2024-05-14,38671.0,10,31.46,1
CITY_122,basic,app,2024-07-19,32192.0,10,55.09,1
CITY_042,pro,web,2023-06-20,27779.0,4,78.75,1
CITY_024,basic,app,2024-07-13,21787.0,4,19.7,1
CITY_008,plus,web,2023-08-17,17652.0,1,46.58,1
CITY_157,basic,web,2024-04-16,22336.0,3,8.88,1
CITY_059,basic,app,2024-09-25,19211.0,3,19.11,0
CITY_142,plus,app,2024-09-16,,7,18.24,1
CITY_094,basic,app,2024-12-13,21690.0,10,43.85,1
CITY_047,pro,app,2024-08-24,20110.0,6,12.01,0
CITY_076,basic,phone,2024-08-09,25432.0,9,19.57,0
CITY_171,basic,web,2024-07-06,19152.0,8,9.95,0
CITY_109,plus,app,2023-03-12,41235.0,5,10.37,0
CITY_166,basic,web,2023-12-28,28905.0,6,19.6,1
CITY_082,pro,web,2023-10-13,18825.0,7,36.64,1
CITY_108,basic,web,2023-12-26,9946.0,7,85.37,1
CITY_177,basic,phone,2023-01-17,81138.0,4,14.1,1
CITY_172,plus,web,2024-12-24,41798.0,8,12.99,0
CITY_166,plus,web,2024-02-25,14255.0,7,40.58,0
CITY_030,basic,web,2024-08-10,42994.0,7,7.91,0
CITY_084,pro,app,2024-08-28,9604.0,6,7.99,1
CITY_077,basic,app,2023-06-26,14476.0,5,71.99,1
CITY_071,pro,app,2023-07-17,39044.0,8,6.84,0
CITY_102,plus,web,2023-06-11,39276.0,3,27.87,0
CITY_102,pro,app,2023-11-27,56217.0,3,31.6,0
CITY_101,plus,web,2024-05-15,13850.0,9,14.82,1
CITY_077,basic,app,2024-05-06,30227.0,3,16.88,0
CITY_039,basic,phone,2023-10-19,42184.0,2,16.53,0
CITY_023,basic,app,2024-03-15,25939.0,6,39.46,1
CITY_158,pro,app,2024-02-14,18802.0,2,21.4,1
CITY_015,plus,phone,2023-09-10,23986.0,9,30.55,0
CITY_001,plus,web,2023-01-11,,5,30.15,1
CITY_141,basic,app,2023-05-26,45570.0,6,33.37,1
CITY_160,basic,app,2024-08-26,25766.0,6,45.22,0
CITY_102,basic,app,2024-07-25,16658.0,4,11.58,1
CITY_068,basic,app,2024-03-11,31841.0,6,28.14,1
CITY_173,basic,phone,2023-10-26,27843.0,10,49.7,1
CITY_100,plus,web,2023-07-31,37242.0,5,17.08,0
CITY_040,plus,app,2023-07-25,28224.0,4,17.57,0
CITY_038,basic,app,2024-11-18,52538.0,7,10.39,0
CITY_157,plus,phone,2023-12-04,32089.0,5,38.49,0
CITY_121,plus,web,2024-06-05,17294.0,12,22.95,0
CITY_171,plus,app,2024-07-17,19185.0,5,22.18,1
CITY_077,basic,app,2023-02-09,61127.0,1,12.79,0
CITY_122,plus,phone,2024-01-25,,7,17.76,0
CITY_074,plus,web,2023-06-25,21139.0,7,81.71,0
CITY_008,plus,app,2024-05-29,32182.0,4,21.55,0
CITY_124,plus,app,2024-08-10,35825.0,4,54.96,1
CITY_066,plus,phone,2024-01-31,23933.0,6,32.34,1
CITY_144,plus,web,2024-06-29,18289.0,4,9.78,0
CITY_044,basic,web,2024-11-23,13966.0,3,10.37,1
CITY_092,plus,phone,2024-12-05,22437.0,6,13.28,1
CITY_119,pro,phone,2023-09-14,24096.0,8,7.98,0
CITY_042,basic,app,2024-07-31,46612.0,9,21.21,0
CITY_015,basic,web,2024-04-11,24857.0,5,5.2,1
CITY_159,basic,web,2024-01-17,23384.0,6,22.17,1
CITY_021,basic,web,2024-05-17,47549.0,3,63.15,0
CITY_061,basic,web,2023-05-16,24151.0,7,57.73,1
CITY_049,plus,web,2023-12-26,21081.0,5,42.06,1
CITY_054,basic,phone,2023-10-18,33523.0,9,38.52,1
CITY_016,basic,app,2023-04-01,20730.0,3,21.21,0
CITY_071,basic,app,2023-06-23,30322.0,11,31.27,0
CITY_067,plus,web,2023-02-22,18775.0,6,14.76,1
CITY_148,pro,phone,2023-06-15,31321.0,6,6.34,0
CITY_092,basic,app,2023-06-08,32044.0,10,10.1,0
CITY_010,basic,app,2024-02-01,25054.0,4,7.2,1
CITY_019,plus,web,2023-10-17,19291.0,5,21.48,0
CITY_097,plus,phone,2024-08-28,34166.0,3,54.97,0
CITY_041,basic,web,2023-06-11,34087.0,5,24.03,0
CITY_032,pro,app,2024-02-11,,3,9.39,0
CITY_000,plus,web,2024-10-01,25160.0,7,30.62,0
CITY_115,plus,web,2023-04-19,,10,22.26,1
CITY_065,pro,web,2024-11-16,38515.0,8,6.64,0
CITY_135,basic,app,2024-03-25,28671.0,9,13.51,0
CITY_165,plus,app,2023-02-07,41252.0,14,10.4,0
CITY_127,plus,phone,2024-04-16,23034.0,4,12.31,0
CITY_023,basic,web,2024-02-19,9228.0,4,70.05,1
CITY_044,basic,phone,2024-06-22,26987.0,5,10.28,1
CITY_152,basic,app,2023-09-08,23996.0,3,13.56,1
CITY_068,pro,phone,2024-10-22,29433.0,5,22.32,0
CITY_030,plus,web,2024-12-03,23653.0,5,64.6,0
CITY_175,pro,web,2023-01-06,64324.0,10,10.92,0
CITY_063,basic,app,2023-09-16,,2,5.59,1
CITY_030,basic,web,2024-07-08,22418.0,4,9.72,1
CITY_005,pro,web,2023-05-22,21606.0,8,7.06,0
CITY_035,pro,app,2023-05-12,23553.0,3,12.05,0
CITY_162,plus,web,2023-02-11,31808.0,6,18.56,0
CITY_088,plus,web,2023-08-05,47687.0,6,138.28,0
CITY_067,basic,phone,2023-11-19,22959.0,8,18.96,0
CITY_173,plus,phone,2024-02-06,28104.0,3,55.97,1
CITY_068,plus,web,2024-02-15,70549.0,3,70.97,0
CITY_026,basic,app,2024-11-26,18177.0,8,27.83,0
CITY_150,plus,app,2023-02-03,20890.0,6,68.8,1
CITY_032,basic,app,2024-12-15,27912.0,4,149.95,1
CITY_083,plus,web,2023-03-04,30184.0,8,29.34,0
CITY_126,basic,web,2024-10-15,24646.0,5,6.8,0
CITY_165,pro,web,2024-02-16,18658.0,3,28.53,1
CITY_101,basic,web,2024-10-13,,3,35.46,0
CITY_147,basic,app,2023-01-09,15437.0,3,22.65,0
CITY_172,plus,app,2024-02-27,17828.0,9,9.12,0
CITY_028,pro,web,2024-04-29,70977.0,3,59.13,0
CITY_058,basic,web,2024-09-30,19897.0,7,23.12,0
CITY_148,plus,app,2024-05-03,19362.0,8,13.43,0
CITY_142,basic,app,2024-12-01,39674.0,4,8.41,0
CITY_097,plus,web,2024-11-16,12140.0,7,9.64,0
CITY_126,basic,app,2024-08-08,18671.0,6,2.54,1
CITY_109,basic,web,2024-02-01,9134.0,4,23.1,1
CITY_089,basic,web,2024-04-18,48718.0,6,15.14,0
CITY_051,basic,web,2024-03-25,34826.0,7,8.55,0
CITY_142,plus,app,2024-03-20,76037.0,2,39.7,0
CITY_007,pro,app,2024-08-21,11374.0,5,37.83,1
CITY_170,basic,phone,2024-01-29,35936.0,3,25.44,0
CITY_163,basic,app,2024-05-05,19850.0,8,6.78,0
CITY_028,plus,web,2024-10-04,43760.0,6,35.26,0
CITY_120,basic,web,2024-06-09,52163.0,10,11.63,0
CITY_112,pro,phone,2024-12-25,18437.0,5,36.84,0
CITY_101,plus,web,2023-05-24,7386.0,7,20.37,1
CITY_013,pro,web,2024-02-26,36240.0,6,18.01,0
CITY_075,basic,web,2024-04-30,32044.0,3,10.58,0
CITY_106,pro,web,2023-02-12,18592.0,2,18.11,0
CITY_163,plus,web,2023-09-20,17533.0,3,5.86,0
CITY_144,plus,web,2024-02-10,,3,29.92,1
CITY_046,basic,web,2024-05-30,21217.0,4,18.24,1
CITY_031,basic,app,2023-12-01,11701.0,5,72.14,1
CITY_174,plus,web,2024-01-25,46056.0,4,55.66,0
CITY_173,basic,web,2024-04-23,21474.0,5,8.23,1
CITY_047,plus,app,2023-02-23,49390.0,5,19.26,0
CITY_117,basic,app,2024-04-20,73847.0,5,14.65,1
CITY_164,basic,app,2024-12-18,31523.0,8,22.08,1
CITY_096,plus,app,2024-11-30,23995.0,3,24.55,0
CITY_133,plus,phone,2023-09-09,18342.0,9,50.81,0
CITY_088,pro,web,2024-06-04,27342.0,6,21.05,0
CITY_049,basic,app,2024-06-24,39726.0,6,3.27,0
CITY_159,plus,web,2024-04-03,21042.0,5,21.14,0
CITY_080,basic,web,2024-02-26,29440.0,13,8.43,1
CITY_038,plus,web,2023-01-16,56873.0,5,28.88,0
CITY_117,basic,app,2023-11-07,23897.0,10,15.75,1
CITY_150,plus,phone,2023-08-26,34004.0,7,23.76,0
CITY_010,basic,web,2023-03-06,24663.0,6,31.42,0
CITY_002,basic,web,2023-06-21,20687.0,7,19.2,0
CITY_121,pro,web,2024-08-26,45840.0,8,15.87,0
CITY_116,basic,app,2023-07-09,18040.0,5,50.43,1
CITY_048,basic,web,2024-03-05,34858.0,2,15.57,0
CITY_154,pro,phone,2024-03-05,12466.0,9,32.05,1
CITY_157,pro,web,2024-11-30,23570.0,2,10.46,0
CITY_151,plus,web,2023-05-28,33400.0,6,30.79,1
CITY_137,basic,app,2024-12-26,20264.0,6,23.7,0
CITY_004,basic,web,2023-06-20,29537.0,9,15.96,0
CITY_081,basic,web,2023-08-24,18800.0,8,25.46,0
CITY_169,plus,app,2024-06-11,49658.0,7,11.27,0
CITY_063,plus,app,2023-07-23,28738.0,7,12.29,0
CITY_042,plus,web,2024-08-25,23926.0,8,51.63,1
CITY_008,basic,web,2023-09-25,15235.0,3,12.32,0
CITY_092,basic,web,2023-11-24,21980.0,4,25.12,1
CITY_120,basic,app,2023-10-12,14705.0,9,104.04,1
CITY_061,plus,app,2023-08-07,54391.0,4,25.65,0
CITY_014,basic,web,2024-07-28,31292.0,4,20.72,1
CITY_139,basic,web,2023-11-09,21134.0,5,12.79,1
CITY_096,plus,app,2024-05-17,37042.0,7,27.85,0
CITY_025,pro,phone,2024-08-22,66047.0,2,21.87,0
CITY_022,basic,app,2024-03-28,106770.0,6,14.95,1
CITY_052,plus,web,2023-08-09,55442.0,7,59.97,1
CITY_128,basic,phone,2023-06-21,26539.0,4,4.87,0
CITY_155,pro,phone,2024-02-28,,5,35.69,0
CITY_055,basic,web,2023-08-08,11054.0,6,22.59,0
CITY_138,basic,app,2023-06-06,23075.0,10,15.79,0
CITY_178,plus,app,2023-06-18,19140.0,4,32.85,1
CITY_017,basic,web,2023-10-25,28989.0,7,26.79,0
CITY_067,pro,web,2024-02-12,,7,26.83,1
CITY_171,plus,app,2023-11-11,20742.0,9,26.27,1
CITY_006,basic,app,2024-01-25,40720.0,13,10.16,1
CITY_068,basic,web,2024-12-11,14127.0,6,16.08,0
CITY_015,basic,web,2023-01-11,83796.0,5,10.82,0
CITY_043,basic,app,2023-11-20,28177.0,6,8.84,1
CITY_022,basic,phone,2023-01-31,31364.0,7,20.55,0
CITY_102,plus,web,2023-06-13,28235.0,8,13.82,1
CITY_031,plus,app,2023-01-08,23015.0,8,36.64,1
CITY_157,basic,app,2023-11-23,15133.0,5,37.68,0
CITY_073,plus,web,2023-12-01,17269.0,3,52.09,0
CITY_151,basic,phone,2024-08-28,24841.0,8,19.87,1
CITY_101,plus,app,2023-06-06,41450.0,2,57.73,0
CITY_033,plus,app,2024-06-27,14243.0,7,42.24,1
CITY_002,plus,app,2024-10-06,28961.0,13,48.53,1
CITY_122,basic,phone,2023-08-20,20811.0,9,11.46,1
CITY_081,plus,web,2024-02-04,15553.0,2,30.24,1
CITY_038,basic,web,2024-09-20,26785.0,5,42.48,1
CITY_095,pro,web,2023-05-07,34090.0,11,73.09,0
CITY_108,basic,web,2023-03-11,24604.0,4,16.37,0
CITY_075,basic,app,2023-04-26,45402.0,3,9.91,0
CITY_025,basic,web,2023-12-22,52902.0,7,34.55,0
CITY_107,plus,app,2023-08-24,95217.0,6,57.22,1
CITY_120,basic,app,2024-06-19,29723.0,3,21.47,0
CITY_000,basic,web,2024-06-15,27115.0,16,12.14,0
CITY_176,plus,app,2023-09-30,34868.0,5,17.27,0
CITY_077,basic,web,2024-06-10,37057.0,6,6.83,0
CITY_052,basic,app,2023-09-20,30446.0,10,19.88,0
CITY_138,basic,app,2023-03-08,55943.0,6,39.26,0
CITY_010,plus,app,2023-03-29,50628.0,5,12.99,1
CITY_003,basic,app,2024-09-16,22869.0,7,28.12,0
CITY_042,pro,web,2024-05-03,116230.0,6,23.53,0
CITY_078,pro,app,2023-10-15,46976.0,6,26.19,0
CITY_023,plus,app,2024-04-26,30928.0,8,18.76,0
CITY_065,plus,web,2024-07-19,,3,34.3,0
CITY_138,pro,phone,2024-09-10,21923.0,5,98.95,1
CITY_095,plus,app,2023-03-04,24490.0,8,7.24,0
CITY_174,plus,web,2024-08-31,14681.0,3,12.65,1
CITY_009,basic,app,2023-11-29,19104.0,7,27.07,0
CITY_048,basic,web,2023-12-17,23107.0,8,14.96,1
CITY_112,basic,web,2024-01-15,24975.0,8,24.7,1
CITY_151,basic,web,2024-03-22,9327.0,5,22.23,0
CITY_162,plus,app,2023-10-30,27534.0,3,12.91,1
CITY_167,pro,web,2023-07-29,20084.0,7,9.5,1
CITY_179,plus,web,2023-08-02,21983.0,7,22.61,0
CITY_102,pro,web,2024-10-29,20635.0,5,31.57,1
CITY_129,plus,phone,2024-09-21,54698.0,6,25.69,0
CITY_142,plus,web,2024-10-26,30318.0,8,18.22,0
CITY_010,basic,web,2023-04-21,,7,21.57,0
CITY_034,pro,web,2024-04-19,,11,54.85,1
CITY_145,basic,web,2023-05-27,17507.0,8,12.01,0
CITY_001,basic,web,2024-04-18,21015.0,5,14.24,1
CITY_082,basic,app,2024-03-11,22722.0,4,14.45,0
CITY_106,plus,web,2023-06-02,46324.0,4,8.04,0
CITY_101,basic,app,2023-10-14,52397.0,9,13.53,0
CITY_159,plus,phone,2024-01-23,24578.0,5,37.4,1
CITY_123,basic,web,2023-11-22,25733.0,5,20.2,0
CITY_039,plus,web,2024-04-11,,7,48.94,1
CITY_033,pro,web,2024-03-06,33315.0,7,96.32,1
CITY_129,basic,app,2023-03-15,26536.0,4,16.42,0
CITY_046,basic,web,2024-08-21,8226.0,6,22.49,1
CITY_145,plus,web,2024-05-30,13470.0,4,16.21,1
CITY_167,plus,web,2023-11-02,53910.0,8,4.67,0
CITY_084,basic,app,2023-02-21,,6,4.31,0
CITY_005,basic,app,2023-06-26,,7,20.51,0
CITY_121,pro,phone,2024-02-04,,4,24.67,1
CITY_055,basic,web,2023-11-14,28264.0,5,15.74,0
CITY_003,basic,app,2023-03-12,8093.0,5,10.22,0
CITY_178,plus,web,2023-06-12,26456.0,5,21.28,0
CITY_043,basic,phone,2023-03-08,21483.0,5,13.56,0
CITY_098,plus,phone,2023-05-12,31468.0,5,8.22,1
CITY_115,plus,app,2024-02-12,,1,24.23,1
CITY_081,plus,web,2024-08-22,42927.0,6,34.58,0
CITY_090,plus,web,2024-10-09,17815.0,4,7.85,0
CITY_107,basic,web,2023-02-07,31318.0,7,13.36,0
CITY_090,basic,web,2023-05-22,46858.0,6,26.27,0
CITY_142,basic,phone,2023-11-09,61580.0,1,38.28,1
CITY_045,basic,web,2023-02-08,23963.0,10,20.42,0
CITY_128,basic,app,2024-08-27,35555.0,12,6.73,1
CITY_010,basic,app,2024-12-16,45269.0,7,13.96,0
CITY_160,plus,app,2023-09-03,25103.0,10,9.74,1
CITY_030,plus,app,2023-07-16,63039.0,6,139.13,1
CITY_164,basic,phone,2024-05-12,28476.0,7,38.36,0
CITY_107,pro,app,2023-10-30,50038.0,7,7.1,0
CITY_137,basic,phone,2024-05-01,20971.0,9,9.37,1
CITY_003,pro,web,2024-05-03,26257.0,1,14.61,0
CITY_013,plus,web,2024-07-28,34321.0,6,12.88,1
CITY_111,plus,web,2023-03-29,42340.0,4,24.83,0
CITY_116,basic,web,2023-01-17,21074.0,7,29.56,1
CITY_103,basic,app,2023-02-09,121792.0,7,30.5,0
CITY_075,plus,app,2023-02-04,40669.0,6,35.63,0
CITY_034,basic,app,2023-08-03,19479.0,2,65.32,0
CITY_151,basic,phone,2024-02-26,18580.0,9,39.29,1
CITY_029,pro,web,2024-05-11,43259.0,4,44.92,0
CITY_005,basic,web,2024-07-07,25647.0,8,10.67,0
CITY_073,basic,web,2023-04-03,25523.0,7,19.07,1
CITY_093,basic,phone,2024-05-04,13719.0,8,9.17,0
CITY_101,pro,app,2024-02-09,25294.0,9,10.5,0
CITY_169,basic,web,2024-02-22,41950.0,3,21.44,0
CITY_127,plus,web,2024-10-18,29191.0,11,18.79,0
CITY_167,plus,web,2023-07-13,,6,40.25,1
CITY_063,basic,web,2023-07-09,,4,7.76,1
CITY_091,plus,web,2024-01-12,,7,13.04,0
CITY_048,pro,web,2023-07-26,,2,25.12,1
CITY_039,basic,web,2023-03-08,46211.0,7,30.04,0
CITY_070,basic,web,2023-12-28,18362.0,6,15.16,0
CITY_130,basic,web,2024-11-08,39482.0,6,26.19,0
CITY_000,plus,app,2023-11-17,27715.0,7,72.2,1
CITY_035,basic,web,2024-05-11,60260.0,4,24.82,1
CITY_116,basic,app,2023-06-24,24052.0,5,15.08,0
CITY_071,basic,web,2024-08-11,17896.0,7,12.03,0
CITY_070,basic,web,2024-12-12,,5,13.51,0
CITY_100,plus,web,2024-01-16,15426.0,7,32.18,1
CITY_021,basic,phone,2024-07-25,22963.0,2,28.14,0
CITY_140,pro,web,2023-10-25,,5,45.92,0
CITY_073,basic,web,2024-06-01,55296.0,3,24.67,1
CITY_139,plus,web,2024-04-12,17232.0,7,21.46,0
CITY_156,basic,app,2024-07-29,19677.0,5,29.73,1
CITY_143,basic,web,2024-05-03,22053.0,3,18.86,0
CITY_098,basic,web,2024-10-27,23490.0,7,22.91,0
CITY_171,basic,web,2024-11-14,25390.0,6,6.91,0
CITY_014,plus,web,2023-08-02,,6,6.73,0
CITY_080,basic,web,2024-08-22,45760.0,9,55.31,1
CITY_044,plus,phone,2024-01-14,22117.0,10,19.83,0
CITY_054,basic,app,2024-03-05,13167.0,7,15.42,0
CITY_092,plus,web,2023-01-13,25733.0,9,32.98,1
CITY_053,plus,app,2023-12-26,21393.0,7,48.35,1
CITY_140,plus,app,2024-03-24,38397.0,2,49.82,0
CITY_057,basic,web,2023-04-20,11908.0,12,12.19,0
CITY_014,plus,app,2024-07-02,35895.0,3,38.91,0
CITY_138,basic,app,2024-01-22,26887.0,4,15.49,0
CITY_172,basic,web,2023-03-26,,7,15.45,1
CITY_007,basic,web,2024-08-15,,5,38.83,0
CITY_160,pro,app,2023-12-05,4573.0,9,13.05,1
CITY_113,plus,app,2023-12-08,9020.0,7,14.51,1
CITY_019,pro,web,2023-11-19,21365.0,8,42.68,1
CITY_148,plus,web,2023-02-01,25114.0,5,15.88,1
CITY_110,basic,web,2023-01-08,83427.0,5,8.72,0
CITY_146,plus,web,2023-12-02,27501.0,6,8.87,1
CITY_130,plus,app,2024-11-10,,6,15.62,1
CITY_067,basic,app,2023-12-04,,6,15.31,1
CITY_115,basic,web,2024-10-18,,6,16.06,1
CITY_076,plus,web,2024-03-09,20183.0,5,105.21,1
CITY_164,basic,phone,2023-04-22,18211.0,4,10.95,0
CITY_002,basic,app,2023-08-13,17129.0,4,28.55,1
CITY_092,plus,app,2024-02-24,18638.0,3,18.32,1
CITY_027,basic,web,2024-11-28,34959.0,3,12.92,0
CITY_033,basic,app,2024-08-19,19371.0,10,20.73,0
CITY_074,basic,phone,2024-06-20,22869.0,7,26.83,1
CITY_084,basic,phone,2023-05-08,74595.0,3,40.29,0
CITY_028,basic,app,2024-01-15,16426.0,7,13.11,1
CITY_116,basic,web,2023-03-31,48834.0,4,30.94,0
CITY_057,basic,app,2024-07-07,46564.0,4,37.11,1
CITY_007,basic,web,2023-03-28,23925.0,7,33.7,1
CITY_119,basic,web,2024-11-26,31740.0,7,27.1,0
CITY_174,plus,web,2023-07-20,35701.0,7,43.74,1
CITY_007,plus,web,2023-09-11,52271.0,6,22.31,0
CITY_150,plus,web,2023-08-18,21183.0,8,19.49,1
CITY_104,plus,app,2023-03-31,21475.0,4,9.56,0
CITY_064,pro,app,2023-10-26,45313.0,4,36.88,1
CITY_038,basic,phone,2024-08-19,26073.0,4,4.86,1
CITY_133,pro,app,2024-08-08,,5,29.28,0
CITY_103,plus,web,2023-02-08,13428.0,10,29.69,1
CITY_074,plus,web,2024-06-21,20809.0,5,43.99,1
CITY_033,pro,web,2024-07-03,33809.0,3,49.1,1
CITY_017,plus,web,2023-08-12,29174.0,4,17.7,0
CITY_065,basic,phone,2024-05-15,27311.0,10,15.89,1
CITY_017,basic,web,2023-06-01,42887.0,6,66.25,0
CITY_042,plus,web,2023-03-11,25182.0,6,12.66,0
CITY_040,basic,phone,2024-10-05,11462.0,8,11.03,1
CITY_093,plus,web,2024-04-06,41483.0,7,29.77,0
CITY_061,basic,web,2023-05-23,25135.0,5,44.21,1
CITY_168,basic,app,2024-09-23,16346.0,6,38.28,1
CITY_089,basic,web,2023-02-20,42046.0,6,10.87,0
CITY_162,basic,web,2024-03-22,18856.0,6,23.7,1
CITY_051,basic,web,2023-10-16,18861.0,4,20.96,1
CITY_132,plus,phone,2023-06-02,12702.0,5,21.53,1
CITY_002,basic,app,2024-04-30,22998.0,14,26.35,0
CITY_120,plus,phone,2023-09-30,51338.0,2,95.55,1
CITY_089,plus,app,2023-07-23,46893.0,4,29.1,1
CITY_108,basic,web,2024-08-04,45839.0,7,83.68,1
CITY_015,basic,web,2023-06-11,57674.0,8,43.68,0
CITY_158,basic,web,2023-12-03,44943.0,10,8.61,1
CITY_058,plus,app,2023-01-10,24423.0,10,18.04,0
CITY_112,plus,web,2023-07-09,27896.0,7,29.22,1
CITY_149,basic,web,2024-08-29,10307.0,7,30.17,1
CITY_020,basic,app,2024-11-30,21717.0,7,35.13,0
CITY_120,basic,web,2024-01-13,14844.0,4,12.45,1
CITY_011,pro,app,2024-08-02,22293.0,5,21.74,0
CITY_114,plus,app,2024-05-31,15043.0,3,11.05,1
CITY_153,basic,app,2023-03-24,23776.0,4,27.77,1
CITY_037,basic,web,2024-10-22,33202.0,5,27.46,0
CITY_114,plus,app,2023-12-08,20414.0,5,33.79,0
CITY_090,pro,web,2024-09-19,31647.0,4,4.0,0
CITY_159,plus,web,2024-04-27,14568.0,3,16.55,1
CITY_009,basic,web,2023-12-29,44582.0,6,11.55,0
CITY_030,basic,web,2024-07-19,16226.0,5,12.89,0
CITY_136,plus,phone,2024-11-14,52305.0,6,10.4,0
CITY_136,plus,web,2024-09-27,50995.0,6,21.21,0
CITY_107,plus,app,2023-05-27,28244.0,2,37.13,0
CITY_068,basic,phone,2024-08-04,17225.0,4,68.52,0
CITY_177,basic,web,2023-06-25,33435.0,2,17.02,1
CITY_096,basic,web,2024-10-08,29320.0,2,23.9,0
CITY_037,basic,app,2023-06-21,22067.0,4,34.95,1
CITY_122,basic,phone,2023-04-21,,5,42.74,1
CITY_138,basic,app,2024-05-09,24504.0,5,36.96,1
CITY_109,basic,web,2024-08-25,39626.0,5,5.92,0
CITY_023,basic,app,2024-05-20,64398.0,7,38.57,1
CITY_176,basic,web,2024-01-01,34475.0,5,3.93,0
CITY_178,basic,web,2024-07-14,26721.0,6,41.66,0
CITY_046,basic,app,2023-09-05,43173.0,11,27.25,1
CITY_152,plus,web,2024-02-28,49522.0,4,26.77,0
CITY_052,plus,app,2024-03-10,37123.0,7,8.37,0
CITY_119,basic,web,2023-07-18,41177.0,5,20.27,1
CITY_172,plus,app,2024-11-06,,5,94.37,1
CITY_018,plus,phone,2024-02-12,28711.0,5,22.43,0
CITY_167,plus,web,2023-06-11,24470.0,6,26.01,0
CITY_119,basic,app,2023-11-09,29863.0,3,61.27,1
CITY_128,plus,app,2024-02-21,17588.0,11,10.57,0
CITY_127,basic,web,2024-06-29,15437.0,7,83.69,1
CITY_049,basic,web,2023-03-20,24597.0,4,9.11,1
CITY_128,plus,app,2023-10-17,68962.0,8,25.06,0
CITY_092,pro,web,2024-01-17,46926.0,8,12.77,0
CITY_017,basic,app,2024-01-25,44949.0,6,16.92,0
CITY_039,basic,app,2023-12-23,30058.0,6,17.57,0
CITY_043,basic,phone,2023-08-13,28694.0,12,13.3,0
CITY_092,basic,app,2024-10-22,45912.0,6,13.9,0
CITY_073,basic,web,2023-02-23,27034.0,3,20.68,0
CITY_045,basic,web,2023-10-31,,5,27.88,0
CITY_067,basic,web,2023-07-19,27637.0,4,36.15,1
CITY_005,basic,web,2023-06-01,,5,16.21,0
CITY_100,pro,app,2024-07-01,,3,14.07,0
CITY_171,plus,app,2024-07-24,25888.0,13,24.58,0
CITY_058,basic,app,2024-04-14,,7,12.78,0
CITY_152,plus,web,2023-06-16,35026.0,5,14.47,0
CITY_124,plus,phone,2023-02-15,9897.0,5,30.97,1
CITY_070,basic,phone,2023-06-12,24818.0,2,12.48,0
CITY_158,plus,phone,2023-11-04,20711.0,5,13.56,0
CITY_017,plus,web,2023-05-23,35164.0,5,23.84,0
CITY_019,plus,app,2023-05-31,,12,9.49,0
CITY_015,plus,app,2023-11-25,14822.0,7,25.0,0
CITY_011,basic,web,2023-04-30,16585.0,6,51.01,1
CITY_144,basic,web,2023-01-24,26128.0,7,10.82,0
CITY_043,plus,app,2024-12-27,33373.0,5,22.27,0
CITY_000,basic,app,2023-07-07,25669.0,10,62.59,1
CITY_072,plus,app,2023-02-12,30159.0,7,25.38,1
CITY_160,pro,web,2023-01-30,44769.0,5,32.8,0
CITY_099,basic,web,2023-12-07,10069.0,8,8.01,0
CITY_164,basic,web,2024-11-27,27055.0,13,10.13,0
CITY_085,pro,web,2024-05-02,58215.0,5,41.01,0
CITY_000,basic,app,2024-07-27,,4,6.95,0
CITY_122,basic,web,2023-03-07,22930.0,14,13.46,0
CITY_094,basic,web,2023-05-13,28881.0,5,16.53,0
CITY_164,basic,app,2023-07-13,,3,27.4,1
CITY_098,basic,app,2023-12-24,34111.0,5,22.72,0
CITY_125,pro,web,2024-05-27,32496.0,8,35.25,0
CITY_100,basic,app,2024-03-24,36418.0,4,74.67,1
CITY_151,plus,web,2023-12-30,20712.0,8,23.19,0
CITY_136,plus,app,2023-08-22,18850.0,7,14.48,0
CITY_025,basic,web,2024-10-17,,11,11.11,0
CITY_036,basic,app,2023-10-23,21062.0,8,20.25,0
CITY_095,basic,web,2023-12-29,40791.0,5,14.15,1
CITY_015,basic,app,2024-06-21,11434.0,11,114.02,0
CITY_016,plus,phone,2023-06-03,8076.0,4,25.72,1
CITY_121,plus,app,2023-07-11,20330.0,4,23.15,0
CITY_015,plus,app,2023-03-25,24399.0,5,48.85,1
CITY_110,plus,app,2023-11-06,20001.0,5,61.55,1
CITY_178,basic,phone,2024-10-21,57701.0,6,66.49,0
CITY_046,basic,phone,2023-11-30,46870.0,4,81.64,1
CITY_177,basic,web,2023-02-23,11077.0,7,22.47,0
CITY_115,pro,app,2024-09-11,,4,26.15,1
CITY_054,basic,web,2023-07-11,35154.0,6,12.54,0
CITY_035,basic,web,2023-06-30,36467.0,8,30.24,0
CITY_041,pro,app,2024-02-12,67539.0,4,23.04,0
CITY_108,plus,web,2024-04-11,20120.0,4,4.85,1
CITY_136,plus,web,2024-01-23,17685.0,5,20.14,0
CITY_161,plus,web,2023-02-18,90456.0,4,15.62,0
CITY_084,plus,web,2024-12-07,33125.0,2,14.33,0
CITY_169,pro,app,2023-01-19,30261.0,6,31.29,0
CITY_110,plus,app,2024-03-21,18311.0,5,17.98,0
CITY_025,basic,web,2024-12-28,,3,23.67,1
CITY_093,pro,app,2024-05-16,19703.0,12,56.48,0
CITY_109,plus,web,2023-12-12,22211.0,9,6.27,0
CITY_161,basic,web,2023-12-28,29809.0,6,11.89,1
CITY_161,basic,web,2023-03-18,24461.0,4,30.49,0
CITY_109,basic,web,2023-03-10,,5,54.18,1
CITY_132,basic,web,2023-02-18,44236.0,8,44.13,0
CITY_089,pro,app,2024-03-21,19935.0,8,39.36,1
CITY_036,basic,phone,2024-10-10,46514.0,9,23.68,0
CITY_144,basic,app,2023-09-01,53424.0,5,30.33,0
CITY_028,basic,web,2024-08-10,31960.0,5,20.15,0
CITY_073,plus,web,2024-05-16,18043.0,4,24.82,1
CITY_051,plus,phone,2023-05-17,14188.0,5,18.83,1
CITY_150,basic,phone,2023-04-26,60492.0,5,53.92,0
CITY_039,basic,web,2023-02-15,45191.0,4,38.07,1
CITY_107,basic,web,2023-12-26,43804.0,11,94.34,1
CITY_115,basic,web,2024-03-09,47283.0,6,7.39,0
CITY_064,basic,app,2023-01-05,25243.0,4,26.98,0
CITY_045,pro,web,2024-07-10,37804.0,12,21.41,0
CITY_037,basic,web,2023-11-17,,2,14.54,0
CITY_100,basic,phone,2024-06-09,31230.0,5,9.5,0
CITY_031,basic,web,2023-05-22,,5,23.82,0
CITY_045,pro,web,2023-01-28,31098.0,9,21.39,0
CITY_024,basic,app,2023-09-14,53588.0,4,61.03,0
CITY_063,basic,app,2023-04-01,34163.0,8,31.4,0
CITY_062,basic,phone,2024-07-25,17213.0,8,49.93,1
CITY_107,pro,web,2023-04-08,37400.0,10,27.39,1
CITY_085,basic,web,2023-11-04,22268.0,6,38.6,1
CITY_037,basic,web,2024-03-23,31456.0,8,28.44,0
CITY_046,plus,app,2024-02-09,12690.0,4,25.53,1
CITY_074,plus,phone,2023-10-15,12361.0,5,22.24,1
CITY_066,basic,app,2024-05-27,15429.0,6,27.63,1
CITY_172,plus,phone,2023-08-20,68279.0,10,20.77,0
CITY_130,basic,phone,2024-06-09,23047.0,3,8.05,0
CITY_117,basic,app,2024-07-19,32221.0,9,49.96,0
CITY_008,plus,web,2024-08-17,,8,15.14,1
CITY_167,plus,web,2023-12-27,15157.0,5,3.7,1
CITY_027,plus,app,2023-08-10,24236.0,5,16.27,0
CITY_066,pro,app,2023-09-23,12278.0,4,14.32,0
CITY_063,basic,phone,2024-03-03,12816.0,9,28.38,1
CITY_030,basic,phone,2023-03-31,29803.0,8,52.67,1
CITY_028,plus,app,2023-08-18,81471.0,3,28.36,0
CITY_122,basic,phone,2024-08-11,28648.0,5,31.4,1
CITY_164,basic,app,2023-09-25,16480.0,10,15.19,0
CITY_150,basic,app,2023-02-28,7994.0,2,16.36,1
CITY_059,plus,web,2023-02-17,54886.0,5,9.66,0
CITY_087,plus,web,2024-01-02,7897.0,5,25.43,0
CITY_043,pro,web,2023-12-15,,6,12.41,0
CITY_069,plus,web,2023-07-22,27274.0,7,16.45,1
CITY_151,plus,phone,2023-02-13,29980.0,6,12.26,0
CITY_132,basic,phone,2024-08-14,18253.0,4,55.55,1
CITY_128,basic,web,2023-06-28,49058.0,6,20.9,0
CITY_167,plus,app,2024-11-06,30877.0,3,11.97,0
CITY_071,basic,phone,2024-08-05,59397.0,5,15.35,0
CITY_122,plus,web,2024-04-27,22061.0,9,11.75,0
CITY_163,basic,web,2024-09-18,61611.0,4,38.23,1
CITY_041,pro,app,2023-01-25,23299.0,7,20.07,0
CITY_046,plus,web,2024-08-22,11263.0,8,15.31,1
CITY_103,plus,web,2023-01-03,17101.0,2,23.6,1
CITY_086,basic,web,2023-02-14,,4,19.54,0
CITY_162,basic,phone,2023-06-07,25307.0,8,35.53,1
CITY_108,plus,web,2024-02-05,89443.0,7,12.01,0
CITY_037,basic,app,2024-05-25,26787.0,6,72.34,1
CITY_100,basic,web,2024-03-19,40358.0,4,21.99,1
CITY_035,basic,web,2023-04-17,25921.0,9,13.15,0
CITY_177,basic,app,2024-01-20,44791.0,9,14.8,0
CITY_065,plus,web,2023-07-05,12834.0,5,40.12,1
CITY_036,plus,app,2024-08-30,22656.0,5,5.39,0
CITY_015,plus,web,2024-02-06,13332.0,5,18.93,0
CITY_140,plus,web,2024-09-07,45294.0,3,10.78,0
CITY_177,basic,phone,2023-03-23,25406.0,5,26.35,1
CITY_027,plus,web,2023-02-25,24218.0,6,46.05,0
CITY_012,basic,web,2024-03-12,56366.0,4,20.19,0
CITY_087,plus,web,2023-08-12,16394.0,5,12.41,0
CITY_047,basic,app,2023-01-02,17040.0,9,79.37,0
CITY_153,basic,web,2024-09-08,,7,17.97,0
CITY_081,basic,app,2024-09-09,26754.0,7,45.2,1
CITY_146,basic,web,2024-11-21,12430.0,6,60.98,1
CITY_075,basic,app,2023-09-19,17317.0,2,34.1,1
CITY_107,plus,web,2023-03-13,,4,27.67,0
CITY_090,basic,web,2023-02-26,24495.0,3,28.75,1
CITY_053,basic,app,2023-10-02,20541.0,8,17.79,0
CITY_007,basic,web,2024-10-13,28777.0,5,18.85,1
CITY_127,plus,web,2024-01-27,15556.0,11,5.52,0
CITY_176,pro,web,2024-04-11,79167.0,4,11.74,1
CITY_092,basic,phone,2024-10-11,28871.0,4,13.16,0
CITY_065,pro,app,2024-07-18,,11,101.52,1
CITY_119,basic,app,2023-07-07,32970.0,8,18.86,0
CITY_136,pro,app,2023-06-05,,6,76.59,0
CITY_064,basic,web,2023-08-03,46387.0,6,4.25,0
CITY_030,plus,web,2024-02-09,36031.0,6,9.55,0
CITY_085,basic,web,2024-11-28,22358.0,10,15.6,0
CITY_099,basic,app,2024-04-14,20213.0,5,15.46,0
CITY_071,basic,web,2024-12-08,41006.0,6,48.22,0
CITY_123,basic,phone,2023-06-08,27480.0,3,10.09,0
CITY_124,basic,app,2023-01-09,16626.0,11,51.32,1
CITY_170,basic,phone,2024-05-03,49234.0,7,57.85,1
CITY_064,pro,web,2024-03-18,23661.0,4,36.57,1
CITY_044,basic,phone,2024-02-13,11557.0,5,10.69,0
CITY_106,plus,app,2023-07-14,46754.0,3,34.34,0
CITY_075,plus,app,2024-11-23,18912.0,5,42.13,1
CITY_069,plus,web,2023-04-18,51038.0,4,10.06,0
CITY_128,plus,app,2024-09-09,,4,26.64,1
CITY_098,basic,web,2024-05-11,85004.0,4,6.81,1
CITY_142,basic,phone,2024-09-04,72502.0,5,9.32,0
CITY_080,plus,phone,2024-03-14,25028.0,8,33.26,0
CITY_005,pro,app,2023-10-20,62734.0,3,44.01,0
CITY_096,basic,phone,2024-01-13,24484.0,7,44.24,1
CITY_072,basic,web,2023-01-04,11163.0,2,26.9,1
CITY_052,pro,web,2024-08-28,28827.0,4,14.75,0
CITY_048,pro,app,2023-06-22,20665.0,8,43.84,1
CITY_105,plus,app,2023-11-23,16253.0,3,62.2,1
CITY_114,basic,app,2023-12-10,12284.0,10,10.32,0
CITY_103,plus,web,2023-05-31,55615.0,3,45.53,1
CITY_051,basic,web,2023-04-23,23465.0,2,29.56,0
CITY_179,plus,phone,2024-10-29,48453.0,3,22.56,1
CITY_088,plus,web,2023-12-23,10351.0,6,26.36,1
CITY_044,pro,phone,2023-01-26,27681.0,5,73.5,0
CITY_130,plus,web,2024-06-01,23511.0,2,11.03,1
CITY_158,plus,web,2024-07-03,20088.0,7,10.36,0
CITY_053,basic,app,2024-03-25,18269.0,8,9.93,0
CITY_162,pro,app,2024-02-06,24344.0,3,20.74,0
CITY_003,plus,app,2023-03-28,10651.0,3,8.61,1
CITY_114,plus,app,2024-05-04,23367.0,6,11.69,0
CITY_162,basic,web,2023-02-05,26344.0,6,23.0,1
CITY_080,basic,web,2023-06-08,13542.0,10,26.59,1
CITY_006,pro,app,2024-07-23,40293.0,7,14.89,0
CITY_064,plus,app,2023-01-14,19156.0,9,67.16,0
CITY_039,pro,app,2024-12-15,75556.0,5,27.12,1
CITY_090,basic,app,2024-10-12,32127.0,9,6.48,1
CITY_164,plus,phone,2023-11-25,17838.0,8,9.13,1
CITY_096,pro,web,2023-07-07,30199.0,6,18.33,0
CITY_148,basic,web,2023-09-04,13876.0,7,19.23,0
CITY_035,plus,web,2023-09-28,23984.0,3,55.9,1
CITY_135,basic,app,2023-10-11,25025.0,8,26.41,0
CITY_112,plus,web,2024-03-26,14522.0,7,9.11,1
CITY_104,plus,app,2024-02-06,71760.0,10,35.33,0
CITY_089,basic,web,2024-06-19,33362.0,5,29.13,1
CITY_028,pro,web,2023-04-20,13029.0,0,68.39,0
CITY_126,basic,phone,2024-06-27,,8,12.36,0
CITY_052,basic,web,2024-02-01,28387.0,5,14.23,0
CITY_009,basic,app,2023-07-17,71624.0,6,26.49,0
CITY_166,basic,web,2023-05-24,13955.0,1,37.49,1
CITY_105,basic,app,2024-04-03,30688.0,11,17.41,1
CITY_082,pro,app,2024-12-30,27265.0,5,12.15,0
CITY_066,plus,app,2023-09-13,56185.0,5,35.37,1
CITY_057,basic,web,2024-09-27,32269.0,5,35.14,1
CITY_031,basic,web,2023-11-15,15336.0,3,21.95,1
CITY_008,basic,phone,2023-05-17,,9,19.14,0
CITY_073,plus,app,2024-09-11,26422.0,8,7.88,0
CITY_059,basic,web,2024-01-17,36535.0,5,19.86,1
CITY_109,basic,web,2023-06-19,45068.0,9,8.26,0
CITY_043,basic,web,2024-10-09,21423.0,4,10.09,1
CITY_031,basic,app,2023-11-18,47855.0,8,17.81,1
CITY_149,plus,web,2024-08-22,37699.0,7,25.09,0
CITY_070,basic,web,2024-06-23,22356.0,9,29.49,0
CITY_095,plus,app,2023-04-25,19923.0,5,68.55,0
CITY_157,basic,web,2024-09-19,25235.0,7,31.88,0
CITY_158,basic,app,2024-02-02,22290.0,4,37.35,1
CITY_059,basic,web,2023-01-21,34908.0,6,22.09,0
CITY_138,basic,web,2024-07-09,34135.0,4,22.03,0
CITY_130,basic,web,2024-02-14,,8,27.28,0
CITY_097,plus,web,2023-12-29,35145.0,3,13.81,0
CITY_031,plus,app,2024-02-01,60020.0,4,16.32,1
CITY_057,basic,web,2023-05-13,75308.0,3,81.39,1
CITY_085,pro,web,2023-04-19,18635.0,7,39.89,0
CITY_174,plus,web,2024-04-15,22165.0,6,44.37,0
CITY_038,basic,app,2023-06-09,14564.0,6,21.44,1
CITY_149,basic,web,2023-09-14,,5,20.26,0
CITY_110,pro,app,2023-05-25,18517.0,7,18.35,1
CITY_102,basic,app,2023-06-18,27613.0,8,63.0,1
CITY_024,basic,web,2024-04-09,21294.0,6,14.03,0
CITY_062,basic,app,2023-09-22,16771.0,7,29.07,0
CITY_165,basic,app,2023-06-07,24150.0,9,113.35,1
CITY_108,plus,web,2024-04-03,48957.0,4,108.45,1
CITY_056,basic,app,2023-10-10,10228.0,7,18.93,1
CITY_009,basic,phone,2024-03-17,83972.0,6,15.45,1
CITY_013,plus,phone,2023-12-28,20265.0,9,19.78,1
CITY_010,basic,web,2024-01-07,22288.0,7,41.04,1
CITY_062,basic,web,2024-05-02,25609.0,7,12.86,1
CITY_179,plus,web,2024-05-08,20124.0,7,72.36,0
CITY_178,plus,app,2024-09-22,55609.0,6,48.45,0
CITY_154,plus,phone,2024-12-23,37066.0,9,22.02,0
CITY_022,basic,app,2023-12-16,,3,21.74,1
CITY_065,basic,web,2023-02-21,27031.0,8,33.34,0
CITY_038,plus,web,2024-07-27,42797.0,9,38.82,1
CITY_022,pro,app,2024-09-11,21551.0,11,13.12,1
CITY_121,basic,app,2024-07-21,10390.0,7,20.82,1
CITY_118,basic,web,2024-09-07,32537.0,5,20.25,1
CITY_130,basic,app,2024-05-30,33530.0,9,27.89,0
CITY_172,basic,web,2023-05-13,22762.0,7,215.14,0
CITY_157,basic,app,2023-07-26,16824.0,3,43.75,1
CITY_016,plus,app,2024-01-05,14460.0,6,8.55,1
CITY_001,plus,app,2023-02-27,37192.0,3,23.62,1
CITY_137,basic,app,2023-06-17,16770.0,5,31.51,0
CITY_124,basic,app,2023-08-20,9488.0,6,44.29,1
CITY_068,plus,app,2023-12-30,36295.0,5,32.09,0
CITY_032,basic,phone,2023-01-16,72728.0,12,13.98,0
CITY_078,plus,app,2023-03-16,28466.0,2,8.61,0
CITY_153,plus,app,2024-02-13,30192.0,10,22.34,1
CITY_087,plus,phone,2023-03-30,44121.0,2,22.03,1
CITY_090,pro,web,2024-11-17,32847.0,5,17.57,0
CITY_055,basic,phone,2023-09-22,25061.0,5,10.52,0
CITY_030,plus,app,2024-10-16,17534.0,5,10.78,1
CITY_036,basic,web,2024-06-21,14146.0,6,54.7,0
CITY_027,basic,web,2024-04-22,22876.0,6,21.78,1
CITY_113,pro,web,2024-11-01,14230.0,3,9.0,1
CITY_087,plus,app,2024-10-14,14089.0,5,22.88,1
CITY_132,basic,app,2023-04-07,11869.0,7,31.22,1
CITY_027,basic,web,2024-05-10,35639.0,8,38.22,0
CITY_085,basic,web,2024-12-01,11729.0,4,14.73,0
CITY_032,basic,app,2023-09-02,17001.0,7,37.02,1
CITY_099,basic,web,2023-05-25,14948.0,4,31.78,1
CITY_142,basic,web,2023-01-02,22330.0,4,19.77,0
CITY_147,pro,phone,2024-12-01,8085.0,6,16.37,1
CITY_091,basic,web,2024-06-17,8392.0,4,11.35,0
CITY_150,plus,phone,2024-05-21,18366.0,7,16.06,0
CITY_102,basic,web,2024-06-02,48227.0,11,19.58,0
CITY_028,plus,web,2024-10-19,15457.0,5,65.16,1
CITY_083,basic,app,2024-01-11,25987.0,3,39.47,1
CITY_092,plus,web,2023-12-15,40833.0,5,30.54,0
CITY_042,basic,web,2023-04-18,37356.0,12,36.46,0
CITY_086,basic,app,2024-08-13,14276.0,3,12.73,0
CITY_049,basic,app,2024-09-04,18004.0,4,16.3,1
CITY_043,plus,web,2024-02-26,23206.0,6,15.85,0
CITY_044,basic,app,2024-07-17,,6,14.26,0
CITY_119,basic,web,2024-03-19,19477.0,9,17.3,0
CITY_009,basic,web,2023-07-15,19051.0,4,4.15,0
CITY_150,pro,web,2024-08-22,79383.0,3,20.08,0
CITY_172,basic,web,2024-02-24,15389.0,8,91.64,1
CITY_077,plus,web,2023-04-17,27262.0,3,40.07,1
CITY_127,pro,app,2023-05-25,,6,19.12,0
CITY_047,plus,app,2023-06-15,101640.0,2,49.39,0
CITY_154,pro,app,2024-09-18,27203.0,5,25.67,0
CITY_129,basic,app,2024-05-19,55245.0,7,7.8,0
CITY_121,basic,app,2023-07-17,12302.0,5,35.19,1
CITY_013,basic,app,2024-11-25,50743.0,5,38.25,0
CITY_155,basic,phone,2024-09-07,33200.0,5,17.66,1
CITY_032,pro,app,2024-03-11,23084.0,2,6.35,0
CITY_006,pro,phone,2023-08-17,20891.0,9,81.4,0
CITY_036,basic,web,2023-01-09,13340.0,7,19.53,1
CITY_177,pro,phone,2023-03-30,36589.0,9,14.92,0
CITY_120,plus,app,2023-04-10,,6,172.24,1
CITY_131,basic,web,2023-11-12,22564.0,7,24.49,1
CITY_112,plus,web,2024-01-16,21630.0,4,35.29,0
CITY_022,basic,web,2023-02-28,47558.0,11,8.77,0
CITY_165,basic,app,2024-12-23,36455.0,7,6.43,0
CITY_035,pro,phone,2024-12-12,14118.0,6,9.83,0
CITY_025,pro,web,2024-07-31,23806.0,4,12.69,0
CITY_129,pro,web,2024-11-16,,4,26.29,1
CITY_028,basic,web,2023-01-13,11466.0,4,20.57,1
CITY_026,basic,web,2024-11-24,35473.0,4,10.83,0
CITY_025,basic,web,2024-10-15,22076.0,6,25.6,1
CITY_113,basic,phone,2023-05-10,14079.0,4,38.59,0
CITY_012,pro,web,2024-11-27,20102.0,5,33.09,1
CITY_003,plus,web,2023-09-18,8669.0,3,15.05,0
CITY_087,basic,app,2023-05-31,30976.0,3,19.21,1
CITY_007,basic,app,2023-11-11,14976.0,1,33.17,0
CITY_025,basic,phone,2023-04-09,46717.0,6,7.01,0
CITY_052,plus,app,2023-05-28,28947.0,4,8.63,0
CITY_162,basic,app,2024-07-02,30663.0,6,15.65,1
CITY_073,basic,web,2023-12-28,25771.0,6,10.78,0
CITY_107,plus,web,2024-01-23,118786.0,6,21.71,0
CITY_023,plus,web,2023-01-15,31514.0,5,16.65,1
CITY_131,basic,app,2023-02-03,5912.0,7,34.47,0
CITY_037,basic,web,2024-07-22,17031.0,9,56.0,0
CITY_165,plus,phone,2023-11-09,29471.0,3,23.69,0
CITY_020,plus,web,2023-08-10,46994.0,4,17.32,0
CITY_129,basic,app,2023-02-04,29075.0,9,22.41,0
CITY_108,basic,web,2024-03-15,24987.0,9,14.26,0
CITY_108,basic,web,2024-03-12,36980.0,3,5.26,0
CITY_081,pro,app,2023-07-03,56674.0,4,24.43,0
CITY_051,basic,web,2023-02-25,8304.0,2,9.5,1
CITY_057,plus,web,2024-05-06,56208.0,3,12.02,1
CITY_027,plus,web,2024-04-16,69649.0,4,10.28,1
CITY_048,plus,app,2024-03-20,39523.0,5,24.23,0
CITY_157,pro,web,2023-04-29,13481.0,7,9.49,0
CITY_171,basic,web,2023-06-19,24466.0,7,32.02,0
CITY_063,basic,web,2023-12-17,15949.0,8,38.56,1
CITY_125,basic,web,2024-03-09,67790.0,5,33.23,1
CITY_122,basic,web,2023-09-14,35679.0,6,9.94,0
CITY_138,plus,app,2023-10-23,10842.0,6,26.68,1
CITY_085,plus,web,2024-07-12,21515.0,9,29.12,0
CITY_080,basic,web,2023-07-23,25442.0,5,8.79,1
CITY_004,basic,web,2024-09-30,16145.0,2,22.04,1
CITY_104,pro,web,2024-06-08,25134.0,7,43.22,1
CITY_107,basic,phone,2023-07-12,10569.0,9,14.9,1
CITY_015,basic,web,2024-04-25,43403.0,9,48.25,0
CITY_060,pro,web,2024-01-15,32150.0,5,8.0,0
CITY_032,pro,web,2024-04-17,50737.0,10,19.4,0
CITY_001,pro,phone,2024-12-29,30085.0,7,23.4,1
CITY_030,plus,web,2023-08-22,16687.0,4,20.95,0
CITY_060,basic,web,2024-09-08,28298.0,11,25.84,1
CITY_067,basic,app,2023-04-29,21140.0,12,62.14,1
CITY_166,plus,app,2024-07-22,,3,18.16,0
CITY_009,basic,web,2024-08-12,,4,21.95,0
CITY_163,pro,web,2024-07-24,26824.0,9,30.91,0
CITY_129,basic,web,2023-09-08,40213.0,8,7.85,0
CITY_098,basic,web,2024-03-24,28995.0,2,40.96,1
CITY_021,plus,web,2023-03-10,37334.0,11,13.83,0
CITY_149,basic,web,2023-12-06,20443.0,10,20.39,0
CITY_026,plus,app,2023-05-17,19749.0,11,18.3,0
CITY_133,plus,app,2024-07-05,16267.0,8,15.02,0
CITY_020,basic,web,2023-03-21,28832.0,6,27.09,0
CITY_090,plus,app,2023-12-26,26922.0,7,15.45,0
CITY_139,plus,web,2023-05-15,42771.0,5,48.85,1
CITY_165,basic,web,2023-01-20,37532.0,5,6.73,1
CITY_023,plus,web,2024-02-12,42113.0,6,21.97,1
CITY_160,plus,phone,2024-11-26,,6,5.6,1
CITY_109,pro,web,2023-02-17,,7,35.11,1
CITY_058,basic,web,2024-05-08,42831.0,8,10.35,1
CITY_170,plus,app,2024-12-28,31801.0,4,38.82,0
CITY_025,basic,app,2024-05-20,41979.0,6,37.02,1
CITY_058,basic,app,2023-01-10,21741.0,5,16.47,0
CITY_036,plus,app,2023-09-26,,8,18.8,1
CITY_016,plus,app,2023-02-13,82990.0,6,14.81,0
CITY_034,plus,web,2023-03-26,40330.0,6,133.3,1
CITY_015,plus,phone,2024-09-29,,4,11.29,1
CITY_071,pro,web,2024-12-28,19969.0,4,20.36,1
CITY_081,pro,web,2024-10-04,35849.0,4,21.7,1
CITY_071,pro,phone,2024-10-15,21200.0,2,76.95,1
CITY_040,basic,app,2023-04-21,54741.0,1,17.05,1
CITY_015,plus,app,2024-02-14,,5,116.04,0
CITY_094,plus,web,2024-08-01,,8,17.12,1
CITY_050,basic,app,2023-12-25,,7,27.76,1
CITY_118,plus,app,2023-08-09,19756.0,9,19.51,0
CITY_134,plus,web,2023-03-08,20767.0,7,37.54,0
CITY_021,plus,web,2024-03-14,20071.0,8,12.79,1
CITY_142,pro,phone,2023-10-02,10677.0,7,45.87,1
CITY_048,basic,web,2023-08-07,18194.0,7,69.73,1
CITY_053,plus,web,2024-11-18,,6,18.94,0
CITY_146,plus,phone,2023-12-16,28864.0,7,24.26,0
CITY_032,plus,app,2023-05-08,16571.0,7,14.04,0
CITY_045,basic,web,2024-09-11,21820.0,7,66.08,1
CITY_126,basic,web,2024-08-06,24045.0,8,31.85,0
CITY_033,basic,app,2024-05-01,19169.0,4,19.14,0
CITY_122,basic,web,2023-09-10,22369.0,5,10.24,0
CITY_138,basic,web,2024-10-16,21226.0,10,19.05,0
CITY_125,basic,phone,2024-05-11,19889.0,5,31.93,1
CITY_145,basic,web,2024-01-23,,7,16.5,1
CITY_049,plus,web,2023-07-18,26351.0,7,107.5,1
CITY_160,basic,app,2024-11-06,27209.0,5,22.32,0
CITY_029,plus,app,2024-04-26,9614.0,10,50.96,1
CITY_018,pro,web,2024-01-05,,6,74.88,1
CITY_152,plus,phone,2024-06-15,,10,9.91,0
CITY_154,pro,app,2024-11-29,19746.0,10,19.62,0
CITY_094,plus,app,2024-03-20,56626.0,4,69.27,0
CITY_149,basic,web,2024-02-05,29203.0,4,5.16,0
CITY_042,basic,web,2024-07-04,17610.0,5,18.3,0
CITY_153,basic,web,2024-10-14,11142.0,5,14.95,0
CITY_130,basic,phone,2023-01-01,59431.0,10,39.82,0
CITY_101,pro,web,2023-11-16,46994.0,7,10.88,0
CITY_043,basic,web,2024-02-02,37745.0,6,30.79,0
CITY_098,basic,web,2024-10-13,67971.0,4,20.74,0
CITY_086,basic,phone,2024-03-20,20678.0,10,23.49,0
CITY_074,basic,web,2023-06-05,29788.0,5,12.89,0
CITY_137,pro,app,2024-11-05,49794.0,8,37.96,0
CITY_038,basic,app,2023-05-11,25284.0,6,20.92,1
CITY_030,basic,phone,2024-06-23,18895.0,3,15.22,0
CITY_163,pro,web,2024-01-20,22895.0,4,23.32,0
CITY_119,basic,web,2023-12-12,17914.0,6,16.83,0
CITY_151,basic,web,2024-08-22,28197.0,5,36.26,0
CITY_031,plus,web,2024-03-09,21352.0,7,23.22,1
CITY_154,plus,web,2024-02-18,23516.0,4,33.22,1
CITY_148,basic,app,2023-04-13,35860.0,5,24.0,0
CITY_052,basic,web,2023-02-01,23842.0,7,36.52,1
CITY_135,basic,web,2023-08-24,17444.0,3,18.09,1
CITY_145,basic,app,2024-02-26,68882.0,5,37.02,0
CITY_105,pro,web,2024-05-27,32323.0,6,31.37,0
CITY_149,basic,web,2023-06-03,32329.0,6,133.98,1
CITY_110,basic,phone,2024-05-25,36371.0,8,8.37,0
CITY_125,basic,web,2023-10-04,12159.0,8,10.51,1
CITY_171,basic,phone,2023-09-08,17114.0,4,14.85,1
CITY_136,basic,app,2024-01-11,33721.0,9,40.95,0
CITY_072,basic,web,2023-02-13,35020.0,9,34.07,1
CITY_013,basic,phone,2024-12-13,15180.0,6,31.28,1
CITY_125,basic,app,2024-08-31,18080.0,8,26.75,1
CITY_039,plus,app,2024-11-22,45419.0,6,68.63,1
CITY_157,basic,web,2024-06-03,19407.0,6,26.38,0
CITY_142,plus,web,2024-10-22,24096.0,6,24.38,0
CITY_027,plus,web,2024-02-10,43743.0,7,13.92,0
CITY_140,basic,web,2024-11-24,22929.0,2,54.65,1
CITY_055,basic,app,2023-10-26,55340.0,7,12.47,0
CITY_074,basic,web,2024-02-15,62893.0,3,10.06,1
CITY_006,plus,app,2024-01-16,13592.0,9,31.06,0
CITY_012,basic,phone,2024-03-03,18140.0,6,15.32,0
CITY_161,plus,app,2023-04-12,10560.0,5,20.21,0
CITY_120,pro,web,2024-02-24,13394.0,5,18.95,0
CITY_114,basic,web,2024-10-05,39522.0,5,13.19,0
CITY_071,pro,app,2024-01-10,,5,20.41,1
CITY_101,pro,app,2023-09-24,21415.0,7,1.92,1
CITY_026,plus,phone,2023-05-04,16672.0,2,46.3,1
CITY_162,basic,app,2023-11-04,26211.0,7,37.66,1
CITY_026,plus,web,2023-11-14,25694.0,6,13.44,0
CITY_013,plus,app,2024-08-24,34478.0,7,19.33,0
CITY_138,plus,web,2024-08-22,20494.0,5,17.48,0
CITY_084,pro,app,2023-11-28,13495.0,9,14.17,1
CITY_174,basic,app,2024-02-16,13912.0,5,43.4,0
CITY_030,pro,app,2023-11-26,31641.0,14,21.98,1
CITY_057,basic,app,2023-11-13,89337.0,7,38.74,0
CITY_086,basic,web,2023-10-08,34268.0,8,62.72,1
CITY_154,basic,web,2024-07-30,23556.0,7,12.21,1
CITY_032,basic,web,2024-05-15,19618.0,8,14.88,1
CITY_007,plus,web,2023-07-31,9826.0,6,39.4,1
CITY_169,basic,app,2023-08-04,19845.0,4,9.44,0
CITY_146,plus,app,2024-06-17,39718.0,6,13.94,0
CITY_164,plus,phone,2023-12-04,30477.0,6,13.99,0
CITY_140,pro,web,2023-01-23,13756.0,9,23.32,1
CITY_016,basic,app,2024-11-05,18924.0,6,7.09,1
CITY_157,basic,web,2024-01-11,24452.0,5,9.72,0
CITY_141,basic,app,2023-03-03,10839.0,6,24.2,1
CITY_101,basic,web,2023-10-04,8398.0,4,74.96,1
CITY_146,basic,phone,2024-03-08,42236.0,5,17.38,1
CITY_106,basic,app,2023-06-04,12629.0,8,20.03,1
CITY_005,basic,phone,2024-04-24,38757.0,6,16.11,0
CITY_076,basic,app,2023-11-24,24281.0,4,28.66,1
CITY_000,plus,app,2023-03-22,31673.0,6,19.85,1
CITY_070,plus,app,2024-08-29,11931.0,6,35.27,1
CITY_093,basic,web,2024-01-24,,7,9.4,1
CITY_101,pro,web,2024-10-05,63221.0,8,45.21,0
CITY_057,basic,app,2024-04-15,168236.0,10,56.33,0
CITY_076,basic,web,2023-03-09,26214.0,5,24.5,0
CITY_001,plus,web,2024-04-15,26699.0,3,11.3,1
CITY_082,plus,web,2023-11-06,40054.0,10,64.47,0
CITY_032,pro,app,2024-03-18,43996.0,2,16.32,0
CITY_105,plus,phone,2023-12-28,,6,28.14,1
CITY_163,pro,phone,2024-08-26,20545.0,10,58.52,1
CITY_072,pro,app,2023-11-13,63825.0,6,14.94,0
CITY_161,basic,web,2023-03-17,29849.0,6,9.25,0
CITY_137,plus,app,2023-01-03,53798.0,1,16.1,1
CITY_038,plus,web,2023-11-23,,4,19.69,1
CITY_079,pro,web,2023-02-14,19847.0,4,52.88,0
CITY_123,basic,phone,2024-03-31,24816.0,8,23.26,0
CITY_089,basic,app,2024-06-26,13431.0,6,27.56,1
CITY_055,plus,phone,2024-01-31,40062.0,4,13.09,0
CITY_154,basic,app,2023-04-21,26971.0,4,7.29,0
CITY_156,plus,web,2024-01-24,23174.0,7,14.25,0
CITY_087,basic,web,2023-12-11,61827.0,9,60.09,0
CITY_129,basic,app,2023-08-27,71902.0,6,5.42,0
CITY_111,plus,web,2024-12-12,,9,5.88,0
CITY_006,basic,phone,2023-10-01,61117.0,6,30.36,0
CITY_029,basic,app,2023-07-06,33789.0,3,19.99,0
CITY_153,basic,web,2024-11-30,12211.0,4,30.67,1
CITY_102,basic,app,2024-08-27,22742.0,2,18.09,1
CITY_011,plus,app,2023-04-02,25935.0,6,48.27,0
CITY_090,pro,phone,2024-07-20,,3,29.86,0
CITY_041,basic,phone,2024-11-16,57337.0,7,36.74,1
CITY_167,plus,phone,2023-01-30,16368.0,3,37.09,0
CITY_135,basic,web,2024-11-03,19652.0,9,44.31,1
CITY_100,basic,phone,2023-05-27,,7,23.18,1
CITY_150,basic,app,2024-03-08,27469.0,3,30.07,0
CITY_116,basic,app,2024-03-21,27571.0,8,30.41,1
CITY_163,pro,web,2023-02-02,20870.0,6,39.04,0
CITY_106,basic,phone,2024-05-19,14783.0,9,28.68,1
CITY_059,basic,app,2023-08-11,10987.0,10,15.75,0
CITY_075,basic,app,2023-07-10,41954.0,6,20.68,0
CITY_145,basic,web,2023-07-15,45960.0,7,39.73,0
CITY_002,basic,app,2024-10-26,29025.0,4,33.88,0
CITY_093,basic,web,2023-02-26,20875.0,7,37.73,1
CITY_099,basic,app,2024-08-17,60167.0,4,16.05,0
CITY_103,basic,app,2023-08-17,9641.0,6,9.78,1
CITY_123,basic,web,2023-07-01,11699.0,8,6.38,0
CITY_012,pro,web,2023-06-16,19434.0,6,4.08,1
CITY_135,plus,app,2023-04-29,20392.0,2,25.76,1
CITY_126,plus,web,2024-05-06,19749.0,3,9.13,0
CITY_129,basic,app,2023-10-11,36042.0,6,10.25,0
CITY_159,basic,web,2024-12-07,42981.0,9,4.77,0
CITY_052,basic,app,2023-12-30,66086.0,9,16.11,1
CITY_019,plus,app,2023-08-31,23279.0,4,12.46,1
CITY_171,plus,app,2023-06-20,18614.0,4,13.08,0
CITY_000,pro,web,2024-09-03,29825.0,10,26.26,0
CITY_136,plus,app,2024-06-22,13686.0,3,37.0,1
CITY_054,pro,phone,2024-06-25,7069.0,8,35.36,0
CITY_091,basic,phone,2024-09-18,37301.0,8,20.2,1
CITY_125,basic,web,2023-04-08,36182.0,6,6.71,1
CITY_055,plus,app,2023-05-27,30955.0,5,21.95,1
CITY_172,basic,web,2023-02-24,22755.0,4,25.21,0
CITY_085,pro,web,2024-10-26,57920.0,2,124.2,1
CITY_060,basic,web,2024-06-18,20434.0,7,14.7,0
CITY_008,basic,phone,2023-12-21,13610.0,4,9.09,0
CITY_136,pro,web,2024-04-14,18874.0,6,10.45,0
CITY_132,plus,web,2024-12-22,24769.0,3,32.12,1
CITY_112,basic,app,2024-12-19,,9,31.24,1
CITY_026,basic,web,2023-06-24,31802.0,4,8.21,0
CITY_057,basic,web,2023-12-13,22792.0,0,66.4,1
CITY_097,basic,web,2023-04-30,31181.0,8,23.51,0
CITY_016,plus,phone,2023-07-29,12669.0,2,19.38,1
CITY_022,basic,app,2024-01-07,50746.0,8,36.71,0
CITY_034,basic,web,2023-11-24,,7,18.46,1
CITY_026,basic,phone,2023-12-02,,4,23.04,1
CITY_164,basic,app,2024-11-03,35187.0,4,51.58,1
CITY_153,plus,web,2023-11-12,28275.0,8,15.32,0
CITY_122,basic,app,2023-07-18,35706.0,5,18.14,1
CITY_028,basic,web,2024-06-06,24273.0,6,41.65,1
CITY_008,plus,web,2023-08-23,26493.0,6,73.68,1
CITY_073,basic,web,2023-07-28,15309.0,8,16.65,0
CITY_126,plus,app,2023-01-21,23434.0,6,25.28,1
CITY_066,basic,phone,2024-08-07,23527.0,6,24.37,1
CITY_008,plus,app,2023-06-11,,7,19.9,0
CITY_122,basic,web,2024-12-04,17828.0,8,59.01,1
CITY_122,basic,app,2024-12-30,24934.0,8,5.49,1
CITY_003,plus,app,2024-04-04,94923.0,5,36.72,0
CITY_162,plus,web,2023-07-04,,2,9.56,0
CITY_158,basic,app,2024-12-25,20480.0,8,18.36,0
CITY_121,basic,web,2024-09-13,37153.0,4,23.4,0
CITY_130,plus,web,2024-05-29,22386.0,5,14.8,0
CITY_069,plus,app,2024-02-06,11147.0,6,17.58,1
CITY_027,basic,web,2024-07-02,40056.0,5,28.36,1
CITY_055,plus,web,2024-11-30,28709.0,12,18.94,0
CITY_150,basic,web,2024-05-26,34769.0,5,14.18,1
CITY_128,basic,app,2024-12-28,27985.0,7,4.43,0
CITY_082,basic,app,2024-06-05,41792.0,8,14.16,0
CITY_019,plus,web,2023-07-11,32489.0,8,15.57,0
CITY_000,basic,web,2024-06-13,29799.0,7,32.93,0
CITY_050,basic,app,2024-10-07,,4,8.42,0
CITY_048,basic,app,2024-12-13,10904.0,3,36.22,1
CITY_024,plus,app,2023-10-24,45005.0,5,10.24,0
CITY_131,plus,web,2024-05-10,74538.0,3,29.16,1
CITY_084,basic,web,2024-03-12,32911.0,5,6.42,0
CITY_110,plus,web,2023-10-05,65155.0,4,76.07,0
CITY_144,basic,web,2023-10-31,19217.0,4,18.85,1
CITY_035,plus,web,2023-09-16,44541.0,2,9.37,1
CITY_072,plus,web,2023-03-21,23023.0,8,6.49,0
CITY_139,plus,phone,2023-09-11,30264.0,3,9.86,1
CITY_085,basic,web,2023-04-22,31140.0,6,10.21,0
CITY_115,basic,phone,2023-03-20,17331.0,4,41.96,0
CITY_011,plus,web,2024-06-21,36179.0,6,26.82,1
CITY_079,basic,web,2023-11-04,26643.0,9,16.39,1
CITY_154,plus,app,2024-04-10,22582.0,9,22.46,1
CITY_082,basic,web,2023-10-19,40771.0,3,15.26,0
CITY_029,plus,web,2023-10-28,74287.0,8,30.18,1
CITY_161,pro,app,2023-09-11,48268.0,6,15.03,0
CITY_173,basic,web,2023-09-19,21050.0,8,10.67,0
CITY_000,basic,web,2024-03-17,30938.0,7,28.92,1
CITY_166,basic,app,2024-02-17,29302.0,3,14.37,0
CITY_099,plus,app,2024-06-21,21619.0,6,35.54,0
CITY_058,plus,web,2023-01-10,26878.0,7,9.52,0
CITY_124,plus,app,2023-05-13,17842.0,8,58.96,0
CITY_031,pro,web,2024-05-24,21797.0,3,9.91,0
CITY_157,basic,app,2024-11-01,39265.0,6,20.66,0
CITY_006,basic,web,2024-09-08,31277.0,4,27.98,0
CITY_023,plus,app,2023-02-14,20069.0,11,17.51,0
CITY_022,basic,web,2024-07-18,103594.0,8,31.0,1
CITY_040,basic,web,2024-11-01,30961.0,7,74.69,1
CITY_077,basic,app,2023-09-18,26964.0,8,36.7,1
CITY_002,plus,web,2024-02-22,14660.0,5,134.41,0
CITY_064,basic,app,2023-03-01,57672.0,6,20.78,1
CITY_154,basic,web,2023-01-07,21103.0,5,30.69,1
CITY_010,pro,web,2023-03-18,16524.0,4,11.28,0
CITY_126,plus,web,2024-07-01,14010.0,7,34.29,1
CITY_167,plus,app,2023-01-09,35633.0,6,27.03,0
CITY_082,plus,app,2024-12-28,20454.0,5,16.05,1
CITY_078,pro,phone,2023-06-08,45296.0,4,4.14,1
CITY_050,basic,app,2024-04-08,16566.0,6,91.93,0
CITY_153,basic,app,2024-11-28,18607.0,11,21.04,0
CITY_116,pro,web,2023-01-21,30413.0,6,23.2,0
CITY_054,basic,web,2023-10-27,45405.0,6,100.41,0
CITY_049,basic,app,2023-05-25,10195.0,10,22.55,0
CITY_118,pro,app,2024-03-08,31307.0,6,30.28,0
CITY_062,basic,web,2023-03-14,,8,8.21,1
CITY_120,plus,phone,2024-08-31,40025.0,5,14.39,0
CITY_095,basic,web,2023-01-04,43299.0,7,19.57,1
CITY_033,pro,web,2023-09-16,43271.0,3,18.84,0
CITY_073,pro,web,2023-01-09,14488.0,4,25.81,0
CITY_139,basic,web,2023-08-18,26216.0,8,14.97,1
CITY_174,plus,app,2023-08-16,36799.0,3,36.92,1
CITY_084,basic,app,2024-08-25,32813.0,5,54.7,0
CITY_052,plus,web,2023-04-23,30574.0,5,24.39,1
CITY_113,plus,web,2024-10-21,32654.0,4,38.96,1
CITY_001,plus,app,2023-05-08,,4,10.26,0
CITY_092,basic,app,2024-09-19,48999.0,3,16.11,1
CITY_076,plus,app,2023-10-03,69344.0,6,40.14,0
CITY_121,plus,web,2023-10-21,60251.0,9,64.54,1
CITY_096,basic,web,2024-01-17,46915.0,5,17.12,0
CITY_114,basic,web,2023-12-20,17702.0,4,56.73,1
CITY_067,pro,app,2023-12-11,,8,35.03,0
CITY_011,basic,app,2023-03-06,21826.0,5,70.86,1
CITY_037,basic,app,2023-09-20,13947.0,6,43.41,1
CITY_127,pro,app,2024-11-08,12512.0,4,30.58,1
CITY_125,basic,app,2024-10-25,23744.0,8,9.31,0
CITY_000,basic,web,2023-06-13,18730.0,5,20.02,0
CITY_006,pro,web,2024-12-24,19654.0,6,15.05,0
CITY_012,plus,web,2023-06-26,17189.0,3,22.5,0
CITY_020,basic,web,2024-01-01,31871.0,4,34.16,1
CITY_034,plus,app,2024-04-14,,5,9.12,0
CITY_084,basic,app,2023-12-20,35596.0,7,7.61,1
CITY_052,plus,app,2023-10-04,16362.0,10,13.68,0
CITY_176,basic,app,2024-08-25,36964.0,6,10.42,0
CITY_166,pro,app,2024-09-21,24082.0,3,18.12,1
CITY_139,basic,phone,2023-06-23,43883.0,7,21.06,0
CITY_156,basic,app,2023-05-16,28734.0,5,14.63,1
CITY_161,basic,app,2024-10-05,34979.0,6,9.26,0
CITY_175,plus,web,2024-07-25,7878.0,4,7.89,1
CITY_141,plus,app,2023-10-04,24926.0,7,20.75,1
CITY_093,basic,web,2024-06-26,48121.0,7,26.18,0
CITY_096,pro,app,2024-03-28,16822.0,6,45.21,0
CITY_101,plus,app,2023-07-07,20855.0,6,54.33,0
CITY_100,plus,app,2023-07-28,55978.0,2,8.93,0
CITY_121,plus,web,2023-06-17,36645.0,2,32.83,1
CITY_052,plus,web,2024-12-25,87481.0,7,20.87,0
CITY_044,basic,web,2023-02-24,,7,14.16,0
CITY_014,plus,web,2024-12-12,29958.0,5,23.99,0
CITY_081,plus,web,2024-10-05,56319.0,8,30.42,0
CITY_169,basic,app,2023-10-20,,8,27.96,0
CITY_038,basic,web,2024-06-23,37673.0,9,14.44,0
CITY_097,pro,app,2023-04-08,26845.0,3,50.58,1
CITY_102,basic,web,2024-05-30,38338.0,4,44.69,0
CITY_031,pro,app,2023-08-22,30248.0,11,37.3,0
CITY_177,plus,app,2024-05-16,27601.0,13,35.11,0
CITY_115,plus,web,2024-02-12,,5,5.13,1
CITY_052,pro,web,2024-06-13,14241.0,4,23.86,1
CITY_150,basic,app,2024-05-28,73321.0,7,18.3,1
CITY_174,plus,app,2023-03-12,14438.0,2,17.62,0
CITY_021,plus,phone,2024-09-23,41827.0,3,15.78,1
CITY_161,plus,app,2023-05-24,54435.0,7,99.4,1
CITY_116,pro,web,2023-03-12,34294.0,11,26.41,0
CITY_144,plus,web,2024-08-20,20637.0,6,55.15,0
CITY_149,plus,app,2023-03-02,35082.0,6,53.24,1
CITY_159,basic,web,2024-09-08,18571.0,0,42.65,1
CITY_052,pro,web,2023-03-19,61767.0,2,3.91,0
CITY_116,basic,app,2024-11-27,44573.0,5,27.1,0
CITY_114,plus,phone,2023-09-19,13100.0,10,12.85,0
CITY_087,pro,web,2024-06-29,16343.0,6,13.78,0
CITY_043,plus,web,2024-04-10,24667.0,8,39.56,1
CITY_141,basic,phone,2024-01-15,28745.0,4,35.44,0
CITY_148,plus,app,2023-04-11,26201.0,8,44.82,1
CITY_057,plus,app,2023-02-10,13052.0,12,48.88,1
CITY_092,basic,app,2024-09-07,31213.0,6,47.85,1
CITY_119,pro,app,2024-11-26,49873.0,8,49.6,0
CITY_150,plus,app,2024-02-03,45496.0,5,57.1,1
CITY_021,plus,app,2024-10-21,53739.0,7,59.12,0
CITY_139,plus,web,2023-04-24,58801.0,6,32.88,0
CITY_044,plus,app,2024-08-06,54912.0,6,37.22,1
CITY_010,basic,web,2023-05-05,47634.0,2,30.83,1
CITY_127,plus,web,2024-11-12,16800.0,9,21.26,0
CITY_008,basic,web,2024-05-01,20252.0,7,17.85,1
CITY_136,basic,phone,2023-04-23,,5,23.07,1
CITY_058,basic,web,2024-06-26,31716.0,8,20.9,0
CITY_005,plus,app,2023-10-28,18214.0,3,16.12,1
CITY_082,basic,app,2023-01-05,11591.0,6,23.26,1
CITY_078,pro,web,2023-01-22,37728.0,4,19.73,0
CITY_156,plus,web,2024-05-06,28724.0,6,29.73,1
CITY_007,plus,web,2023-02-11,27277.0,5,16.95,0
CITY_161,plus,app,2024-10-12,22948.0,6,20.88,0
CITY_109,pro,web,2024-06-28,20279.0,4,4.13,0
CITY_003,plus,web,2023-07-29,21182.0,5,11.76,1
CITY_039,basic,web,2023-10-31,19018.0,6,8.72,1
CITY_064,basic,web,2024-08-11,27258.0,8,28.93,0
CITY_146,basic,phone,2024-02-06,18430.0,7,9.71,0
CITY_149,pro,web,2023-05-23,20723.0,6,13.14,1
CITY_070,basic,app,2024-06-19,22172.0,6,16.86,0
CITY_061,basic,app,2024-03-15,9323.0,9,47.6,0
CITY_144,basic,web,2024-05-06,57425.0,6,24.76,1
CITY_004,pro,app,2024-11-14,64567.0,7,13.21,0
CITY_024,basic,web,2023-03-15,22999.0,4,31.93,0
CITY_134,plus,web,2023-03-25,18216.0,4,65.42,1
CITY_095,plus,web,2024-03-10,37660.0,6,10.77,0
CITY_176,pro,app,2023-12-22,26096.0,6,37.6,1
CITY_108,basic,app,2024-02-05,35744.0,8,38.34,0
CITY_043,basic,app,2023-03-19,,8,40.9,1
CITY_078,plus,web,2023-02-14,23276.0,6,18.64,0
CITY_092,basic,app,2024-07-22,13252.0,5,39.58,1
CITY_104,plus,app,2023-09-14,24035.0,6,23.1,0
CITY_117,plus,web,2024-12-18,23143.0,3,23.53,1
CITY_042,basic,app,2024-06-30,14398.0,8,33.63,0
CITY_017,plus,web,2024-07-02,28255.0,3,15.33,0
CITY_056,plus,phone,2024-10-18,61475.0,8,11.13,0
CITY_065,basic,phone,2023-12-06,84070.0,2,30.03,1
CITY_028,pro,web,2024-05-16,46619.0,3,29.62,1
CITY_172,pro,app,2024-10-19,97714.0,5,28.88,1
CITY_015,plus,web,2024-07-26,38287.0,7,16.78,1
CITY_047,plus,web,2024-11-11,34675.0,5,45.02,1
CITY_126,plus,app,2023-07-10,18333.0,4,13.09,1
CITY_164,basic,web,2024-10-18,10804.0,5,31.77,0
CITY_137,pro,app,2023-07-05,,6,24.97,0
CITY_103,plus,app,2023-05-27,15907.0,10,12.08,0
CITY_100,plus,web,2023-02-02,,2,19.03,1
CITY_159,basic,web,2024-08-29,44829.0,3,28.18,0
CITY_000,basic,app,2023-09-25,33716.0,7,36.0,1
CITY_011,basic,web,2024-09-02,12309.0,4,11.16,1
CITY_072,basic,phone,2023-03-09,,5,18.16,1
CITY_013,basic,web,2023-05-30,21310.0,3,29.25,1
CITY_001,basic,app,2024-03-26,13591.0,8,19.44,0
CITY_075,pro,web,2024-06-01,25953.0,7,47.33,1
CITY_130,basic,web,2023-02-15,26063.0,6,17.88,0
CITY_033,basic,app,2023-12-24,40042.0,4,17.62,0
CITY_112,pro,web,2024-05-11,40243.0,3,62.88,0
CITY_148,basic,app,2023-04-09,31905.0,3,29.67,1
CITY_129,basic,web,2023-12-21,37194.0,5,34.85,0
CITY_002,plus,app,2024-01-22,23095.0,11,21.29,0
CITY_120,basic,phone,2023-12-15,36408.0,1,9.27,1
CITY_141,basic,phone,2024-11-26,11757.0,6,76.43,1
CITY_048,pro,app,2023-07-22,34177.0,7,32.93,1
CITY_072,basic,app,2023-01-25,19771.0,13,46.65,1
CITY_100,basic,app,2024-02-19,23313.0,4,10.04,0
CITY_175,basic,web,2024-02-21,45885.0,4,5.73,1
CITY_028,plus,phone,2023-09-05,41998.0,3,21.63,0
CITY_030,basic,web,2023-10-16,28654.0,6,19.07,0
CITY_113,plus,phone,2024-02-26,19077.0,9,22.88,0
CITY_102,basic,web,2024-10-06,19286.0,5,67.99,0
CITY_025,pro,web,2024-02-29,10362.0,7,10.43,1
CITY_145,plus,app,2024-01-26,16595.0,1,17.36,1
CITY_040,pro,app,2024-12-14,22237.0,7,12.19,0
CITY_029,plus,web,2024-06-02,32420.0,2,34.02,0
CITY_172,basic,app,2023-10-02,12690.0,3,26.04,1
CITY_021,basic,web,2023-05-28,17259.0,7,49.42,1
CITY_093,plus,web,2023-08-24,31777.0,7,38.11,1
CITY_111,plus,app,2024-10-24,,7,47.5,1
CITY_130,plus,app,2024-02-11,38265.0,5,61.58,0
CITY_069,basic,phone,2023-10-15,30638.0,9,9.3,0
CITY_097,basic,phone,2023-04-23,28158.0,4,45.45,1
CITY_017,plus,web,2023-01-23,18813.0,3,47.04,0
CITY_158,basic,web,2023-06-28,16307.0,10,76.19,1
CITY_050,plus,app,2024-04-23,,5,25.58,1
CITY_054,plus,web,2023-10-30,42076.0,8,13.7,1
CITY_023,basic,app,2024-06-09,9860.0,0,48.07,1
CITY_133,pro,app,2023-12-18,,6,17.04,0
CITY_047,basic,app,2023-01-10,,1,10.66,1
CITY_138,plus,web,2024-02-11,29438.0,4,30.64,0
CITY_066,basic,app,2024-06-03,54319.0,4,22.94,1
CITY_174,plus,app,2024-06-28,51662.0,10,23.59,0
CITY_080,basic,app,2024-01-21,21946.0,4,21.55,0
CITY_152,basic,web,2023-02-16,29873.0,4,19.63,0
CITY_031,basic,web,2024-12-19,29679.0,3,13.74,0
CITY_122,plus,app,2023-11-16,22565.0,7,33.92,1
CITY_121,basic,app,2023-09-04,30831.0,9,35.15,1
CITY_103,plus,app,2023-01-22,26772.0,5,41.75,0
CITY_008,basic,phone,2024-08-01,36002.0,9,43.62,0
CITY_006,basic,phone,2023-04-28,63041.0,11,21.97,1
CITY_014,pro,app,2023-04-16,66664.0,6,52.89,0
CITY_068,basic,app,2023-01-25,29538.0,6,19.44,0
CITY_032,plus,web,2024-12-19,26810.0,2,35.14,0
CITY_085,plus,web,2023-08-27,36243.0,4,17.98,1
CITY_153,basic,web,2023-07-31,15145.0,7,6.58,0
CITY_094,basic,web,2023-09-06,19309.0,2,16.99,1
CITY_104,basic,web,2024-11-05,,7,30.44,1
CITY_037,basic,app,2024-08-24,24806.0,6,50.04,1
CITY_062,basic,web,2024-04-01,24159.0,2,9.85,0
CITY_113,basic,web,2024-01-02,37914.0,6,37.83,1
CITY_179,plus,web,2023-11-13,11198.0,5,18.45,1
CITY_170,basic,web,2023-08-28,11928.0,6,40.8,1
CITY_046,plus,phone,2024-09-23,33837.0,4,12.29,0
CITY_052,plus,app,2023-07-25,41195.0,9,16.06,0
CITY_039,pro,web,2023-12-06,21556.0,6,9.61,0
CITY_037,basic,web,2024-10-11,20365.0,4,23.73,1
CITY_017,plus,app,2023-11-11,102608.0,3,36.57,0
CITY_094,plus,phone,2023-05-22,41092.0,2,24.53,0
CITY_132,basic,web,2023-12-08,52204.0,3,11.0,0
CITY_013,basic,app,2023-04-14,23357.0,9,18.85,0
CITY_033,plus,app,2023-08-23,36032.0,13,25.31,1
CITY_132,pro,phone,2023-02-15,12122.0,4,11.64,0
CITY_029,basic,web,2024-05-30,19261.0,4,18.39,1
CITY_078,pro,app,2024-01-14,14265.0,5,12.52,0
CITY_079,basic,phone,2024-02-01,,4,15.41,1
CITY_083,pro,phone,2023-06-27,9853.0,5,84.57,1
CITY_150,basic,web,2024-12-22,15189.0,6,38.45,1
CITY_098,plus,app,2024-03-02,26605.0,5,19.47,1
CITY_126,basic,web,2023-01-07,22160.0,6,24.91,0
CITY_145,basic,web,2024-11-13,25535.0,8,4.98,0
CITY_076,plus,app,2023-10-07,,8,26.49,0
CITY_098,basic,web,2023-04-12,9071.0,8,73.92,1
CITY_044,basic,web,2023-11-14,,5,15.8,0
CITY_148,plus,web,2024-01-28,31660.0,8,39.3,1
CITY_130,basic,phone,2023-06-03,17349.0,8,21.25,0
CITY_120,plus,web,2024-05-11,22494.0,7,16.62,1
CITY_133,basic,web,2024-03-16,8263.0,8,41.6,1
CITY_124,basic,web,2024-09-08,22267.0,2,18.56,0
CITY_174,basic,web,2023-01-06,23112.0,8,9.21,1
CITY_013,basic,web,2023-05-23,17683.0,7,21.8,0
CITY_147,basic,app,2023-11-30,39180.0,7,10.25,0
CITY_027,basic,app,2023-09-03,20773.0,4,37.5,0
CITY_045,plus,app,2024-02-01,12491.0,5,6.32,1
CITY_167,plus,app,2024-04-09,11300.0,10,20.08,1
CITY_077,basic,app,2024-09-20,25937.0,10,6.15,0
CITY_017,plus,app,2024-05-27,7624.0,7,18.64,1
CITY_074,plus,app,2024-03-28,20664.0,8,15.46,0
CITY_168,plus,app,2024-07-23,29469.0,8,30.44,0
CITY_087,basic,web,2023-04-17,19823.0,5,19.54,1
CITY_073,pro,web,2024-07-21,26999.0,2,28.53,1
CITY_046,plus,web,2023-12-04,49981.0,10,20.94,0
CITY_167,plus,app,2024-05-11,29654.0,10,15.83,0
CITY_124,basic,app,2024-11-30,8394.0,5,15.0,0
CITY_109,plus,app,2024-11-15,16900.0,12,11.32,0
CITY_089,pro,app,2023-10-10,15207.0,6,16.25,0
CITY_168,plus,web,2024-11-06,36403.0,10,22.91,0
CITY_179,basic,app,2024-04-25,31364.0,9,5.51,1
CITY_100,plus,web,2024-04-25,21918.0,3,14.55,1
CITY_145,basic,app,2023-03-20,20415.0,4,44.32,1
CITY_084,basic,app,2024-01-13,17479.0,4,20.25,1
CITY_087,basic,phone,2024-05-14,39248.0,7,27.82,0
CITY_111,plus,web,2024-03-20,35948.0,9,15.55,0
CITY_131,basic,web,2024-08-09,14233.0,3,53.9,1
CITY_046,plus,web,2023-03-02,33270.0,4,10.59,1
CITY_132,basic,web,2024-06-09,26392.0,3,15.52,1
CITY_099,basic,phone,2023-02-19,18489.0,3,96.82,0
CITY_081,basic,web,2023-12-05,27816.0,2,7.42,0
CITY_028,basic,app,2023-06-05,65024.0,7,24.62,0
CITY_052,basic,web,2023-04-13,29092.0,7,14.77,0
CITY_106,pro,app,2024-04-22,19484.0,7,20.68,0
CITY_101,basic,app,2024-04-21,64225.0,3,53.63,0
CITY_166,plus,phone,2024-04-29,,3,55.33,0
CITY_001,basic,app,2024-07-16,22419.0,4,48.59,1
CITY_086,pro,web,2023-05-27,39731.0,7,9.25,0
CITY_118,plus,web,2024-06-04,,5,64.49,1
CITY_076,basic,web,2023-07-24,32321.0,5,35.6,1
CITY_069,plus,app,2023-03-01,22149.0,4,19.82,0
CITY_000,plus,web,2023-01-16,24271.0,3,5.57,0
CITY_174,plus,app,2023-12-13,46943.0,3,65.01,0
CITY_105,pro,app,2023-10-30,35404.0,7,36.8,0
CITY_032,basic,web,2023-10-07,23881.0,4,36.97,1
CITY_024,plus,web,2023-09-03,,5,22.31,1
CITY_051,basic,app,2024-12-13,30858.0,6,50.85,0
CITY_005,basic,phone,2023-04-04,27021.0,10,22.12,0
CITY_074,basic,web,2023-10-25,15803.0,6,12.66,1
CITY_086,basic,web,2023-04-10,36761.0,11,62.22,1
CITY_100,basic,web,2023-05-24,18248.0,4,12.25,1
CITY_073,plus,app,2024-06-02,23403.0,4,9.92,1
CITY_141,basic,phone,2023-04-26,53318.0,7,26.69,1
CITY_116,pro,web,2024-03-26,22840.0,3,13.62,0
CITY_047,plus,web,2024-03-28,26014.0,9,26.08,0
CITY_047,pro,app,2024-06-25,30168.0,6,24.01,0
CITY_120,pro,web,2023-12-18,,6,35.43,0
CITY_102,basic,web,2023-06-01,66553.0,3,11.01,0
CITY_066,plus,app,2024-09-03,21752.0,8,15.87,1
CITY_118,plus,app,2023-10-07,28770.0,3,7.71,0
CITY_177,plus,app,2024-06-02,18389.0,2,8.99,0
CITY_057,plus,web,2024-07-30,,4,22.51,0
CITY_109,basic,app,2024-04-03,62111.0,7,28.49,0
CITY_008,plus,web,2024-05-24,18177.0,8,7.53,0
CITY_127,plus,app,2024-02-11,43017.0,5,8.3,1
CITY_011,plus,app,2024-03-18,46342.0,5,12.88,0
CITY_083,plus,app,2024-10-03,11920.0,11,31.69,0
CITY_077,basic,web,2023-12-01,52634.0,2,16.59,1
CITY_113,basic,web,2023-08-10,53259.0,4,19.62,0
CITY_022,basic,web,2023-10-21,8062.0,8,8.52,1
CITY_002,plus,app,2024-02-09,41898.0,7,18.1,0
CITY_065,pro,phone,2023-02-10,72355.0,11,34.91,0
CITY_034,plus,web,2023-08-07,41324.0,6,15.22,1
CITY_129,plus,web,2023-10-29,24302.0,4,10.78,0
CITY_125,basic,web,2023-07-22,100331.0,2,13.09,0
CITY_041,plus,web,2023-09-14,44084.0,6,8.63,1
CITY_022,basic,app,2024-07-04,25065.0,8,20.99,1
CITY_019,basic,web,2024-03-30,47231.0,2,14.09,1
CITY_057,basic,web,2023-08-18,38047.0,4,67.07,1
CITY_157,pro,phone,2024-05-13,79866.0,6,20.27,0
CITY_137,basic,web,2023-02-11,39801.0,5,16.14,0
CITY_024,plus,web,2023-09-28,34121.0,13,16.41,1
CITY_030,pro,app,2024-11-14,16087.0,10,32.83,1
CITY_037,pro,app,2023-03-17,59564.0,7,11.47,0
CITY_130,basic,web,2023-01-04,,6,26.79,1
CITY_024,basic,phone,2023-05-19,,9,35.27,1
CITY_024,plus,phone,2024-10-24,46355.0,9,10.14,0
CITY_023,basic,app,2024-07-28,21687.0,9,13.14,1
CITY_012,plus,web,2023-04-04,18701.0,5,23.09,0
CITY_091,plus,web,2023-10-09,52710.0,7,39.08,0
CITY_051,plus,app,2024-07-25,17980.0,12,24.94,0
CITY_113,pro,web,2024-03-14,24393.0,9,9.69,0
CITY_055,basic,app,2024-06-09,24613.0,3,46.49,1
CITY_079,basic,web,2024-04-24,39675.0,6,24.82,0
CITY_046,pro,app,2023-05-05,19170.0,7,40.9,0
CITY_141,plus,app,2023-10-11,45760.0,3,24.66,0
CITY_102,basic,web,2023-05-21,34869.0,7,11.62,1
CITY_121,pro,app,2023-11-06,69440.0,6,14.98,1
CITY_130,basic,app,2024-07-04,18684.0,4,12.7,0
CITY_136,plus,web,2024-02-25,36986.0,5,22.85,0
CITY_163,basic,app,2023-12-25,23020.0,5,3.97,0
CITY_169,basic,app,2023-05-16,40397.0,9,18.28,0
CITY_020,plus,web,2024-10-12,9152.0,5,14.69,1
CITY_084,plus,web,2024-04-30,,8,22.02,0
CITY_037,basic,phone,2024-11-05,21945.0,5,44.93,1
CITY_030,basic,web,2023-10-10,18428.0,4,21.06,1
CITY_039,plus,phone,2023-01-30,9781.0,9,18.73,1
CITY_114,plus,web,2024-05-15,18201.0,6,37.93,1
CITY_137,basic,web,2024-02-19,46635.0,6,43.26,0
CITY_038,pro,phone,2024-12-11,12535.0,7,18.54,1
CITY_021,plus,app,2023-12-20,34153.0,8,38.02,1
CITY_165,basic,web,2023-07-29,55095.0,10,16.13,0
CITY_162,plus,phone,2024-08-12,11740.0,4,12.78,0
CITY_019,basic,web,2023-02-24,31744.0,7,39.33,1
CITY_093,pro,web,2023-09-10,29320.0,2,26.27,0
CITY_150,basic,app,2024-05-21,30340.0,14,4.85,0
CITY_086,plus,phone,2023-09-03,,8,12.91,0
CITY_084,basic,app,2024-11-29,46430.0,6,17.74,1
CITY_065,basic,web,2024-12-22,30163.0,5,36.81,0
CITY_164,pro,app,2024-08-11,,6,40.68,0
CITY_039,basic,web,2023-08-05,18262.0,3,32.1,1
CITY_059,plus,web,2023-08-29,35075.0,8,27.95,1
CITY_173,pro,web,2023-08-14,11532.0,9,24.54,1
CITY_038,plus,phone,2024-06-07,28965.0,6,17.13,0
CITY_062,basic,web,2023-10-23,36674.0,6,6.04,0
CITY_000,basic,phone,2024-06-09,,2,17.18,1
CITY_018,plus,phone,2023-09-24,30847.0,5,24.84,1
CITY_160,plus,web,2023-04-17,20093.0,7,22.76,0
CITY_089,basic,app,2023-08-23,27971.0,3,43.12,1
CITY_130,basic,web,2024-06-03,64917.0,7,41.37,1
CITY_116,basic,phone,2024-04-24,31574.0,3,36.93,0
CITY_124,plus,app,2023-01-15,28313.0,10,22.91,0
CITY_024,basic,app,2023-06-05,25031.0,5,40.05,1
CITY_157,basic,app,2023-03-14,11154.0,4,27.2,1
CITY_160,plus,phone,2024-06-14,55937.0,5,22.1,0
CITY_145,plus,web,2024-05-03,17118.0,6,9.2,0
CITY_093,basic,app,2024-06-01,13438.0,9,18.52,0
CITY_148,basic,web,2023-12-22,61982.0,6,26.64,0
CITY_045,basic,app,2023-06-02,10865.0,7,6.64,1
CITY_168,plus,web,2023-06-14,58957.0,6,19.65,0
CITY_170,plus,web,2024-09-15,13066.0,5,17.26,0
CITY_052,plus,phone,2024-12-13,10779.0,7,15.55,1
CITY_116,plus,app,2024-11-17,108778.0,6,57.51,1
CITY_151,pro,app,2023-02-07,22588.0,7,20.68,0
CITY_027,basic,web,2023-05-09,40426.0,10,83.73,0
CITY_159,basic,phone,2023-09-05,36075.0,7,45.29,0
CITY_037,basic,app,2023-02-12,,8,9.75,1
CITY_144,pro,app,2023-10-26,25863.0,6,15.15,0
CITY_011,plus,app,2023-08-14,11363.0,6,37.04,1
CITY_146,plus,web,2023-03-24,13613.0,8,15.99,0
CITY_077,basic,web,2024-04-09,27069.0,9,28.99,0
CITY_110,pro,phone,2024-11-13,53426.0,5,21.82,0
CITY_065,plus,web,2023-12-15,46356.0,8,12.38,0
CITY_041,basic,app,2024-10-27,29352.0,3,48.58,1
CITY_005,plus,web,2023-07-29,23550.0,9,54.93,0
CITY_001,basic,web,2024-10-22,40120.0,11,23.91,0
CITY_156,pro,web,2023-08-08,25976.0,5,32.87,0
CITY_172,basic,app,2023-08-20,12420.0,7,29.14,1
CITY_035,basic,app,2024-09-03,86431.0,9,31.93,0
CITY_092,basic,web,2023-11-29,33081.0,11,19.03,1
CITY_136,basic,web,2024-05-10,24162.0,7,12.21,0
CITY_054,pro,web,2023-10-02,26729.0,3,31.46,0
CITY_018,basic,web,2024-07-16,23139.0,9,21.85,1
CITY_023,basic,web,2023-10-18,65724.0,6,13.09,0
CITY_112,basic,web,2024-05-17,25171.0,4,24.43,0
CITY_008,basic,app,2024-05-21,40652.0,5,8.64,0
CITY_085,basic,web,2023-05-06,61900.0,6,9.49,1
CITY_054,basic,phone,2024-03-22,25565.0,5,17.52,1
CITY_110,basic,web,2024-06-06,19767.0,4,4.9,0
CITY_024,plus,app,2023-10-31,25708.0,7,18.42,1
CITY_125,plus,phone,2024-10-31,,3,32.99,0
CITY_132,basic,web,2024-09-17,,7,9.21,0
CITY_036,pro,app,2024-04-18,29291.0,3,117.01,0
CITY_017,basic,web,2024-06-18,60303.0,11,14.21,0
CITY_122,plus,app,2024-03-24,16859.0,7,35.03,0
CITY_121,plus,web,2024-01-20,43409.0,6,21.32,0
CITY_026,plus,web,2024-04-24,21672.0,8,6.59,0
CITY_099,plus,web,2023-01-07,14435.0,6,48.6,1
CITY_150,basic,web,2023-01-11,39538.0,12,37.51,0
CITY_045,pro,phone,2023-09-26,30798.0,7,13.24,0
CITY_112,plus,phone,2023-03-04,,11,20.26,0
CITY_008,basic,web,2023-11-03,15554.0,1,19.94,1
CITY_042,basic,web,2024-10-06,36320.0,4,4.16,0
CITY_045,basic,app,2023-11-05,86728.0,7,15.78,0
CITY_116,basic,web,2023-08-12,16896.0,2,12.63,1
CITY_143,basic,web,2023-09-16,31494.0,7,14.31,0
CITY_078,plus,web,2024-03-09,19781.0,4,34.02,1
CITY_133,basic,phone,2024-12-14,51227.0,2,28.0,1
CITY_141,basic,web,2024-06-17,27770.0,5,46.3,0
CITY_144,plus,app,2024-11-17,10367.0,10,61.76,1
CITY_021,basic,web,2023-01-10,,4,18.29,1
CITY_074,plus,app,2023-11-26,18797.0,8,16.23,0
CITY_072,basic,phone,2023-03-06,38008.0,4,13.76,0
CITY_134,plus,app,2024-10-31,43854.0,6,28.14,1
CITY_034,pro,app,2023-08-10,78818.0,2,70.34,0
CITY_045,basic,app,2024-03-05,45675.0,3,57.12,0
CITY_130,plus,phone,2024-02-07,15366.0,6,10.63,0
CITY_009,pro,web,2023-11-13,37434.0,7,66.84,0
CITY_175,plus,web,2024-07-30,7202.0,6,13.31,1
CITY_047,pro,app,2023-09-01,20047.0,6,44.45,1
CITY_010,plus,web,2023-08-29,,7,41.46,0
CITY_019,basic,app,2023-06-25,,7,7.99,0
CITY_127,pro,phone,2023-10-01,36364.0,9,24.89,1
CITY_044,plus,web,2024-02-24,15911.0,4,12.92,1
CITY_166,basic,web,2023-07-26,25834.0,7,44.95,1
CITY_172,basic,app,2023-09-19,42846.0,4,10.87,0
CITY_085,basic,web,2024-04-09,31833.0,4,15.31,0
CITY_131,basic,web,2023-10-29,20827.0,6,38.97,1
CITY_047,plus,phone,2023-06-14,8657.0,7,43.18,1
CITY_124,basic,web,2023-03-13,56503.0,5,37.64,0
CITY_041,basic,web,2023-04-25,22528.0,5,29.93,1
CITY_015,pro,web,2023-01-13,20699.0,5,4.39,0
CITY_022,plus,app,2024-07-18,30914.0,1,9.58,1
CITY_118,pro,web,2024-10-04,26853.0,5,17.14,0
CITY_173,pro,app,2024-09-09,22913.0,9,31.25,0
CITY_105,plus,phone,2024-12-01,,9,16.81,1
CITY_009,basic,web,2023-12-14,24224.0,6,13.41,0
CITY_012,plus,web,2023-11-22,23452.0,2,12.93,1
CITY_147,plus,web,2023-01-10,51808.0,4,37.58,1
CITY_021,plus,phone,2024-09-19,,9,6.12,1
CITY_088,plus,app,2023-09-07,19352.0,4,19.28,0
CITY_146,basic,web,2023-11-24,27167.0,6,61.64,1
CITY_105,pro,app,2024-10-05,10761.0,11,6.04,0
CITY_111,plus,web,2024-01-24,15326.0,3,6.85,0
CITY_162,plus,phone,2024-09-23,25648.0,6,13.77,0
CITY_134,plus,phone,2023-07-13,28119.0,6,21.59,0
CITY_122,basic,app,2023-09-18,19912.0,8,5.29,0
CITY_064,pro,web,2024-08-11,35196.0,6,30.09,0
CITY_020,basic,app,2023-03-16,43092.0,2,29.26,1
CITY_079,plus,web,2024-07-23,35190.0,5,18.48,1
CITY_122,plus,app,2023-08-25,,7,10.85,1
CITY_093,basic,app,2023-06-06,39713.0,11,83.28,1
CITY_129,basic,web,2024-05-28,104506.0,4,73.34,1
CITY_017,pro,phone,2024-06-30,23404.0,6,11.56,1
CITY_084,basic,phone,2024-03-24,24563.0,9,30.69,0
CITY_057,basic,web,2023-11-29,22397.0,8,43.23,1
CITY_079,basic,app,2024-08-21,15664.0,6,9.3,0
CITY_041,pro,web,2023-02-04,33284.0,8,11.66,0
CITY_163,basic,app,2024-03-16,55439.0,9,39.05,1
CITY_007,basic,web,2024-01-25,36286.0,5,7.44,1
CITY_140,basic,web,2023-04-21,39078.0,5,10.64,1
CITY_140,plus,web,2024-01-18,25377.0,4,7.75,0
CITY_037,plus,web,2024-01-09,15810.0,6,12.79,0
CITY_096,plus,web,2024-01-18,14389.0,2,16.38,0
CITY_022,basic,web,2024-06-11,12118.0,3,9.68,1
CITY_173,pro,app,2024-12-02,43604.0,6,18.31,0
CITY_104,pro,app,2023-02-05,15630.0,6,9.49,0
CITY_078,basic,web,2024-11-08,24147.0,7,29.15,1
CITY_065,plus,web,2023-07-01,18504.0,3,31.22,1
CITY_042,pro,web,2023-12-31,18507.0,8,9.62,0
CITY_051,pro,app,2024-02-25,29953.0,8,19.43,0
CITY_065,plus,web,2024-11-02,24248.0,5,25.59,0
CITY_101,basic,app,2024-11-18,25204.0,5,59.12,0
CITY_175,plus,web,2023-09-13,,4,24.14,1
CITY_072,pro,app,2024-07-17,41497.0,5,55.29,1
CITY_114,pro,web,2024-06-15,89666.0,2,24.14,0
CITY_174,basic,app,2023-08-04,26282.0,5,22.13,0
CITY_024,pro,web,2023-05-05,40943.0,10,9.46,0
CITY_039,basic,web,2024-12-08,13685.0,5,10.15,1
CITY_120,plus,web,2023-10-16,40765.0,3,29.63,0
CITY_140,basic,web,2023-12-27,16837.0,7,20.57,1
CITY_141,basic,app,2024-07-28,15192.0,6,11.89,1
CITY_058,pro,app,2024-02-25,19072.0,9,27.06,1
CITY_131,plus,phone,2024-10-08,44948.0,4,7.89,0
CITY_002,plus,app,2023-05-27,23211.0,6,37.76,0
CITY_135,basic,web,2024-11-28,13244.0,7,55.29,0
CITY_093,basic,web,2024-08-19,29345.0,6,21.02,0
CITY_073,pro,web,2024-06-30,24652.0,8,16.29,1
CITY_144,plus,web,2023-09-04,87068.0,6,11.52,0
CITY_089,basic,web,2024-04-19,23516.0,7,46.08,0
CITY_088,basic,web,2024-05-12,17289.0,3,18.06,0
CITY_120,basic,app,2023-05-26,15725.0,5,15.49,1
CITY_168,basic,web,2023-11-07,85275.0,5,23.44,0
CITY_141,basic,web,2023-01-15,15085.0,5,38.1,1
CITY_134,pro,web,2023-10-10,23253.0,3,16.96,0
CITY_016,plus,web,2024-03-06,,5,37.66,0
CITY_018,basic,web,2024-02-04,12746.0,4,14.27,1
CITY_159,basic,web,2023-05-08,36028.0,5,19.41,0
CITY_016,basic,app,2024-02-21,28636.0,7,26.18,1
CITY_138,plus,phone,2023-06-24,,11,13.08,0
CITY_125,basic,app,2023-09-19,45515.0,11,12.18,0
CITY_069,plus,app,2023-07-30,31474.0,4,12.15,0
CITY_153,basic,web,2024-01-13,108533.0,6,42.58,0
CITY_091,basic,web,2023-04-14,45324.0,7,31.31,0
CITY_015,plus,web,2023-08-27,40816.0,8,30.31,0
CITY_112,basic,web,2023-05-16,,5,20.57,1
CITY_174,basic,app,2024-02-29,39618.0,3,64.82,1
CITY_084,plus,web,2024-08-19,29690.0,7,18.77,1
CITY_023,plus,web,2023-01-23,13445.0,5,16.67,0
CITY_171,basic,app,2024-11-17,39253.0,8,15.94,0
CITY_012,basic,web,2023-01-25,35071.0,6,71.58,1
CITY_059,plus,phone,2024-04-08,58842.0,5,67.4,1
CITY_158,basic,app,2023-02-27,6664.0,9,10.59,1
CITY_065,basic,web,2024-04-20,13236.0,4,6.67,1
CITY_158,plus,web,2024-02-19,30397.0,8,7.24,0
CITY_160,plus,web,2023-12-25,27175.0,8,16.93,1
CITY_115,pro,phone,2024-12-06,20409.0,5,16.24,0
CITY_125,plus,app,2024-04-01,11135.0,6,15.8,1
CITY_103,basic,app,2024-05-18,21492.0,7,24.54,0
CITY_131,plus,app,2024-05-13,,4,46.45,0
CITY_137,basic,app,2023-07-10,21134.0,4,35.81,0
CITY_049,pro,web,2023-08-14,23348.0,9,110.56,0
CITY_109,basic,app,2023-07-20,16070.0,5,15.7,1
CITY_045,plus,web,2023-03-26,17537.0,4,22.71,1
CITY_165,basic,app,2023-05-13,12941.0,4,19.6,1
CITY_091,basic,web,2024-06-21,57057.0,10,25.96,1
CITY_093,basic,web,2023-10-21,41816.0,4,40.14,1
CITY_099,basic,web,2024-04-17,,10,27.86,1
CITY_099,plus,web,2023-04-12,23707.0,4,9.18,1
CITY_070,basic,web,2023-03-26,20654.0,9,43.47,0
CITY_076,plus,app,2024-03-19,28838.0,8,49.49,1
CITY_134,basic,app,2023-07-01,18365.0,5,26.28,1
CITY_079,plus,web,2023-09-29,13668.0,5,41.39,0
CITY_021,basic,web,2023-03-07,25192.0,4,5.12,0
CITY_154,basic,web,2023-10-19,34659.0,4,28.8,0
CITY_114,plus,web,2024-08-24,24664.0,8,16.62,1
CITY_044,basic,app,2023-10-08,10113.0,7,15.66,0
CITY_125,basic,app,2023-11-30,17980.0,6,6.16,0
CITY_063,basic,app,2023-08-31,34390.0,8,29.44,1
CITY_010,pro,web,2024-07-09,12102.0,4,23.65,1
CITY_054,pro,phone,2024-04-27,30918.0,9,6.51,1
CITY_066,basic,web,2024-05-22,15978.0,7,25.71,1
CITY_050,pro,phone,2023-11-18,22352.0,7,31.03,0
CITY_086,plus,app,2024-04-20,49811.0,1,39.9,0
CITY_014,basic,web,2024-05-16,27162.0,11,12.74,0
CITY_011,basic,web,2024-08-26,49675.0,4,13.98,1
CITY_090,plus,phone,2024-11-14,66232.0,4,17.28,1
CITY_142,basic,phone,2023-01-02,19639.0,5,26.97,0
CITY_099,plus,app,2024-02-26,50005.0,6,41.38,0
CITY_062,basic,app,2023-12-15,24436.0,6,20.75,0
CITY_169,plus,app,2023-04-16,31952.0,5,111.21,1
CITY_013,basic,app,2023-01-26,,8,13.67,0
CITY_080,basic,app,2024-12-17,15260.0,7,22.8,1
CITY_094,pro,app,2023-01-08,17938.0,3,55.67,1
CITY_068,basic,web,2024-03-03,5790.0,12,25.5,1
CITY_175,basic,web,2024-06-06,20096.0,7,103.15,1
CITY_096,basic,app,2023-05-14,24929.0,3,73.93,1
CITY_004,plus,web,2023-12-22,7282.0,7,15.22,1
CITY_131,plus,web,2023-02-22,25242.0,6,27.39,1
CITY_022,basic,web,2024-11-30,27514.0,6,11.35,0
CITY_070,basic,app,2023-07-24,18681.0,7,31.84,1
CITY_101,basic,app,2023-12-05,,4,26.85,1
CITY_088,basic,web,2023-09-20,32066.0,6,10.3,1
CITY_161,basic,app,2024-04-03,19546.0,7,22.83,0
CITY_086,plus,app,2023-02-04,75768.0,11,13.98,0
CITY_132,basic,web,2024-01-17,19102.0,5,75.09,1
CITY_137,basic,web,2024-07-29,10692.0,3,29.89,1
CITY_135,basic,app,2023-02-15,49047.0,3,10.78,1
CITY_062,basic,app,2024-09-15,47166.0,8,4.33,0
CITY_034,plus,app,2023-04-17,18998.0,2,7.95,0
CITY_126,basic,web,2024-10-11,16905.0,2,56.34,1
CITY_115,basic,app,2023-10-22,18366.0,3,19.83,1
CITY_008,plus,web,2023-06-18,18357.0,8,53.4,0
CITY_138,basic,web,2023-07-10,43630.0,10,22.68,1
CITY_003,plus,web,2023-02-27,28324.0,7,79.55,1
CITY_097,basic,web,2023-11-21,18012.0,7,12.52,1
CITY_123,basic,web,2023-04-11,40094.0,4,88.03,1
CITY_123,basic,web,2024-07-17,43068.0,5,9.75,0
CITY_171,basic,app,2023-09-09,29061.0,4,21.61,1
CITY_092,pro,app,2023-05-13,53419.0,7,14.98,0
CITY_092,pro,phone,2023-09-06,36435.0,4,20.89,0
CITY_128,pro,web,2024-04-19,63163.0,2,24.74,0
CITY_011,plus,app,2023-06-20,32053.0,8,24.85,0
CITY_027,pro,web,2024-04-19,46834.0,5,10.85,0
CITY_061,plus,web,2023-11-02,29518.0,8,41.41,0
CITY_011,basic,app,2023-05-20,30563.0,3,30.63,1
CITY_121,pro,app,2024-04-08,24244.0,8,20.25,0
CITY_159,plus,app,2024-09-24,21549.0,4,40.17,1
CITY_036,basic,phone,2023-06-10,14113.0,7,26.56,1
CITY_170,plus,app,2024-12-08,9703.0,4,20.63,1
CITY_022,plus,web,2024-01-05,9498.0,6,12.28,0
CITY_007,basic,app,2024-02-13,19336.0,6,34.78,1
CITY_061,basic,web,2024-07-20,19100.0,7,27.15,1
CITY_022,plus,app,2024-08-30,20435.0,4,4.2,0
CITY_157,basic,web,2023-10-10,66992.0,5,46.97,0
CITY_141,pro,app,2024-12-22,9627.0,3,88.63,1
CITY_176,plus,web,2024-08-27,14266.0,11,16.92,0
CITY_139,plus,web,2024-01-15,22399.0,9,45.98,1
CITY_122,pro,app,2023-12-27,10776.0,5,37.57,1
CITY_062,pro,app,2024-03-16,63923.0,2,45.09,0
CITY_108,basic,web,2024-01-14,,5,18.75,1
CITY_133,plus,web,2023-12-12,54179.0,10,13.91,0
CITY_161,plus,app,2023-11-02,29194.0,8,16.98,0
CITY_012,pro,web,2023-09-15,39010.0,3,136.09,0
CITY_051,plus,app,2023-02-04,22936.0,4,15.92,1
CITY_015,plus,app,2024-01-04,18980.0,7,31.38,1
CITY_035,basic,app,2023-07-28,54511.0,8,16.3,1
CITY_122,basic,app,2024-09-23,,4,11.32,1
CITY_097,plus,web,2024-12-06,29923.0,2,20.25,1
CITY_157,basic,app,2024-07-17,36288.0,4,13.66,0
CITY_077,basic,app,2023-02-13,24500.0,11,19.36,1
CITY_097,pro,web,2024-06-18,90071.0,9,22.91,0
CITY_157,pro,web,2024-12-07,46528.0,5,15.97,0
CITY_018,basic,app,2023-01-23,27714.0,7,9.09,0
CITY_124,basic,app,2024-08-28,14013.0,5,30.8,0
CITY_050,plus,app,2024-07-20,,6,7.05,1
CITY_066,basic,web,2023-04-24,20212.0,5,19.01,0
CITY_067,plus,web,2024-03-20,34956.0,5,12.74,0
CITY_088,pro,web,2023-02-04,51925.0,5,19.1,0
CITY_172,basic,web,2024-04-19,,9,62.88,1
CITY_164,basic,app,2023-04-01,30228.0,3,25.63,0
CITY_159,basic,phone,2024-11-12,65507.0,0,12.36,0
CITY_025,plus,app,2023-04-07,21594.0,7,39.75,1
CITY_145,plus,app,2024-07-28,11890.0,5,50.6,0
CITY_114,basic,web,2023-09-19,16709.0,9,16.0,0
CITY_051,basic,web,2023-10-03,47348.0,7,22.91,0
CITY_141,basic,app,2023-02-19,31081.0,10,22.26,0
CITY_066,basic,web,2023-12-07,22342.0,9,28.43,1
CITY_075,plus,web,2024-09-08,20377.0,7,3.35,1
CITY_087,plus,app,2023-08-08,99440.0,5,20.78,0
CITY_048,basic,web,2024-04-22,21896.0,10,26.28,0
CITY_058,basic,app,2023-12-08,41736.0,5,24.57,0
CITY_031,plus,app,2023-10-27,19612.0,5,16.56,0
CITY_173,plus,app,2023-08-03,20917.0,10,65.94,1
CITY_132,basic,phone,2024-09-10,20587.0,6,20.82,1
CITY_069,pro,web,2023-10-30,68878.0,6,11.64,0
CITY_148,basic,app,2023-04-01,8656.0,6,31.53,0
CITY_124,basic,app,2023-02-23,18885.0,4,27.07,0
CITY_168,plus,web,2023-11-13,35589.0,9,13.99,0
CITY_132,plus,app,2024-08-10,,3,33.45,0
CITY_107,pro,web,2024-06-26,,9,24.15,0
CITY_178,plus,web,2023-02-10,28555.0,5,25.57,1
CITY_167,basic,web,2023-04-12,5578.0,9,23.46,1
CITY_132,basic,web,2023-03-16,,6,177.46,1
CITY_019,basic,app,2024-03-31,31944.0,9,18.54,1
CITY_064,basic,web,2023-02-06,30787.0,9,41.6,0
CITY_042,plus,web,2024-02-09,25274.0,11,52.28,1
CITY_040,basic,web,2024-06-05,28913.0,4,30.73,0
CITY_082,basic,web,2023-11-06,33911.0,4,43.41,1
CITY_123,pro,phone,2024-05-25,19259.0,8,22.39,0
CITY_054,basic,phone,2023-12-21,,6,15.59,0
CITY_107,basic,web,2024-12-05,,3,13.13,0
CITY_125,plus,web,2023-06-16,47559.0,4,18.22,1
CITY_103,basic,app,2023-08-29,28267.0,6,13.13,1
CITY_147,basic,web,2024-02-16,30947.0,7,66.56,1
CITY_152,basic,web,2023-12-08,18875.0,6,64.22,1
CITY_168,plus,web,2023-07-25,26990.0,7,19.37,0
CITY_069,basic,web,2024-12-27,18754.0,3,122.88,0
CITY_156,basic,web,2024-08-28,31403.0,6,72.52,1
CITY_113,plus,web,2024-03-08,39614.0,12,20.36,0
CITY_067,plus,web,2024-12-02,14889.0,4,65.08,1
CITY_007,basic,app,2024-01-02,32839.0,9,27.07,0
CITY_063,basic,phone,2024-07-15,61068.0,3,17.57,0
CITY_012,basic,web,2024-12-07,17781.0,7,13.18,0
CITY_157,basic,phone,2024-02-08,7660.0,2,24.19,1
CITY_013,plus,web,2024-06-28,9901.0,5,23.52,1
CITY_039,basic,web,2023-07-23,35718.0,4,54.08,1
CITY_009,basic,web,2024-07-16,,3,21.21,1
CITY_005,basic,app,2023-02-01,21461.0,2,5.04,1
CITY_127,basic,app,2023-09-21,22079.0,9,20.76,0
CITY_092,basic,phone,2024-06-16,26578.0,10,13.56,0
CITY_143,plus,web,2023-06-03,9564.0,7,44.48,1
CITY_036,basic,app,2023-07-12,39585.0,8,9.18,0
CITY_162,plus,app,2023-08-25,47373.0,7,16.87,0
CITY_080,basic,web,2023-01-05,64358.0,9,26.74,1
CITY_162,basic,app,2023-02-07,25902.0,4,44.17,1
CITY_067,plus,web,2023-11-25,8752.0,6,56.38,0
CITY_145,basic,web,2023-11-07,13855.0,5,40.27,1
CITY_067,plus,app,2023-01-21,36275.0,5,83.48,0
CITY_142,basic,web,2024-11-30,19928.0,7,6.26,1
CITY_031,basic,web,2024-02-13,29896.0,4,31.7,1
CITY_133,basic,web,2024-03-10,42813.0,2,19.66,0
CITY_054,plus,app,2024-10-15,27888.0,7,32.2,1
CITY_160,basic,app,2023-06-15,44192.0,6,44.46,0
CITY_043,basic,phone,2024-10-02,17499.0,4,9.1,0
CITY_025,plus,web,2023-08-26,,4,19.1,1
CITY_157,pro,app,2024-03-01,46176.0,5,25.46,0
CITY_141,basic,web,2023-08-07,28629.0,4,4.96,0
CITY_071,basic,web,2023-01-03,74471.0,12,27.75,0
CITY_081,basic,app,2023-02-13,18246.0,5,105.46,1
CITY_060,plus,phone,2024-05-10,43794.0,6,13.22,1
CITY_051,basic,app,2023-08-07,9577.0,4,126.04,1
CITY_073,basic,app,2024-02-20,27458.0,5,18.35,0
CITY_107,basic,app,2024-03-05,23239.0,1,14.96,0
CITY_161,basic,app,2024-01-31,,5,34.95,1
CITY_058,pro,app,2023-03-09,29349.0,11,21.59,0
CITY_046,plus,web,2023-05-07,8746.0,4,30.26,1
CITY_121,plus,app,2024-12-19,39419.0,3,9.74,1
CITY_062,basic,phone,2023-03-15,18474.0,7,29.11,1
CITY_118,basic,web,2024-01-08,41297.0,8,42.25,1
CITY_002,plus,app,2024-11-18,50620.0,3,82.96,1
CITY_056,plus,web,2023-03-24,21101.0,11,64.58,1
CITY_150,pro,app,2024-06-20,24850.0,6,23.54,0
CITY_136,basic,web,2024-02-16,,6,20.77,0
CITY_152,basic,app,2024-05-13,21942.0,9,15.39,1
CITY_014,basic,web,2023-02-17,21271.0,2,19.18,1
CITY_037,basic,app,2023-07-17,,7,19.64,0
CITY_135,plus,web,2023-04-10,48925.0,5,7.62,1
CITY_013,plus,web,2023-04-06,58252.0,10,18.42,0
CITY_061,basic,web,2023-08-01,27004.0,6,47.67,1
CITY_009,pro,phone,2023-07-10,25398.0,7,43.58,1
CITY_061,basic,app,2023-03-08,12791.0,10,18.03,1
CITY_122,basic,app,2023-02-14,40073.0,8,41.12,0
CITY_147,basic,app,2023-04-18,55533.0,7,22.23,0
CITY_078,basic,app,2023-09-24,74970.0,11,13.07,1
CITY_047,basic,phone,2024-03-25,20815.0,7,33.76,1
CITY_008,plus,app,2024-08-12,21133.0,7,8.32,0
CITY_133,plus,web,2024-02-27,22249.0,5,11.32,1
CITY_128,plus,phone,2024-06-29,61921.0,9,10.59,0
CITY_118,pro,app,2023-05-19,24247.0,5,15.49,0
CITY_059,basic,web,2024-09-18,,7,32.66,0
CITY_007,pro,web,2023-03-22,58927.0,12,28.41,0
CITY_166,basic,web,2023-12-11,45950.0,12,4.26,0
CITY_074,basic,app,2023-05-06,25561.0,7,17.64,1
CITY_156,plus,web,2023-09-23,24009.0,4,14.99,0
CITY_096,basic,web,2023-07-21,27527.0,7,80.21,0
CITY_017,basic,web,2024-08-22,,6,10.42,0
CITY_071,basic,web,2024-04-17,16981.0,8,9.54,0
CITY_007,plus,phone,2024-02-18,29088.0,8,55.67,1
CITY_026,pro,app,2023-06-27,46554.0,10,27.53,0
CITY_126,pro,app,2023-01-08,36290.0,5,3.07,1
CITY_149,basic,app,2024-03-31,31024.0,10,35.88,0
CITY_092,plus,web,2024-03-31,20505.0,6,14.73,0
CITY_164,basic,app,2024-02-13,,3,46.11,0
CITY_068,basic,phone,2023-07-21,38408.0,7,14.67,1
CITY_041,basic,web,2024-03-09,17343.0,8,29.86,1
CITY_176,plus,app,2024-10-26,36069.0,8,25.31,0
CITY_084,plus,app,2023-03-22,9325.0,5,10.92,0
CITY_105,basic,web,2024-09-23,33451.0,5,10.22,0
CITY_091,plus,web,2024-11-28,11450.0,6,27.51,0
CITY_072,pro,web,2023-03-09,36245.0,4,32.78,1
CITY_016,basic,web,2023-08-13,27304.0,5,26.82,1
CITY_142,basic,web,2024-02-09,14394.0,9,24.36,0
CITY_154,basic,app,2024-06-14,69072.0,6,3.95,1
CITY_057,basic,web,2023-12-17,25612.0,7,37.2,1
CITY_110,pro,app,2024-06-18,16937.0,5,15.17,0
CITY_145,pro,app,2023-07-11,13638.0,4,34.81,0
CITY_090,basic,app,2023-05-31,52891.0,4,30.7,0
CITY_106,basic,phone,2023-08-25,13129.0,2,50.81,0
CITY_023,basic,web,2024-07-29,,7,15.14,0
CITY_100,pro,app,2023-05-21,,2,13.19,0
CITY_079,basic,web,2023-12-10,32879.0,7,35.73,0
CITY_137,basic,app,2023-03-31,29712.0,7,46.74,0
CITY_117,plus,web,2023-11-18,14305.0,5,16.4,1
CITY_155,plus,app,2023-05-27,24586.0,10,28.26,1
CITY_044,basic,web,2024-11-09,27328.0,7,24.26,1
CITY_045,basic,web,2024-01-18,46532.0,9,61.08,1
CITY_076,basic,phone,2023-07-29,29701.0,5,10.54,0
CITY_012,basic,app,2023-03-09,49110.0,6,9.22,0
CITY_116,plus,web,2024-04-09,,3,31.41,1
CITY_085,pro,web,2024-04-25,10981.0,7,8.36,0
CITY_027,basic,web,2024-05-31,34290.0,8,15.17,1
CITY_004,plus,web,2024-05-24,42901.0,5,6.36,0
CITY_005,basic,app,2023-05-22,38324.0,7,3.66,0
CITY_104,basic,web,2024-04-26,33418.0,6,23.41,0
CITY_028,basic,app,2024-06-12,6186.0,2,7.95,1
CITY_041,plus,web,2023-11-28,22913.0,5,23.17,0
CITY_115,basic,web,2024-10-13,16409.0,5,18.59,1
CITY_135,pro,web,2024-08-15,22924.0,5,36.73,1
CITY_084,basic,app,2024-11-24,9010.0,6,12.65,1
CITY_173,pro,app,2024-10-11,22453.0,4,13.31,0
CITY_125,plus,app,2024-10-13,37773.0,6,55.55,1
CITY_056,basic,phone,2023-11-05,41077.0,6,12.16,0
CITY_155,plus,web,2024-12-09,33836.0,8,44.09,0
CITY_020,basic,web,2024-05-11,118102.0,4,19.61,0
CITY_040,plus,phone,2024-05-02,59900.0,11,37.02,0
CITY_027,plus,web,2024-04-11,39004.0,8,26.94,0
CITY_021,basic,web,2023-08-23,36528.0,4,19.77,1
CITY_133,basic,app,2023-03-07,,7,21.51,1
CITY_170,basic,app,2023-03-07,27482.0,6,11.91,1
CITY_132,basic,app,2024-10-28,58468.0,4,15.47,1
CITY_107,basic,phone,2023-01-04,24618.0,5,21.88,0
CITY_141,basic,web,2023-10-17,45968.0,11,8.05,0
CITY_055,pro,phone,2023-04-02,,4,20.69,1
CITY_112,plus,app,2024-04-01,26076.0,2,37.96,0
CITY_020,basic,web,2023-10-07,35026.0,5,40.39,1
CITY_013,pro,app,2023-05-16,16986.0,9,9.81,0
CITY_153,basic,phone,2024-04-12,24550.0,8,102.96,0
CITY_009,basic,web,2024-01-15,49887.0,7,14.22,1
CITY_015,basic,app,2024-01-14,27967.0,7,2.62,1
CITY_040,plus,app,2023-03-30,23510.0,11,27.76,1
CITY_093,plus,app,2023-05-19,,6,40.73,1
CITY_135,basic,app,2024-06-02,20412.0,8,33.93,1
CITY_098,basic,app,2023-05-22,24711.0,8,8.44,0
CITY_178,pro,web,2023-06-05,28141.0,4,16.94,0
CITY_000,basic,app,2024-07-20,41080.0,6,10.04,1
CITY_170,pro,app,2024-01-25,72739.0,3,67.37,0
CITY_055,plus,web,2023-09-17,59728.0,3,78.54,1
CITY_025,pro,app,2023-12-25,,9,9.97,0
CITY_126,plus,phone,2024-09-03,13210.0,3,27.28,1
CITY_176,basic,app,2024-03-24,9016.0,5,26.65,1
CITY_076,basic,web,2023-10-31,27026.0,9,14.5,0
CITY_001,pro,app,2024-05-02,23854.0,10,16.78,0
CITY_119,basic,phone,2024-07-21,52266.0,7,7.49,0
CITY_114,pro,app,2024-06-11,45441.0,6,14.09,0
CITY_069,basic,phone,2023-11-04,16654.0,7,7.97,0
CITY_079,plus,app,2024-05-08,40095.0,5,6.11,1
CITY_123,plus,phone,2024-08-22,23505.0,4,39.5,1
CITY_114,basic,app,2023-11-10,11239.0,3,53.47,0
CITY_120,basic,app,2023-06-26,30520.0,3,101.42,1
CITY_095,basic,phone,2023-02-09,30480.0,9,16.55,1
CITY_124,basic,web,2024-11-08,42145.0,7,35.78,0
CITY_027,plus,phone,2023-01-25,43324.0,11,40.72,1
CITY_111,plus,web,2023-02-19,23155.0,4,34.01,0
CITY_039,basic,app,2024-11-28,41664.0,4,45.03,1
CITY_135,basic,web,2023-04-11,25820.0,9,15.05,0
CITY_049,basic,web,2024-08-11,20677.0,8,18.78,1
CITY_042,basic,web,2024-12-05,9970.0,11,14.96,0
CITY_024,basic,app,2024-09-25,19617.0,7,11.26,1
CITY_156,basic,web,2023-11-17,62734.0,7,99.72,1
CITY_071,plus,web,2024-12-10,31940.0,5,15.48,0
CITY_088,basic,app,2023-09-04,45845.0,6,12.24,0
CITY_085,plus,app,2024-10-17,61906.0,8,33.63,1
CITY_071,basic,app,2024-01-30,30523.0,6,35.74,0
CITY_161,basic,web,2023-05-30,54068.0,4,15.73,1
CITY_007,pro,phone,2023-01-01,,4,46.81,1
CITY_095,pro,phone,2024-03-02,70623.0,6,16.06,0
CITY_172,basic,web,2024-02-12,35497.0,10,17.01,0
CITY_108,pro,web,2023-07-02,15030.0,11,14.17,0
CITY_092,basic,app,2023-09-22,21711.0,7,16.54,0
CITY_026,basic,app,2024-06-17,11333.0,5,9.88,1
CITY_149,plus,web,2023-03-11,34019.0,3,16.53,1
CITY_005,pro,app,2023-04-03,97670.0,5,55.11,0
CITY_129,pro,app,2023-05-04,32397.0,9,8.58,0
CITY_066,plus,app,2023-09-21,29062.0,8,21.16,0
CITY_052,plus,app,2024-02-19,17870.0,2,66.83,1
CITY_174,basic,app,2024-04-11,20572.0,2,3.81,1
CITY_050,plus,web,2023-03-22,38031.0,0,6.62,1
CITY_094,plus,web,2023-04-06,28606.0,3,12.77,0
CITY_041,basic,web,2023-12-30,23134.0,7,20.03,0
CITY_045,basic,app,2024-02-03,,7,20.33,1
CITY_104,plus,app,2024-02-08,20707.0,5,73.11,0
CITY_103,plus,web,2024-07-01,25836.0,4,15.01,0
CITY_038,basic,web,2023-06-14,16174.0,8,30.39,1
CITY_174,plus,app,2023-03-16,,7,14.1,1
CITY_021,basic,web,2024-04-13,34639.0,5,43.74,0
CITY_176,basic,web,2024-09-03,24478.0,6,38.36,0
CITY_082,plus,phone,2023-02-13,27843.0,8,31.46,0
CITY_031,basic,web,2024-11-05,45969.0,9,22.07,0
CITY_107,plus,app,2023-10-21,71961.0,2,24.18,0
CITY_045,plus,web,2024-10-24,56252.0,4,38.55,0
CITY_035,basic,app,2024-05-01,46571.0,2,87.78,0
CITY_158,basic,phone,2023-01-25,28893.0,10,11.16,0
CITY_154,basic,web,2023-03-06,21201.0,6,24.36,0
CITY_091,basic,phone,2023-04-03,18715.0,3,24.36,1
CITY_172,plus,web,2023-10-01,36441.0,4,8.78,0
CITY_034,plus,app,2023-02-17,24616.0,4,12.67,0
CITY_144,basic,web,2024-05-01,32998.0,5,19.23,1
CITY_068,plus,web,2024-07-25,12288.0,8,35.97,1
CITY_160,pro,web,2023-07-08,8643.0,4,17.47,1
CITY_031,plus,web,2023-08-03,26612.0,9,5.7,1
CITY_029,pro,web,2023-07-03,27136.0,7,10.68,0
CITY_105,pro,web,2023-02-21,18316.0,9,10.06,1
CITY_122,plus,app,2023-08-12,,6,49.24,0
CITY_065,pro,app,2024-11-02,33287.0,11,31.55,0
CITY_062,basic,web,2024-12-29,52828.0,9,57.27,0
CITY_146,basic,web,2023-05-18,15483.0,6,38.37,0
CITY_037,basic,app,2023-10-16,41267.0,5,50.89,1
CITY_156,basic,web,2024-02-28,13596.0,10,22.11,1
CITY_111,basic,app,2023-04-10,72909.0,9,45.81,1
CITY_035,basic,phone,2024-06-25,12454.0,3,12.77,1
CITY_079,pro,web,2024-12-12,59809.0,5,12.92,0
CITY_018,basic,app,2024-03-21,23214.0,10,38.44,1
CITY_097,basic,phone,2024-10-23,42241.0,3,19.57,0
CITY_125,basic,app,2023-12-04,10954.0,7,16.08,1
CITY_058,plus,app,2023-03-16,18224.0,7,12.55,0
CITY_022,pro,app,2023-04-16,23357.0,9,28.58,0
CITY_097,basic,app,2024-02-26,12374.0,8,68.23,0
CITY_118,plus,app,2023-10-12,,3,11.78,0
CITY_136,plus,app,2023-06-29,25464.0,7,13.99,0
CITY_021,basic,web,2023-06-23,20898.0,9,12.19,1
CITY_057,pro,web,2024-05-20,8646.0,4,43.3,0
CITY_177,plus,app,2023-10-04,13855.0,11,23.77,0
CITY_072,pro,web,2024-05-09,46205.0,8,18.77,1
CITY_046,plus,web,2024-06-19,10710.0,5,14.3,1
CITY_043,basic,web,2023-05-12,14570.0,9,8.48,0
CITY_008,basic,web,2023-05-23,28123.0,8,25.79,1
CITY_124,pro,web,2024-06-13,23179.0,10,64.76,0
CITY_110,pro,web,2023-08-08,27436.0,4,31.76,0
CITY_161,basic,app,2024-08-16,23233.0,9,37.72,0
CITY_135,plus,phone,2023-05-18,20656.0,5,12.38,1
CITY_124,plus,web,2024-07-16,24663.0,3,23.82,1
CITY_030,plus,web,2024-01-04,23519.0,6,30.46,1
CITY_095,basic,web,2023-09-28,25930.0,8,11.46,0
CITY_103,basic,app,2024-07-21,43874.0,1,12.24,0
CITY_159,plus,web,2024-06-02,20096.0,5,15.34,0
CITY_017,plus,app,2024-07-14,30518.0,6,13.02,0
CITY_083,basic,app,2023-10-04,40590.0,4,4.03,1
CITY_031,pro,app,2023-04-05,19103.0,10,16.16,0
CITY_101,pro,web,2023-06-10,42654.0,15,19.72,0
CITY_126,basic,app,2024-03-03,33413.0,11,23.93,0
CITY_008,basic,web,2023-06-30,53922.0,4,34.78,1
CITY_114,basic,web,2023-05-26,25557.0,9,13.7,0
CITY_118,basic,web,2024-04-19,33348.0,4,29.65,0
CITY_108,pro,app,2023-03-18,47367.0,4,21.0,0
CITY_067,basic,app,2023-06-11,25838.0,8,46.71,0
CITY_039,plus,phone,2023-02-27,36330.0,6,51.35,0
CITY_004,basic,app,2024-06-27,17243.0,4,86.65,1
CITY_009,pro,app,2024-07-28,38547.0,6,26.91,1
CITY_016,basic,web,2023-12-31,20577.0,6,19.7,0
CITY_089,basic,web,2024-05-23,26222.0,6,12.42,0
CITY_080,basic,web,2023-04-20,22719.0,7,37.96,1
CITY_083,pro,app,2024-01-03,,7,16.51,0
CITY_033,pro,app,2023-04-21,49858.0,8,31.01,0
CITY_068,basic,web,2023-11-25,33448.0,5,16.81,1
CITY_032,basic,phone,2023-02-27,33041.0,10,22.9,0
CITY_095,basic,phone,2024-05-30,31523.0,9,15.09,0
CITY_004,basic,web,2023-01-03,32557.0,6,35.7,0
CITY_050,plus,app,2024-08-13,21663.0,1,10.0,0
CITY_152,pro,phone,2024-04-27,,11,34.12,0
CITY_175,plus,phone,2023-04-21,38741.0,5,8.73,0
CITY_070,basic,app,2024-12-17,20558.0,4,54.91,1
CITY_105,plus,app,2023-07-17,,6,15.76,1
CITY_136,basic,app,2024-10-26,19761.0,3,26.16,1
CITY_174,pro,phone,2024-05-14,,14,39.54,0
CITY_158,plus,phone,2023-10-09,36257.0,5,4.58,0
CITY_048,basic,web,2024-11-03,,8,16.06,1
CITY_005,basic,web,2024-12-28,19048.0,2,25.72,0
CITY_075,plus,web,2023-05-26,22006.0,5,11.58,1
CITY_042,plus,web,2023-11-29,39876.0,7,103.23,1
CITY_109,basic,web,2024-12-23,26176.0,3,33.45,0
CITY_006,plus,app,2023-09-19,39689.0,4,42.98,1
CITY_093,plus,web,2024-02-13,21958.0,6,27.5,0
CITY_025,pro,web,2024-01-11,10135.0,5,10.51,1
CITY_076,plus,web,2024-02-15,38612.0,3,24.18,1
CITY_165,basic,app,2024-07-18,57637.0,8,8.31,0
CITY_157,basic,app,2023-07-13,44640.0,10,29.07,1
CITY_019,basic,app,2023-06-05,42009.0,6,35.98,0
CITY_154,plus,web,2024-12-23,56294.0,9,39.31,0
CITY_077,plus,app,2023-04-21,73261.0,5,44.4,0
CITY_042,basic,web,2024-01-04,24779.0,7,39.27,1
CITY_094,basic,app,2024-09-23,18876.0,8,13.44,0
CITY_003,pro,web,2023-11-16,,8,14.7,0
CITY_022,basic,web,2023-11-15,35544.0,3,25.76,0
CITY_070,basic,phone,2024-05-06,,6,22.27,1
CITY_035,basic,phone,2024-07-01,31290.0,5,26.81,1
CITY_122,plus,app,2023-12-01,20512.0,6,16.53,0
CITY_035,basic,app,2024-05-23,8429.0,11,20.09,1
CITY_077,basic,web,2023-08-30,41051.0,4,42.5,0
CITY_100,basic,phone,2024-04-20,18495.0,8,18.78,0
CITY_059,pro,web,2023-11-30,19070.0,1,12.36,0
CITY_104,basic,web,2024-05-05,23573.0,8,13.05,1
CITY_124,basic,app,2023-03-06,50154.0,5,58.73,1
CITY_004,basic,web,2024-10-08,27292.0,10,28.03,0
CITY_022,basic,app,2023-12-08,27919.0,1,6.56,1
CITY_161,basic,web,2023-02-14,32987.0,3,15.31,1
CITY_139,plus,phone,2023-03-19,32509.0,5,29.22,1
CITY_153,pro,web,2024-12-09,21135.0,6,14.39,0
CITY_145,basic,web,2024-12-12,15244.0,11,117.38,1
CITY_061,pro,phone,2023-04-11,141323.0,7,43.14,0
CITY_174,plus,web,2024-01-10,89638.0,10,18.84,0
CITY_118,basic,web,2024-05-04,,6,12.03,0
CITY_118,basic,web,2023-09-04,46534.0,9,42.38,1
CITY_129,basic,app,2024-01-09,12923.0,2,17.35,0
CITY_021,plus,web,2024-07-09,79759.0,4,4.96,1
CITY_125,basic,app,2024-05-01,27905.0,6,21.04,0
CITY_006,basic,web,2024-11-04,9569.0,6,49.8,1
CITY_087,basic,web,2024-12-04,62425.0,5,30.85,1
CITY_068,basic,app,2023-06-09,21762.0,6,25.53,0
CITY_034,pro,web,2023-06-05,58894.0,5,39.22,0
CITY_145,basic,app,2024-05-20,27314.0,4,11.74,0
CITY_082,plus,web,2024-06-07,31473.0,11,16.88,0
CITY_002,plus,app,2023-09-21,40136.0,4,8.6,1
CITY_139,basic,app,2023-09-28,27221.0,9,11.14,1
CITY_113,plus,web,2023-08-26,18611.0,5,66.08,0
CITY_052,basic,web,2024-05-28,23548.0,12,34.61,1
CITY_074,basic,phone,2023-11-03,24155.0,9,31.54,1
CITY_043,pro,web,2023-01-31,7162.0,7,20.21,1
CITY_058,plus,app,2023-01-28,,5,34.76,0
CITY_087,basic,app,2023-08-29,,8,7.45,0
CITY_137,pro,web,2024-08-23,50113.0,7,85.14,1
CITY_025,basic,app,2023-07-05,20714.0,2,19.72,0
CITY_002,plus,phone,2024-10-05,24302.0,9,6.83,0
CITY_131,plus,web,2023-11-03,31744.0,2,24.71,0
CITY_150,basic,web,2024-06-25,,5,31.61,0
CITY_062,plus,web,2023-12-02,41667.0,7,41.21,1
CITY_158,basic,app,2024-11-18,31629.0,4,34.38,0
CITY_046,basic,web,2023-05-09,25420.0,5,86.14,1
CITY_169,basic,app,2023-01-25,,5,18.11,0
CITY_123,basic,app,2024-03-14,20652.0,9,10.38,0
CITY_090,basic,phone,2023-06-13,10799.0,5,20.37,1
CITY_173,basic,web,2024-11-11,19688.0,3,10.67,0
CITY_173,basic,web,2023-05-16,24742.0,2,14.55,1
CITY_150,plus,web,2023-04-22,30927.0,7,22.96,1
CITY_158,basic,web,2024-08-25,31952.0,5,51.25,1
CITY_019,basic,app,2024-05-05,39733.0,3,26.17,0
CITY_155,basic,app,2023-12-11,61615.0,4,4.6,0
CITY_128,plus,phone,2023-04-11,38141.0,9,23.49,0
CITY_095,basic,app,2023-04-03,29156.0,4,40.08,1
CITY_177,plus,phone,2023-01-19,32155.0,2,10.62,0
CITY_136,basic,web,2023-07-25,111529.0,7,7.89,0
CITY_072,basic,web,2024-11-30,32563.0,6,15.58,0
CITY_017,pro,web,2023-12-01,11539.0,5,54.28,0
CITY_172,plus,web,2024-06-16,29611.0,3,39.38,1
CITY_149,basic,web,2023-12-07,,6,47.09,0
CITY_066,plus,web,2023-09-09,66068.0,3,22.03,0
CITY_136,pro,app,2023-12-01,56038.0,2,20.06,1
CITY_043,basic,web,2023-03-09,64684.0,6,17.11,0
CITY_166,plus,web,2024-10-22,43151.0,3,18.41,0
CITY_078,basic,web,2023-03-23,20001.0,5,42.01,1
CITY_158,basic,phone,2023-03-13,34559.0,3,8.85,1
CITY_074,basic,phone,2024-05-30,28625.0,7,10.52,0
CITY_177,basic,web,2024-08-08,25738.0,4,13.06,0
CITY_036,basic,web,2024-11-18,12102.0,3,14.68,0
CITY_012,pro,web,2023-10-18,25912.0,4,17.65,0
CITY_138,basic,web,2024-04-29,34258.0,5,29.83,0
CITY_147,plus,app,2023-02-13,135369.0,8,21.71,1
CITY_102,basic,phone,2024-08-12,31155.0,8,4.8,0
CITY_142,basic,app,2023-02-12,30643.0,9,39.94,1
CITY_084,plus,app,2023-05-18,38467.0,3,16.25,0
CITY_105,plus,phone,2024-01-04,63334.0,3,41.65,0
CITY_089,basic,app,2024-09-02,13300.0,5,32.82,1
CITY_083,basic,web,2023-08-21,11184.0,2,14.92,0
CITY_131,basic,web,2024-10-03,62001.0,4,13.21,0
CITY_035,basic,web,2023-06-12,27239.0,4,17.14,0
CITY_111,pro,web,2024-05-11,21602.0,8,11.82,1
CITY_023,pro,web,2023-02-03,,6,59.82,1
CITY_079,pro,web,2023-03-13,18988.0,6,7.53,0
CITY_174,basic,app,2024-05-13,24150.0,8,8.37,0
CITY_046,pro,web,2023-09-26,37762.0,2,55.97,0
CITY_130,plus,app,2023-09-28,17679.0,10,19.08,0
CITY_095,basic,web,2024-06-03,35979.0,3,17.11,0
CITY_130,plus,app,2024-08-24,40934.0,2,16.92,0
CITY_161,basic,web,2024-04-20,98488.0,7,6.62,1
CITY_094,basic,app,2023-04-03,9096.0,6,43.02,1
CITY_071,plus,web,2023-08-25,45134.0,3,31.59,0
CITY_146,plus,web,2023-11-30,38152.0,7,22.07,0
CITY_128,plus,app,2024-05-24,42511.0,7,70.89,0
CITY_039,pro,web,2023-05-20,13419.0,9,17.72,0
CITY_140,plus,web,2024-09-04,35512.0,6,20.34,0
CITY_120,basic,app,2023-07-16,28136.0,4,19.83,1
CITY_047,plus,app,2024-07-11,15920.0,7,7.99,0
CITY_016,basic,app,2023-12-13,,9,7.52,0
CITY_032,basic,app,2024-08-02,49231.0,6,10.21,1
CITY_006,plus,phone,2023-03-24,88683.0,6,64.66,1
CITY_044,basic,web,2024-01-26,61142.0,7,20.98,1
CITY_135,pro,web,2023-11-04,41398.0,5,15.5,0
CITY_161,plus,web,2024-02-22,13055.0,4,17.29,0
CITY_098,basic,web,2023-06-06,9933.0,7,40.96,1
CITY_132,pro,phone,2024-07-29,37968.0,8,37.07,0
CITY_159,basic,app,2023-05-05,20371.0,1,8.21,0
CITY_035,plus,web,2024-02-13,17925.0,3,58.82,0
CITY_035,basic,app,2024-08-20,29209.0,6,15.63,1
CITY_050,basic,app,2023-07-21,9469.0,8,51.81,1
CITY_021,basic,web,2024-04-28,31084.0,0,69.28,0
CITY_127,basic,web,2023-10-05,17053.0,3,17.73,0
CITY_011,basic,web,2023-10-02,79919.0,5,26.79,0
CITY_117,basic,web,2024-02-15,28122.0,5,40.86,1
CITY_106,pro,web,2023-05-04,9194.0,5,29.89,0
CITY_162,basic,app,2023-06-13,6638.0,7,16.58,1
CITY_166,basic,app,2024-08-29,,5,8.82,0
CITY_119,basic,web,2024-02-07,4585.0,10,17.48,1
CITY_171,plus,app,2024-04-18,58831.0,6,23.02,0
CITY_044,basic,app,2024-04-11,8003.0,5,24.3,1
CITY_125,plus,app,2024-05-09,50186.0,4,20.06,0
CITY_081,basic,app,2024-12-27,,7,47.83,1
CITY_042,plus,app,2023-07-22,20935.0,8,44.64,0
CITY_024,basic,web,2024-05-21,50584.0,5,28.28,1
CITY_147,basic,web,2023-10-23,5832.0,7,10.0,0
CITY_124,basic,phone,2023-07-20,87816.0,5,39.88,0
CITY_015,basic,app,2023-11-17,29076.0,8,8.34,0
CITY_011,plus,app,2023-05-01,15223.0,3,68.79,1
CITY_030,plus,app,2024-02-08,78441.0,12,17.99,0
CITY_097,basic,app,2024-12-13,72013.0,6,47.83,0
CITY_076,basic,app,2023-10-18,8794.0,7,65.37,1
CITY_027,plus,web,2024-06-21,5748.0,6,30.94,1
CITY_077,plus,app,2023-06-18,48369.0,11,12.54,0
CITY_058,basic,web,2023-05-30,30446.0,6,29.17,1
CITY_112,basic,web,2024-01-11,12357.0,5,28.11,1
CITY_174,basic,web,2023-04-04,20430.0,5,17.33,0
CITY_008,pro,web,2023-01-23,43763.0,1,16.14,1
CITY_090,plus,web,2024-06-21,70357.0,6,26.65,0
CITY_126,basic,web,2024-03-29,20787.0,6,7.43,0
CITY_039,plus,app,2024-10-06,31362.0,5,19.07,0
CITY_116,basic,web,2024-07-25,40465.0,8,35.38,1
CITY_045,basic,web,2024-07-23,15892.0,3,7.18,0
CITY_039,pro,app,2023-01-31,75016.0,7,31.04,0
CITY_122,basic,web,2024-02-18,50160.0,8,30.98,0
CITY_106,basic,app,2023-02-19,16351.0,6,9.76,0
CITY_021,basic,app,2024-05-10,7716.0,7,28.2,0
CITY_105,basic,app,2024-03-02,24403.0,5,19.6,1
CITY_009,pro,web,2024-05-08,59165.0,9,22.62,0
CITY_082,plus,web,2024-12-19,23705.0,8,12.1,0
CITY_113,plus,app,2023-10-15,,7,27.31,0
CITY_023,basic,app,2023-11-10,,6,64.3,1
CITY_092,plus,app,2023-08-07,32106.0,5,28.33,1
CITY_172,plus,app,2023-11-03,28191.0,10,43.7,0
CITY_081,basic,app,2024-10-02,46301.0,7,29.66,1
CITY_091,plus,phone,2023-01-06,24239.0,7,84.11,0
CITY_058,pro,app,2024-10-25,15397.0,5,17.92,0
CITY_137,pro,phone,2024-08-16,36131.0,5,52.25,1
CITY_116,basic,phone,2023-03-21,55317.0,6,17.31,0
CITY_021,basic,phone,2024-11-18,15848.0,9,14.97,0
CITY_086,plus,app,2023-05-17,41833.0,7,12.62,1
CITY_074,basic,app,2024-09-23,12860.0,6,22.67,1
CITY_034,plus,web,2023-09-24,15005.0,6,11.86,0
CITY_160,plus,app,2024-01-21,13386.0,6,15.46,0
CITY_121,plus,web,2024-06-14,23041.0,7,12.77,1
CITY_014,basic,web,2023-08-11,16584.0,2,26.95,1
CITY_039,pro,app,2024-04-26,15485.0,6,25.12,1
CITY_050,basic,app,2024-05-20,10881.0,10,32.29,1
CITY_147,plus,app,2023-06-16,38428.0,7,11.6,0
CITY_135,plus,app,2024-10-21,26180.0,5,122.22,1
CITY_156,plus,web,2023-04-23,,3,46.63,1
CITY_062,pro,app,2024-03-16,,1,41.78,1
CITY_059,basic,web,2023-03-19,30627.0,7,12.16,0
CITY_079,pro,app,2023-05-26,12457.0,4,20.5,1
CITY_152,basic,web,2023-08-09,19807.0,2,30.73,1
CITY_044,plus,app,2023-04-20,46450.0,12,27.81,0
CITY_003,plus,web,2024-09-05,37471.0,6,82.11,1
CITY_118,basic,web,2024-06-19,26458.0,10,84.64,1
CITY_033,basic,web,2024-10-16,47454.0,5,7.01,0
CITY_075,basic,web,2023-07-25,,5,15.12,0
CITY_163,basic,web,2023-03-14,47204.0,7,24.2,1
CITY_151,basic,app,2024-01-20,32336.0,3,20.75,0
CITY_093,pro,app,2023-11-21,22600.0,1,11.11,0
CITY_076,basic,phone,2024-11-12,19720.0,8,22.86,1
CITY_025,basic,web,2024-02-22,81716.0,7,18.41,0
CITY_046,plus,web,2024-08-12,19009.0,2,9.58,0
CITY_065,basic,web,2024-11-15,27390.0,9,7.33,0
CITY_017,plus,web,2024-03-22,38566.0,3,54.89,1
CITY_071,basic,app,2024-06-01,16326.0,4,11.55,1
CITY_081,basic,app,2024-04-30,42685.0,6,13.92,1
CITY_155,basic,web,2024-05-06,19458.0,8,42.53,1
CITY_016,basic,web,2023-01-31,25034.0,8,53.22,1
CITY_062,basic,app,2024-06-21,50712.0,5,37.08,0
CITY_130,plus,web,2024-07-16,33369.0,4,9.12,0
CITY_075,basic,web,2024-07-07,80263.0,1,8.49,1
CITY_069,plus,web,2024-02-13,25838.0,8,14.45,1
CITY_027,pro,app,2023-10-22,76323.0,6,17.12,0
CITY_118,basic,app,2023-07-03,17635.0,4,81.03,1
CITY_115,plus,web,2023-12-01,19262.0,8,15.41,0
CITY_154,plus,app,2023-09-26,30449.0,6,17.35,0
CITY_145,pro,web,2023-04-27,32644.0,6,22.37,0
CITY_109,plus,app,2023-04-12,33100.0,10,35.53,1
CITY_159,plus,web,2023-10-20,,2,23.53,1
CITY_142,plus,app,2024-05-08,27361.0,5,9.02,0
CITY_030,pro,web,2024-08-27,,3,21.57,1
CITY_044,basic,web,2023-03-09,14072.0,8,11.91,0
CITY_097,basic,app,2024-08-31,19687.0,6,20.23,0
CITY_117,pro,app,2024-11-11,17518.0,2,18.06,0
CITY_079,plus,app,2024-09-17,11335.0,6,83.11,1
CITY_000,pro,web,2024-05-05,18716.0,8,21.56,0
CITY_041,basic,app,2023-04-29,30884.0,7,32.48,0
CITY_129,basic,web,2024-09-20,52072.0,6,32.78,1
CITY_000,plus,app,2024-06-26,95400.0,1,22.23,0
CITY_104,basic,web,2024-04-28,11882.0,6,39.56,1
CITY_066,plus,web,2024-08-17,14486.0,6,21.95,1
CITY_126,basic,app,2023-03-26,29113.0,5,34.33,1
CITY_110,basic,app,2023-03-03,83141.0,6,31.78,1
CITY_162,plus,phone,2023-02-12,33374.0,5,61.56,1
CITY_006,plus,web,2024-12-07,39677.0,8,20.57,0
CITY_121,basic,app,2023-05-06,28349.0,10,15.86,0
CITY_143,basic,app,2024-02-10,13575.0,10,21.92,1
CITY_093,basic,web,2023-07-16,31396.0,7,63.72,1
CITY_009,plus,app,2023-01-03,52929.0,11,25.98,0
CITY_114,pro,web,2024-04-09,12958.0,4,18.11,0
CITY_085,basic,app,2024-04-14,88317.0,5,28.22,1
CITY_148,basic,web,2023-06-19,,2,19.38,0
CITY_126,basic,app,2023-02-24,15239.0,5,26.95,1
CITY_070,plus,app,2023-09-03,35767.0,5,6.89,0
CITY_104,plus,app,2023-10-01,60571.0,3,51.07,0
CITY_002,plus,web,2024-01-21,60954.0,6,11.49,0
CITY_002,plus,web,2024-01-11,27714.0,6,19.47,0
CITY_012,basic,web,2023-03-23,54425.0,4,21.55,0
CITY_042,basic,web,2023-01-18,8999.0,9,12.78,1
CITY_131,basic,web,2023-12-06,20169.0,3,16.34,1
CITY_040,basic,web,2024-11-28,11567.0,6,174.46,0
CITY_176,pro,app,2023-04-25,28444.0,1,44.38,1
CITY_024,pro,app,2023-02-18,15272.0,10,134.7,1
CITY_022,basic,phone,2023-04-25,44014.0,8,22.74,1
CITY_008,basic,app,2023-06-06,30816.0,5,24.67,1
CITY_025,basic,phone,2023-04-28,16657.0,7,15.35,1
CITY_084,basic,web,2023-04-03,43110.0,7,11.77,0
CITY_036,basic,web,2023-09-29,14042.0,7,25.98,1
CITY_146,basic,web,2024-07-01,13624.0,12,42.6,1
CITY_154,basic,web,2024-03-16,17268.0,9,7.35,0
CITY_025,plus,web,2024-10-23,35550.0,8,11.8,0
CITY_029,basic,web,2023-08-20,87822.0,4,28.25,1
CITY_150,basic,phone,2024-08-02,33576.0,6,45.21,1
CITY_077,basic,app,2023-05-02,38591.0,4,30.84,0
CITY_165,basic,web,2024-08-17,90350.0,7,28.78,0
CITY_096,basic,web,2024-09-04,22671.0,11,53.54,0
CITY_083,basic,web,2024-02-22,,6,14.96,0
CITY_102,plus,app,2023-05-03,71802.0,4,40.37,0
CITY_087,basic,web,2024-04-25,16285.0,8,21.11,1
CITY_120,pro,web,2023-10-30,35946.0,6,22.91,0
CITY_011,plus,web,2024-02-13,63850.0,3,24.4,0
CITY_146,basic,web,2024-05-15,34939.0,12,64.57,1
CITY_066,basic,web,2024-12-03,23039.0,2,48.33,1
CITY_066,basic,phone,2023-06-19,22006.0,5,57.72,1
CITY_072,basic,web,2023-03-15,,11,26.93,0
CITY_172,basic,web,2024-05-05,24208.0,6,24.04,0
CITY_109,basic,web,2024-05-15,,4,8.75,0
CITY_051,pro,web,2023-12-05,15365.0,3,13.34,0
CITY_103,plus,app,2023-03-03,31529.0,7,63.53,1
CITY_011,basic,web,2024-10-17,32807.0,5,66.93,1
CITY_109,basic,web,2023-03-05,36376.0,9,14.1,1
CITY_006,basic,phone,2024-12-27,18420.0,8,49.65,0
CITY_023,pro,web,2024-07-04,54588.0,5,43.95,1
CITY_152,pro,phone,2023-01-03,20525.0,4,19.23,0
CITY_001,pro,app,2024-10-04,26327.0,5,13.85,0
CITY_079,plus,app,2023-08-04,39023.0,5,18.73,0
CITY_036,basic,web,2024-05-03,41898.0,4,10.15,0
CITY_046,basic,app,2024-01-12,27934.0,8,82.96,1
CITY_034,plus,web,2023-02-04,29289.0,6,17.8,1
CITY_105,plus,app,2024-11-13,31238.0,4,17.97,0
CITY_057,basic,web,2023-12-19,40426.0,8,29.17,0
CITY_166,basic,app,2024-10-14,32640.0,13,16.99,0
CITY_148,basic,app,2023-01-02,29611.0,9,18.36,0
CITY_171,plus,app,2023-03-11,36177.0,5,35.07,0
CITY_026,basic,app,2023-12-21,23588.0,2,28.27,0
CITY_161,basic,web,2023-08-09,,3,20.97,1
CITY_128,pro,app,2024-01-17,13055.0,6,46.37,0
CITY_151,plus,web,2024-02-04,,8,19.03,1
CITY_163,basic,web,2024-07-30,,5,21.58,0
CITY_029,basic,app,2023-04-30,35523.0,3,78.21,1
CITY_024,pro,web,2024-06-25,19153.0,7,21.47,0
CITY_171,plus,web,2024-05-28,18384.0,9,28.37,1
CITY_147,plus,app,2023-03-10,15854.0,2,8.71,0
CITY_041,basic,phone,2023-02-13,10083.0,6,13.69,0
CITY_081,basic,web,2024-08-12,25034.0,7,30.02,1
CITY_021,basic,app,2024-03-10,15857.0,5,21.13,0
CITY_131,basic,app,2023-06-09,16577.0,5,21.85,1
CITY_115,basic,app,2024-05-17,20162.0,5,28.16,1
CITY_045,plus,web,2024-08-21,77294.0,4,24.23,1
CITY_121,basic,phone,2024-08-31,40862.0,3,94.61,1
CITY_134,plus,web,2024-03-15,19119.0,4,36.41,0
CITY_051,basic,web,2023-10-20,,4,23.01,1
CITY_131,pro,web,2024-08-31,8695.0,7,32.5,0
CITY_177,plus,app,2024-06-09,30446.0,2,20.95,1
CITY_027,basic,app,2024-09-22,36326.0,7,27.56,0
CITY_077,basic,web,2023-05-29,33525.0,10,105.2,1
CITY_057,plus,web,2024-04-09,14026.0,6,18.85,0
CITY_007,plus,web,2023-05-10,30984.0,2,36.5,1
CITY_131,pro,web,2023-05-29,24892.0,12,63.24,1
CITY_144,basic,web,2023-09-01,21454.0,4,11.24,1
CITY_167,basic,web,2023-07-29,12494.0,11,10.28,1
CITY_064,basic,web,2024-03-18,11619.0,7,16.88,0
CITY_001,basic,web,2023-07-25,40107.0,6,46.99,0
CITY_006,basic,web,2023-07-07,20166.0,1,29.7,1
CITY_110,plus,app,2023-06-15,8183.0,7,16.71,1
CITY_122,basic,app,2023-06-19,,2,42.06,1
CITY_029,plus,app,2023-07-12,39418.0,5,8.63,1
CITY_020,basic,web,2023-11-24,26620.0,4,14.66,0
CITY_086,basic,app,2024-05-29,39464.0,6,18.26,1
CITY_072,basic,web,2024-12-28,28008.0,4,15.56,1
CITY_168,basic,app,2023-11-03,28961.0,8,32.66,0
CITY_071,basic,app,2024-01-31,28866.0,3,20.96,1
CITY_103,basic,web,2023-07-12,57101.0,4,2.66,0
CITY_003,plus,web,2023-06-03,37210.0,6,21.1,1
CITY_094,plus,phone,2024-02-28,21627.0,9,27.49,1
CITY_152,basic,web,2023-07-21,26267.0,5,27.07,0
CITY_044,basic,app,2024-08-05,56294.0,11,84.76,0
CITY_062,plus,phone,2024-10-09,42492.0,7,7.14,0
CITY_164,plus,app,2024-07-18,23101.0,8,9.54,0
CITY_016,basic,web,2024-08-24,111275.0,9,13.48,0
CITY_044,basic,phone,2023-07-14,,12,38.98,0
CITY_074,basic,app,2024-08-31,19231.0,5,16.01,0
CITY_087,basic,app,2023-12-08,13890.0,8,39.37,1
CITY_092,pro,web,2024-01-02,61443.0,7,49.3,1
CITY_009,basic,web,2024-11-20,43279.0,9,50.1,1
CITY_089,basic,app,2023-08-10,18030.0,8,24.71,1
CITY_033,plus,web,2023-03-08,15348.0,8,48.63,1
CITY_106,basic,web,2024-05-24,18272.0,6,38.15,1
CITY_002,pro,app,2024-02-20,26043.0,9,46.77,1
CITY_119,basic,web,2024-06-15,18517.0,6,33.93,1
CITY_005,basic,web,2023-07-31,63485.0,9,9.22,1
CITY_128,basic,app,2023-01-09,19138.0,9,26.05,0
CITY_076,basic,app,2023-02-22,22569.0,7,14.8,0
CITY_023,plus,phone,2023-11-03,61139.0,10,38.07,0
CITY_033,basic,app,2024-04-27,11826.0,10,23.26,1
CITY_066,basic,app,2024-01-29,27152.0,6,64.19,1
CITY_022,plus,app,2024-09-02,13626.0,7,53.26,1
CITY_123,basic,web,2024-09-25,29423.0,7,32.23,0
CITY_031,basic,phone,2023-03-16,41180.0,6,42.97,1
CITY_008,basic,phone,2024-01-22,41227.0,8,24.72,0
CITY_099,plus,app,2023-11-29,33480.0,4,13.95,1
CITY_176,pro,web,2023-02-17,27622.0,9,9.15,1
CITY_148,plus,web,2024-02-24,50102.0,9,8.51,0
CITY_030,pro,app,2024-02-12,57354.0,8,23.7,0
CITY_159,plus,web,2024-11-18,37617.0,5,30.9,0
CITY_101,pro,web,2024-08-10,12657.0,5,14.36,0
CITY_089,basic,phone,2023-04-12,13701.0,3,6.64,1
CITY_159,basic,app,2023-05-03,40941.0,9,79.79,1
CITY_110,basic,app,2023-02-07,51713.0,3,41.85,0
CITY_047,plus,phone,2023-01-11,9960.0,6,16.2,0
CITY_066,basic,app,2023-03-08,,4,39.8,1
CITY_124,basic,app,2023-07-06,32560.0,8,52.48,1
CITY_000,pro,app,2024-05-02,27916.0,3,29.07,0
CITY_029,pro,app,2023-04-01,24411.0,5,9.28,1
CITY_156,basic,web,2024-08-25,,7,16.95,0
CITY_111,pro,web,2023-10-28,20737.0,5,168.32,1
CITY_084,basic,app,2024-07-09,22608.0,3,9.38,1
CITY_122,basic,web,2024-07-05,24258.0,4,69.94,0
CITY_004,basic,app,2024-12-16,11706.0,6,66.0,1
CITY_095,pro,app,2023-05-13,27059.0,4,19.17,0
CITY_001,basic,web,2024-09-24,18895.0,6,27.67,1
CITY_121,pro,app,2024-07-02,56033.0,6,30.44,0
CITY_148,basic,web,2023-03-24,40312.0,5,27.95,0
CITY_044,basic,app,2024-06-26,23592.0,4,14.83,0
CITY_154,plus,web,2023-03-22,59340.0,4,5.39,1
CITY_026,basic,web,2024-03-07,15440.0,4,43.55,0
CITY_158,basic,phone,2024-02-02,,10,19.51,1
CITY_121,basic,web,2024-07-19,23387.0,3,9.7,1
CITY_110,plus,web,2023-02-13,17915.0,4,16.77,1
CITY_170,plus,web,2023-12-10,57563.0,8,89.86,0
CITY_132,basic,phone,2024-10-09,19596.0,4,23.21,1
CITY_134,basic,app,2024-08-20,31235.0,11,17.0,0
CITY_174,plus,app,2023-11-23,22231.0,5,30.48,0
CITY_152,basic,web,2024-11-15,9804.0,10,27.57,1
CITY_025,basic,app,2023-11-19,22075.0,3,50.58,1
CITY_013,basic,web,2023-10-03,12151.0,7,13.62,0
CITY_096,basic,web,2024-08-12,47158.0,4,6.3,0
CITY_144,basic,web,2023-03-22,,8,22.88,1
CITY_131,basic,web,2023-04-04,39208.0,4,22.25,0
CITY_173,basic,web,2023-01-30,14603.0,4,36.0,1
CITY_126,basic,app,2023-01-24,35151.0,1,16.64,1
CITY_049,basic,web,2024-10-07,17087.0,7,28.85,1
CITY_166,basic,web,2024-07-13,,4,60.08,1
CITY_086,basic,app,2023-02-21,18017.0,5,15.47,0
CITY_026,plus,app,2023-03-20,15758.0,4,26.41,0
CITY_067,plus,app,2023-10-16,22484.0,3,12.29,0
CITY_098,basic,app,2024-08-04,21773.0,12,70.98,0
CITY_123,basic,phone,2024-07-06,16409.0,5,53.5,1
CITY_024,plus,app,2023-02-20,47419.0,8,31.15,0
CITY_132,basic,app,2023-01-24,48763.0,8,17.43,1
CITY_031,basic,app,2024-08-14,21982.0,9,12.65,0
CITY_149,basic,app,2024-09-05,24334.0,4,13.15,1
CITY_018,basic,web,2024-07-13,12759.0,5,3.61,0
CITY_015,basic,web,2024-05-31,33011.0,5,41.44,1
CITY_072,plus,app,2023-04-12,14589.0,6,14.94,0
CITY_047,basic,web,2023-04-22,14744.0,10,19.83,0
CITY_167,plus,web,2024-09-13,22337.0,4,66.86,1
CITY_080,plus,web,2024-07-25,35175.0,2,63.75,1
CITY_077,basic,web,2024-07-04,29973.0,5,33.32,1
CITY_081,plus,web,2024-11-21,22822.0,2,30.79,0
CITY_139,basic,app,2023-07-28,53153.0,8,63.74,0
CITY_056,plus,web,2024-08-31,28296.0,5,45.63,1
CITY_146,plus,web,2024-07-06,31974.0,4,48.05,0
CITY_074,pro,phone,2023-10-11,34910.0,6,36.47,1
CITY_122,basic,app,2023-01-16,,2,46.08,0
CITY_069,basic,web,2023-12-24,43674.0,9,76.9,1
CITY_113,basic,phone,2023-07-24,23626.0,5,17.26,1
CITY_025,pro,web,2024-02-14,62851.0,4,19.53,0
CITY_134,pro,web,2023-04-08,32950.0,5,25.65,1
CITY_032,basic,web,2023-06-28,80432.0,4,17.28,0
CITY_091,basic,app,2023-05-02,23731.0,5,22.72,0
CITY_007,plus,app,2023-10-18,13717.0,5,12.58,1
CITY_100,basic,app,2024-08-13,31242.0,7,22.89,1
CITY_028,plus,web,2023-10-30,25819.0,7,8.68,1
CITY_022,basic,app,2024-09-10,60567.0,4,12.84,0
CITY_064,basic,phone,2023-09-13,96077.0,5,50.41,1
CITY_150,basic,web,2024-07-26,35056.0,4,9.03,1
CITY_093,basic,phone,2023-06-15,11587.0,7,23.64,1
CITY_003,plus,phone,2024-11-11,39637.0,5,33.39,1
CITY_064,basic,phone,2023-01-08,17920.0,7,127.89,1
CITY_071,basic,app,2024-08-29,15355.0,9,9.87,1
CITY_010,basic,app,2023-06-17,15570.0,8,12.66,1
CITY_074,basic,web,2023-03-06,15919.0,8,56.66,0
CITY_118,plus,web,2024-07-25,31739.0,5,49.61,1
CITY_049,basic,web,2024-07-28,20691.0,6,16.61,1
CITY_007,plus,web,2024-08-18,29097.0,4,45.15,1
CITY_071,pro,web,2023-05-13,18565.0,7,29.73,1
CITY_009,plus,web,2024-06-21,90376.0,6,28.08,0
CITY_150,pro,app,2024-07-15,,5,19.66,0
CITY_037,basic,app,2023-02-01,,8,39.62,0
CITY_053,basic,web,2024-04-05,43347.0,6,17.89,0
CITY_175,plus,app,2024-02-05,62087.0,9,12.66,1
CITY_085,plus,web,2023-07-11,36381.0,11,21.27,1
CITY_172,plus,web,2023-12-09,23859.0,3,28.89,1
CITY_104,basic,web,2024-09-06,60236.0,8,25.34,0
CITY_168,basic,app,2023-07-18,14987.0,6,15.69,0
CITY_093,basic,web,2023-05-20,24439.0,7,9.79,1
CITY_024,basic,web,2024-08-22,53801.0,4,7.33,0
CITY_092,plus,web,2024-06-28,22069.0,8,38.04,0
CITY_147,plus,web,2023-06-18,23481.0,2,24.91,0
CITY_024,plus,web,2023-02-01,25847.0,8,14.17,0
CITY_164,basic,app,2023-04-09,,5,31.7,0
CITY_054,basic,web,2023-06-27,12086.0,7,56.29,0
CITY_084,basic,web,2023-02-27,,6,37.0,0
CITY_104,basic,app,2023-09-05,108341.0,4,104.54,0
CITY_049,basic,web,2024-08-29,68508.0,7,154.25,1
CITY_067,plus,app,2024-12-13,19682.0,7,21.71,1
CITY_026,pro,app,2023-08-01,39306.0,8,46.75,0
CITY_137,plus,app,2024-02-08,,10,6.31,0
CITY_165,pro,web,2023-07-10,,8,21.56,0
CITY_143,basic,app,2024-05-28,19279.0,4,4.78,1
CITY_063,pro,phone,2024-09-27,25411.0,10,69.09,1
CITY_172,plus,web,2024-01-29,24132.0,4,46.79,1
CITY_005,plus,app,2024-05-09,67829.0,3,11.42,1
CITY_061,basic,app,2024-12-16,43173.0,6,12.95,0
CITY_076,basic,web,2023-02-22,37619.0,12,34.47,0
CITY_018,basic,app,2024-02-14,23994.0,8,37.28,1
CITY_118,basic,phone,2024-02-23,25249.0,3,48.8,1
CITY_078,basic,app,2023-10-25,10784.0,7,24.49,1
CITY_153,basic,web,2023-06-28,,4,15.3,0
CITY_050,basic,app,2024-07-12,39689.0,3,29.14,0
CITY_101,plus,web,2024-12-07,16137.0,7,9.82,0
CITY_013,plus,web,2024-01-09,24306.0,3,27.87,1
CITY_018,basic,web,2024-02-15,16917.0,8,30.23,1
CITY_078,plus,web,2023-02-03,47133.0,4,16.8,1
CITY_004,basic,web,2023-12-21,45332.0,2,35.37,0
CITY_091,plus,web,2023-02-21,16206.0,8,59.13,1
CITY_110,basic,phone,2023-04-15,26651.0,8,15.32,0
CITY_127,basic,web,2024-06-07,20851.0,5,22.69,1
CITY_056,plus,web,2024-08-18,14883.0,7,11.92,0
CITY_118,basic,web,2024-02-09,,3,62.67,0
CITY_093,basic,app,2024-12-08,70286.0,9,16.45,0
CITY_112,basic,app,2024-08-16,26829.0,6,24.52,0
CITY_082,basic,app,2023-01-01,27632.0,13,35.97,0
CITY_097,basic,web,2024-08-28,9984.0,8,10.91,0
CITY_092,pro,web,2024-11-27,16803.0,13,11.92,0
CITY_069,basic,web,2023-01-14,16167.0,5,55.58,1
CITY_124,basic,phone,2023-01-02,10661.0,13,14.97,1
CITY_040,plus,app,2024-10-21,10722.0,5,8.62,0
CITY_025,basic,web,2024-09-17,9550.0,6,19.23,1
CITY_098,basic,phone,2023-04-20,27457.0,2,19.59,0
CITY_154,basic,web,2023-05-28,22648.0,2,16.47,1
CITY_057,plus,web,2023-01-24,48822.0,12,7.04,0
CITY_009,basic,app,2024-11-05,8884.0,4,16.51,1
CITY_035,plus,web,2023-07-01,14955.0,7,31.49,0
CITY_041,plus,app,2023-09-21,37082.0,4,8.54,1
CITY_091,pro,web,2023-09-26,27047.0,4,29.16,1
CITY_033,basic,app,2024-07-03,25496.0,6,68.65,0
CITY_004,basic,web,2023-03-29,21172.0,2,15.2,0
CITY_146,basic,web,2024-10-25,46946.0,3,37.54,0
CITY_107,basic,web,2023-07-17,26063.0,6,12.43,1
CITY_009,basic,web,2024-12-16,26599.0,10,20.82,0
CITY_099,basic,app,2023-07-20,14726.0,8,21.34,1
CITY_119,plus,app,2024-09-08,18215.0,6,6.95,1
CITY_129,basic,web,2023-06-14,15813.0,8,14.99,0
CITY_008,basic,web,2023-12-21,44628.0,6,67.71,1
CITY_100,basic,phone,2023-11-06,66567.0,9,17.3,0
CITY_106,plus,web,2023-03-09,49452.0,9,17.42,0
CITY_008,basic,app,2023-11-24,,6,15.14,1
CITY_000,basic,web,2023-05-03,35345.0,4,36.8,1
CITY_140,pro,phone,2024-03-22,14566.0,3,3.87,0
CITY_090,pro,web,2023-03-09,10259.0,5,14.5,1
CITY_162,basic,app,2023-01-16,5816.0,11,87.19,1
CITY_021,basic,phone,2023-10-09,,6,30.35,0
CITY_157,basic,web,2023-08-25,37855.0,9,53.09,1
CITY_090,pro,web,2023-01-28,33426.0,4,8.49,0
CITY_006,plus,web,2024-06-04,30620.0,5,14.72,1
CITY_026,pro,phone,2023-02-17,21126.0,4,19.46,0
CITY_015,basic,web,2024-03-02,21771.0,2,19.47,1
CITY_138,basic,app,2024-04-26,19274.0,7,10.97,1
CITY_145,basic,web,2024-04-23,51843.0,7,12.37,0
CITY_160,basic,app,2023-10-10,,8,109.46,1
CITY_130,pro,web,2023-11-01,30025.0,0,22.33,0
CITY_140,pro,web,2024-07-10,27356.0,5,12.06,0
CITY_161,basic,app,2024-02-05,,4,34.47,0
CITY_020,plus,app,2023-01-31,23723.0,7,13.45,0
CITY_065,basic,app,2023-01-07,54143.0,5,18.04,1
CITY_084,plus,web,2023-06-06,25236.0,7,33.27,0
CITY_162,basic,web,2023-12-13,32859.0,11,23.93,1
CITY_059,plus,app,2023-09-07,27753.0,7,30.39,1
CITY_094,pro,app,2024-02-04,20793.0,4,17.04,1
CITY_178,basic,web,2024-01-07,8710.0,11,14.55,0
CITY_028,plus,app,2024-09-23,38194.0,0,84.71,1
CITY_172,basic,app,2023-11-03,31998.0,6,38.55,0
CITY_017,basic,web,2023-08-27,68888.0,10,17.56,0
CITY_081,plus,app,2023-11-01,64110.0,4,10.51,0
CITY_100,basic,web,2023-01-14,16258.0,2,28.56,1
CITY_038,pro,app,2024-06-23,42355.0,6,54.75,1
CITY_118,basic,web,2023-08-18,24818.0,3,22.82,1
CITY_148,basic,app,2023-12-09,34548.0,9,28.24,0
CITY_176,plus,phone,2024-11-22,,6,15.27,0
CITY_029,basic,app,2024-01-11,16873.0,2,12.93,1
CITY_122,plus,phone,2023-10-08,66549.0,6,27.66,1
CITY_056,basic,app,2023-08-31,,3,19.61,1
CITY_093,pro,web,2023-10-10,34029.0,6,13.51,0
CITY_039,basic,app,2024-01-24,19950.0,7,33.26,1
CITY_145,plus,web,2023-10-18,28559.0,7,22.37,0
CITY_020,basic,web,2024-02-15,19526.0,11,9.5,1
CITY_012,basic,app,2023-01-28,32753.0,3,46.09,1
CITY_154,pro,phone,2024-10-04,36807.0,5,17.08,1
CITY_050,pro,web,2023-11-16,36341.0,6,7.8,0
CITY_171,basic,phone,2024-09-07,11425.0,4,54.16,1
CITY_092,basic,web,2024-04-24,55740.0,7,16.18,0
CITY_035,plus,web,2023-08-15,15311.0,6,21.5,1
CITY_061,pro,web,2024-02-17,13903.0,4,77.3,0
CITY_142,pro,web,2023-11-14,84622.0,11,16.22,0
CITY_058,basic,app,2024-06-12,33672.0,4,6.32,0
CITY_175,plus,web,2024-05-05,33611.0,3,31.95,1
CITY_137,pro,phone,2023-01-13,28404.0,6,18.57,0
CITY_124,pro,web,2023-08-18,9742.0,9,11.91,0
CITY_132,basic,web,2023-05-26,49997.0,3,73.1,1
CITY_157,basic,web,2023-09-22,25439.0,8,12.72,1
CITY_029,basic,app,2023-03-21,40793.0,5,24.21,1
CITY_023,pro,web,2024-06-12,29138.0,5,14.4,0
CITY_077,plus,app,2023-04-22,15105.0,5,19.37,0
CITY_077,basic,app,2024-05-03,31935.0,10,6.99,0
CITY_039,basic,web,2023-12-11,45813.0,2,19.13,1
CITY_033,plus,app,2023-04-29,57700.0,7,4.45,0
CITY_161,basic,web,2023-10-17,35249.0,13,39.99,0
CITY_001,basic,app,2024-07-22,21125.0,10,8.94,0
CITY_113,basic,web,2023-12-03,8866.0,8,26.07,1
CITY_099,basic,phone,2024-10-03,37207.0,10,14.66,1
CITY_161,basic,app,2023-06-07,19630.0,3,18.64,0
CITY_144,basic,web,2023-07-08,25050.0,5,11.51,0
CITY_128,basic,web,2023-11-20,6856.0,5,30.22,0
CITY_006,basic,web,2023-08-19,21233.0,4,36.46,1
CITY_065,basic,app,2024-12-12,,8,18.52,0
CITY_050,basic,app,2023-11-28,97904.0,8,9.67,1
CITY_035,pro,app,2024-07-28,11135.0,1,7.3,1
CITY_143,basic,app,2023-05-05,34781.0,4,37.08,0
CITY_020,basic,app,2024-12-05,21151.0,5,17.06,1
CITY_004,basic,phone,2023-06-04,28188.0,9,24.11,0
CITY_145,plus,web,2024-11-27,20153.0,10,13.02,1
CITY_105,basic,web,2024-08-13,15717.0,11,11.93,1
CITY_026,basic,app,2023-10-24,7229.0,4,22.41,1
CITY_155,basic,app,2023-09-08,60528.0,6,22.49,0
CITY_058,basic,app,2023-10-19,18642.0,4,26.46,1
CITY_032,basic,app,2023-06-21,24143.0,3,23.28,1
CITY_071,pro,web,2024-11-14,75982.0,11,52.58,0
CITY_074,plus,app,2024-01-11,23407.0,8,8.68,0
CITY_015,basic,web,2024-03-18,14801.0,5,20.85,1
CITY_048,basic,app,2024-10-25,9435.0,4,11.26,0
CITY_173,plus,web,2024-03-29,15750.0,5,21.37,1
CITY_063,pro,web,2024-01-05,25977.0,4,13.72,1
CITY_121,pro,web,2023-05-03,18396.0,5,22.18,1
CITY_031,plus,app,2023-01-15,13759.0,6,64.09,0
CITY_070,plus,web,2024-06-12,26171.0,4,7.55,0
CITY_145,plus,web,2023-01-27,,6,67.26,1
CITY_091,basic,web,2023-09-18,28284.0,7,29.0,0
CITY_110,basic,web,2024-02-27,43556.0,6,12.73,1
CITY_111,basic,web,2023-04-28,,2,21.55,1
CITY_052,plus,web,2024-07-14,31693.0,7,23.99,0
CITY_126,basic,web,2024-11-27,41508.0,6,71.51,0
CITY_066,basic,web,2024-07-25,31890.0,3,32.94,1
CITY_012,basic,web,2023-09-20,22685.0,8,17.54,0
CITY_106,basic,web,2024-12-10,36299.0,9,12.1,0
CITY_099,basic,app,2024-01-03,33353.0,10,73.34,1
CITY_137,basic,app,2024-08-23,22603.0,7,24.95,0
CITY_061,basic,phone,2024-02-14,61721.0,3,7.05,1
CITY_169,plus,app,2023-07-26,27673.0,8,8.92,0
CITY_161,pro,web,2023-12-11,26862.0,9,16.24,0
CITY_062,plus,phone,2023-04-17,37909.0,7,11.76,1
CITY_166,basic,app,2024-05-29,27187.0,11,24.96,1
CITY_079,plus,app,2024-09-04,26763.0,5,4.78,0
CITY_177,pro,app,2023-02-05,15057.0,6,44.06,0
CITY_093,basic,app,2024-05-06,,8,18.7,1
CITY_079,plus,web,2023-12-17,26971.0,6,13.9,0
CITY_073,pro,app,2023-04-29,16454.0,7,16.05,0
CITY_175,basic,phone,2024-10-04,50070.0,6,12.78,0
CITY_174,pro,app,2024-08-29,,3,19.59,0
CITY_068,plus,phone,2024-02-19,25887.0,7,84.83,1
CITY_022,plus,web,2023-10-10,19689.0,7,13.97,0
CITY_045,pro,web,2024-01-04,57578.0,7,42.49,1
CITY_111,basic,web,2024-06-18,26317.0,10,26.49,0
CITY_062,pro,app,2024-12-02,25171.0,5,9.73,0
CITY_011,plus,web,2023-01-08,27452.0,6,37.07,0
CITY_156,pro,app,2024-07-18,61398.0,7,15.88,0
CITY_161,pro,web,2023-12-22,45964.0,4,60.21,1
CITY_005,basic,app,2024-06-12,22637.0,5,7.83,0
CITY_139,basic,web,2023-05-27,49578.0,3,15.82,0
CITY_113,basic,web,2023-08-24,12766.0,7,27.31,1
CITY_013,pro,web,2023-03-25,31395.0,8,26.63,1
CITY_029,pro,web,2023-06-26,55036.0,6,21.29,0
CITY_170,basic,app,2024-11-28,26206.0,2,10.29,0
CITY_000,pro,web,2024-10-12,10026.0,8,21.02,0
CITY_146,basic,app,2024-08-07,,6,26.92,1
CITY_077,basic,web,2024-03-21,12085.0,10,12.14,0
CITY_178,plus,web,2023-07-14,14702.0,3,26.06,1
CITY_104,plus,phone,2024-10-02,,3,33.65,1
CITY_081,plus,web,2023-08-08,17333.0,3,16.06,1
CITY_125,basic,app,2024-12-02,23500.0,11,48.51,0
CITY_034,pro,web,2024-02-05,24821.0,11,14.28,0
CITY_116,basic,web,2024-07-29,32903.0,5,34.26,0
CITY_029,pro,app,2023-08-02,40064.0,9,63.02,1
CITY_122,basic,app,2024-04-03,75134.0,5,43.63,0
CITY_081,plus,app,2024-10-16,19999.0,2,28.21,1
CITY_005,basic,app,2024-06-01,25224.0,4,7.89,0
CITY_104,plus,web,2024-12-06,8168.0,7,8.0,0
CITY_082,plus,app,2024-11-12,20305.0,6,15.07,1
CITY_110,basic,web,2024-08-27,26060.0,7,21.65,0
CITY_043,pro,web,2024-07-17,17356.0,6,8.77,0
CITY_091,basic,phone,2023-02-25,15317.0,6,36.3,1
CITY_088,basic,web,2024-02-18,4204.0,5,66.05,1
CITY_081,basic,web,2023-09-22,37720.0,4,20.65,1
CITY_123,pro,app,2023-08-15,24264.0,7,60.71,0
CITY_013,pro,web,2023-07-17,38865.0,4,10.15,0
CITY_128,basic,web,2023-04-29,39251.0,5,12.9,0
CITY_172,basic,web,2024-06-26,35744.0,3,18.34,0
CITY_098,basic,app,2023-08-16,34036.0,3,25.78,1
CITY_173,plus,app,2023-12-16,8348.0,7,11.99,0
CITY_110,basic,app,2023-04-02,25483.0,13,10.37,0
CITY_032,basic,app,2024-02-06,22980.0,10,25.77,1
CITY_101,basic,app,2023-08-11,16218.0,11,21.83,0
CITY_069,pro,web,2024-10-23,66944.0,4,4.45,0
CITY_100,pro,web,2023-03-02,,6,12.04,1
CITY_137,pro,app,2023-04-13,52419.0,7,96.69,1
CITY_129,basic,app,2024-10-18,17311.0,4,53.98,1
CITY_176,plus,app,2023-01-13,49437.0,5,50.29,0
CITY_059,basic,web,2024-07-02,38026.0,4,23.71,1
CITY_026,pro,app,2023-01-19,15035.0,7,11.46,0
CITY_029,basic,app,2024-04-29,24603.0,4,48.6,0
CITY_042,basic,app,2023-11-26,21192.0,8,15.39,1
CITY_125,basic,web,2023-11-12,31969.0,8,14.79,1
CITY_015,basic,app,2023-08-17,28463.0,5,13.51,1
CITY_138,basic,web,2024-02-10,28020.0,6,3.81,0
CITY_176,plus,web,2024-01-04,28119.0,7,10.6,0
CITY_163,plus,app,2024-04-03,,8,36.05,1
CITY_145,plus,app,2023-09-16,7312.0,4,15.27,1
CITY_137,basic,web,2023-05-18,19954.0,3,15.51,1
CITY_107,basic,web,2024-09-22,15276.0,6,22.93,0
CITY_154,basic,phone,2024-03-14,20335.0,6,19.21,1
CITY_127,pro,app,2023-11-20,36038.0,5,15.21,0
CITY_035,plus,phone,2024-08-08,29557.0,6,7.14,0
CITY_166,basic,web,2023-11-03,31893.0,10,6.61,0
CITY_167,plus,web,2023-02-28,31317.0,9,48.34,0
CITY_051,plus,app,2023-03-15,11725.0,4,8.97,1
CITY_095,basic,phone,2023-09-19,49372.0,7,13.17,1
CITY_173,pro,app,2024-04-11,31350.0,4,7.88,0
CITY_149,basic,app,2023-04-15,42238.0,4,15.07,1
CITY_077,basic,app,2023-12-08,24079.0,2,19.8,0
CITY_114,basic,phone,2023-02-28,21029.0,4,63.19,1
CITY_028,pro,web,2023-04-08,81357.0,3,13.67,1
CITY_101,plus,app,2023-01-15,49816.0,4,15.42,1
CITY_022,plus,web,2024-03-09,23063.0,6,6.87,0
CITY_094,plus,web,2024-03-24,52506.0,5,43.01,0
CITY_098,basic,app,2024-10-10,48873.0,7,26.92,0
CITY_022,basic,phone,2023-03-31,23090.0,3,43.61,1
CITY_046,basic,web,2023-06-04,23700.0,7,37.39,1
CITY_023,basic,phone,2024-11-18,25331.0,8,59.72,0
CITY_063,basic,app,2023-08-17,19987.0,8,22.9,0
CITY_033,pro,web,2024-07-16,9995.0,3,20.26,1
CITY_177,basic,web,2023-04-03,30059.0,10,33.56,0
CITY_103,basic,web,2024-01-20,30641.0,4,12.8,0
CITY_041,basic,app,2024-04-14,30129.0,10,9.98,0
CITY_122,basic,phone,2023-10-07,30798.0,5,83.07,1
CITY_156,plus,web,2023-11-24,18942.0,7,14.23,0
CITY_094,basic,web,2024-03-17,45819.0,5,12.85,0
CITY_105,plus,app,2024-08-13,16381.0,6,8.45,0
CITY_045,basic,app,2023-10-29,42208.0,5,7.71,1
CITY_029,plus,web,2023-10-30,50621.0,7,2.75,0
CITY_055,basic,app,2024-08-28,33144.0,7,9.98,0
CITY_079,plus,app,2023-04-06,18835.0,5,38.25,1
CITY_046,basic,app,2023-03-10,45355.0,8,6.18,1
CITY_137,plus,web,2023-02-16,21251.0,9,7.35,0
CITY_035,basic,app,2023-03-03,23688.0,7,38.0,1
CITY_137,basic,app,2024-07-03,17927.0,9,67.83,1
CITY_103,plus,app,2023-09-01,100642.0,4,5.94,0
CITY_039,basic,app,2024-10-09,35871.0,9,22.97,0
CITY_026,plus,web,2023-08-10,24148.0,4,69.66,1
CITY_111,plus,web,2023-07-28,21658.0,5,20.31,0
CITY_003,basic,web,2023-11-20,,4,14.92,1
CITY_176,basic,phone,2023-07-30,48684.0,3,35.83,0
CITY_132,basic,web,2023-04-22,19503.0,6,25.41,0
CITY_116,pro,app,2024-11-22,17028.0,8,36.82,1
CITY_160,basic,web,2024-04-19,29334.0,2,19.85,1
CITY_002,plus,web,2024-10-15,34847.0,2,8.96,0
CITY_129,basic,web,2023-05-30,22080.0,3,20.99,0
CITY_052,plus,web,2023-05-01,13895.0,7,47.84,1
CITY_118,basic,web,2023-08-26,34946.0,5,60.06,1
CITY_169,basic,web,2024-01-05,15494.0,7,12.21,0
CITY_009,pro,app,2023-02-09,,9,22.64,1
CITY_042,basic,phone,2024-02-06,,4,16.68,1
CITY_080,basic,web,2024-03-17,23294.0,4,63.81,0
CITY_000,plus,app,2024-05-20,39255.0,9,25.16,0
CITY_121,basic,app,2023-03-18,17196.0,10,21.26,0
CITY_152,basic,web,2023-02-28,15401.0,5,16.67,0
CITY_129,basic,web,2024-11-09,,2,29.6,0
CITY_035,plus,web,2023-05-11,,2,15.86,1
CITY_060,plus,web,2024-02-24,34698.0,4,25.18,1
CITY_104,basic,web,2024-02-16,24445.0,5,14.4,0
CITY_039,pro,app,2024-03-09,,5,21.65,1
CITY_043,plus,web,2024-11-01,30080.0,10,13.2,0
CITY_077,plus,web,2024-10-22,19369.0,5,18.11,0
CITY_101,basic,web,2023-10-23,29429.0,5,7.67,1
CITY_098,basic,app,2023-04-26,92449.0,7,34.26,1
CITY_091,pro,app,2023-02-27,23912.0,2,39.05,1
CITY_177,basic,app,2023-10-03,10005.0,7,17.34,1
CITY_045,basic,phone,2024-02-01,20009.0,6,32.34,1
CITY_071,basic,app,2023-03-18,28147.0,9,53.9,1
CITY_035,basic,app,2024-07-22,17450.0,9,38.02,1
CITY_061,plus,web,2023-01-20,38745.0,7,77.45,1
CITY_046,basic,app,2024-06-28,20905.0,9,1.24,1
CITY_046,plus,web,2023-10-14,36207.0,1,17.64,0
CITY_113,basic,phone,2023-05-23,45340.0,10,27.88,1
CITY_000,pro,web,2024-07-20,57126.0,7,21.91,0
CITY_139,plus,phone,2024-05-14,46383.0,6,17.57,0
CITY_112,plus,web,2024-05-17,26570.0,7,16.03,1
CITY_060,basic,web,2023-07-12,42563.0,2,74.86,1
CITY_082,plus,web,2024-05-21,20131.0,5,37.11,1
CITY_129,basic,app,2023-10-27,14899.0,6,47.73,1
CITY_066,basic,app,2024-01-30,17801.0,8,12.99,1
CITY_113,basic,web,2023-05-15,34966.0,4,48.79,1
CITY_064,plus,web,2023-07-31,45982.0,10,64.87,0
CITY_008,basic,phone,2023-12-22,,11,82.79,1
CITY_023,pro,app,2024-07-26,33849.0,5,14.95,0
CITY_148,basic,web,2024-08-29,24028.0,5,5.8,0
CITY_120,plus,app,2024-04-28,22751.0,6,15.7,0
CITY_179,basic,web,2024-08-17,61490.0,7,132.6,1
CITY_014,basic,app,2023-03-06,21070.0,6,15.61,0
CITY_087,plus,app,2024-03-11,31401.0,6,17.8,0
CITY_031,basic,web,2023-07-02,34256.0,7,5.24,0
CITY_015,basic,web,2024-01-19,18030.0,8,25.41,0
CITY_151,basic,app,2024-04-29,23235.0,6,13.9,0
CITY_150,basic,app,2024-08-26,14959.0,3,25.24,1
CITY_083,plus,web,2023-04-26,55781.0,8,17.36,0
CITY_014,basic,app,2023-10-28,,7,47.79,1
CITY_110,plus,app,2023-10-20,54046.0,2,29.91,0
CITY_058,pro,app,2024-09-29,42064.0,5,67.0,0
CITY_078,basic,app,2023-06-04,,4,12.68,0
CITY_107,plus,app,2023-02-25,107656.0,8,11.22,0
CITY_125,plus,web,2024-07-13,20636.0,4,18.07,1
CITY_057,basic,web,2023-10-14,6940.0,8,58.41,1
CITY_095,plus,web,2023-07-24,23319.0,0,10.79,1
CITY_123,plus,web,2024-01-06,22926.0,3,8.34,0
CITY_037,plus,web,2023-07-18,,5,39.82,0
CITY_171,pro,phone,2024-07-27,9138.0,5,17.09,1
CITY_144,plus,web,2024-10-28,,6,22.4,1
CITY_118,basic,phone,2024-05-22,9150.0,4,38.17,1
CITY_053,plus,phone,2024-11-28,21152.0,3,5.4,0
CITY_177,basic,web,2024-01-06,44797.0,3,10.86,0
CITY_146,plus,app,2023-04-16,18774.0,4,30.96,1
CITY_169,pro,app,2024-02-25,29749.0,8,9.95,0
CITY_085,basic,web,2024-06-08,14262.0,4,90.79,1
CITY_109,basic,web,2024-03-13,14135.0,7,32.57,1
CITY_057,plus,app,2024-06-13,81537.0,8,10.92,0
CITY_041,basic,web,2023-02-04,24190.0,3,13.37,0
CITY_164,basic,web,2023-04-05,23713.0,4,37.9,1
CITY_170,plus,app,2024-11-10,15164.0,3,21.96,1
CITY_166,basic,web,2023-01-31,11371.0,5,16.78,1
CITY_036,basic,app,2024-01-31,18291.0,4,16.26,0
CITY_060,plus,web,2024-08-14,40208.0,5,20.19,0
CITY_126,basic,web,2023-09-11,95871.0,6,17.7,1
CITY_059,basic,app,2024-01-12,23353.0,5,13.37,0
CITY_083,plus,web,2023-12-08,39781.0,5,13.29,0
CITY_159,plus,app,2024-11-07,9348.0,9,16.62,0
CITY_031,basic,phone,2023-01-28,57856.0,6,32.98,0
CITY_067,basic,web,2023-07-25,34856.0,5,14.13,0
CITY_010,plus,web,2024-01-29,13621.0,6,56.84,1
CITY_026,plus,web,2024-05-05,27296.0,8,21.63,1
CITY_139,basic,web,2024-12-12,15434.0,5,6.54,1
CITY_139,plus,web,2023-02-05,38846.0,2,7.08,1
CITY_076,basic,web,2024-11-28,44924.0,7,8.78,1
CITY_125,pro,web,2023-12-06,61208.0,5,51.22,0
CITY_170,basic,web,2024-11-28,22456.0,8,13.41,1
CITY_111,basic,web,2024-07-16,10636.0,3,18.92,1
CITY_094,plus,app,2023-12-30,48289.0,6,13.97,1
CITY_024,basic,web,2024-06-19,19075.0,6,15.73,0
CITY_051,plus,phone,2024-09-16,41872.0,9,15.15,0
CITY_087,plus,phone,2023-05-09,20165.0,4,27.23,0
CITY_078,plus,web,2024-08-24,18744.0,5,27.87,1
CITY_165,plus,app,2024-12-29,45912.0,5,43.91,0
CITY_123,basic,app,2023-03-02,25121.0,5,42.38,1
CITY_140,plus,web,2024-06-18,,8,65.04,1
CITY_128,basic,phone,2023-01-14,8921.0,3,31.23,0
CITY_022,pro,app,2024-07-04,,3,19.21,0
CITY_143,plus,app,2023-07-19,52899.0,8,14.05,0
CITY_179,pro,app,2024-07-30,,6,9.59,0
CITY_048,basic,web,2024-03-14,32589.0,6,42.04,1
CITY_101,basic,phone,2024-05-07,36298.0,7,35.19,1
CITY_146,pro,app,2024-07-16,33634.0,8,40.44,0
CITY_118,plus,web,2023-04-05,14529.0,7,96.46,0
CITY_120,basic,web,2024-03-28,23910.0,6,14.35,1
CITY_067,basic,web,2024-01-05,18854.0,12,6.34,0
CITY_134,basic,app,2023-02-05,43093.0,7,24.42,0
CITY_103,basic,phone,2023-03-25,24547.0,9,37.82,1
CITY_106,plus,phone,2024-10-22,23276.0,2,103.14,1
CITY_145,plus,app,2023-10-15,13480.0,7,15.85,0
CITY_036,plus,app,2023-04-25,28522.0,2,26.93,1
CITY_172,basic,app,2024-05-16,25125.0,5,7.43,0
CITY_149,plus,web,2024-05-07,17041.0,5,34.8,1
CITY_166,plus,app,2024-11-28,,8,21.73,0
CITY_178,basic,phone,2023-11-10,26709.0,3,29.27,1
CITY_118,basic,web,2024-01-30,27262.0,2,52.87,1
CITY_049,basic,web,2023-01-05,39810.0,9,15.38,0
CITY_041,basic,phone,2023-01-25,24940.0,7,52.4,1
CITY_129,basic,phone,2023-04-01,19388.0,7,50.52,1
CITY_045,basic,web,2024-03-29,10057.0,9,22.64,1
CITY_159,pro,web,2023-08-19,91833.0,6,15.23,0
CITY_108,basic,app,2023-03-04,19328.0,9,11.59,0
CITY_019,basic,phone,2023-09-24,17965.0,2,24.19,1
CITY_061,basic,phone,2023-05-25,38450.0,6,27.54,1
CITY_101,basic,web,2024-06-07,63412.0,9,56.49,1
CITY_124,plus,web,2023-10-04,21497.0,4,13.34,0
CITY_053,basic,web,2023-10-27,15519.0,4,28.22,0
CITY_137,basic,web,2024-05-29,14905.0,6,12.66,1
CITY_048,basic,app,2024-12-18,34401.0,5,27.08,0
CITY_062,plus,web,2024-11-07,42726.0,8,22.38,1
CITY_175,basic,phone,2023-03-16,45466.0,4,26.92,0
CITY_175,basic,web,2023-04-26,28888.0,6,12.43,0
CITY_162,plus,app,2023-08-23,47584.0,4,35.35,0
CITY_119,basic,app,2024-07-19,33596.0,3,3.43,1
CITY_120,basic,web,2024-08-26,26070.0,3,9.72,1
CITY_109,basic,web,2024-10-18,25814.0,7,21.84,0
CITY_004,plus,web,2023-03-06,35875.0,2,39.59,0
CITY_114,plus,web,2024-04-06,29192.0,9,20.36,0
CITY_075,plus,web,2023-04-03,31155.0,9,36.28,0
CITY_143,basic,app,2024-04-20,8986.0,7,60.58,0
CITY_059,basic,web,2023-08-11,12426.0,8,22.84,1
CITY_082,plus,web,2023-03-26,17976.0,7,15.35,0
CITY_177,basic,web,2024-08-14,34036.0,8,12.79,1
CITY_068,basic,app,2024-04-27,25414.0,7,55.88,1
CITY_107,plus,phone,2024-05-31,48401.0,8,43.3,0
CITY_016,plus,web,2023-01-19,88600.0,7,6.06,1
CITY_004,basic,app,2023-09-30,,3,10.36,0
CITY_137,basic,web,2024-06-11,22960.0,5,16.43,1
CITY_154,basic,web,2023-04-13,56048.0,6,35.65,0
CITY_045,basic,web,2024-05-02,20610.0,5,10.28,0
CITY_041,basic,app,2024-02-20,44493.0,7,141.53,1
CITY_147,basic,web,2023-01-27,40556.0,11,49.47,1
CITY_173,plus,web,2024-02-02,22527.0,6,8.46,0
CITY_070,basic,web,2023-02-28,30524.0,10,27.91,0
CITY_151,basic,phone,2024-08-09,58017.0,5,30.02,1
CITY_079,plus,phone,2023-04-13,34333.0,3,8.42,0
CITY_006,basic,app,2023-08-12,49100.0,6,22.87,0
CITY_082,basic,app,2023-11-14,69582.0,7,28.17,1
CITY_061,basic,app,2024-04-21,18942.0,7,21.09,0
CITY_104,plus,web,2024-11-01,23091.0,5,34.19,1
CITY_004,pro,web,2024-11-16,15429.0,9,31.23,1
CITY_178,plus,web,2024-08-14,36446.0,5,154.64,1
CITY_142,plus,app,2023-03-04,27050.0,3,12.98,0
CITY_168,basic,web,2023-11-07,65453.0,9,94.3,0
CITY_158,basic,phone,2024-05-16,,1,39.33,0
CITY_011,basic,web,2024-10-07,25635.0,5,17.62,1
CITY_098,pro,app,2023-12-06,19581.0,1,52.79,1
CITY_178,basic,app,2024-12-28,41631.0,3,12.66,0
CITY_014,pro,web,2023-10-23,24291.0,7,13.62,0
CITY_096,plus,web,2023-02-09,79350.0,10,24.05,0
CITY_008,basic,app,2024-04-05,62318.0,1,25.34,1
CITY_135,basic,web,2024-10-14,57167.0,6,4.36,0
CITY_031,basic,web,2024-03-23,15122.0,2,28.38,1
CITY_162,basic,app,2023-11-17,33874.0,6,9.81,0
CITY_120,basic,phone,2023-04-30,12432.0,9,111.39,1
CITY_112,basic,phone,2023-10-18,11400.0,16,4.55,0
CITY_056,basic,phone,2024-02-07,13036.0,10,42.18,1
CITY_060,plus,app,2024-06-21,24054.0,4,22.19,0
CITY_139,basic,app,2024-10-17,25589.0,7,34.31,0
CITY_051,plus,web,2023-10-31,20508.0,11,16.98,0
CITY_003,basic,web,2023-01-29,27096.0,5,8.93,0
CITY_124,basic,app,2023-07-20,22227.0,7,19.41,0
CITY_143,basic,phone,2024-04-08,13426.0,7,27.89,1
CITY_093,basic,app,2024-01-03,26351.0,3,17.12,0
CITY_061,plus,app,2024-02-21,34880.0,3,16.96,0
CITY_017,plus,web,2024-10-15,31444.0,9,78.53,1
CITY_089,plus,web,2023-09-21,22163.0,5,22.8,1
CITY_008,basic,web,2024-01-06,11311.0,6,42.6,0
CITY_103,pro,app,2024-10-20,37384.0,8,4.64,0
CITY_019,basic,web,2023-03-19,30790.0,7,14.15,0
CITY_097,basic,app,2024-11-07,18862.0,5,16.4,1
CITY_109,basic,web,2024-01-28,,5,79.49,1
CITY_099,plus,web,2023-12-05,7854.0,5,24.07,1
CITY_168,plus,web,2023-11-07,12683.0,3,19.33,1
CITY_001,plus,phone,2024-04-09,35165.0,5,38.77,0
CITY_109,basic,web,2024-01-26,98538.0,4,26.61,1
CITY_176,basic,web,2023-11-11,17578.0,4,33.03,0
CITY_005,basic,web,2024-07-24,41963.0,8,7.42,0
CITY_105,basic,web,2024-07-19,16305.0,3,2.84,1
CITY_050,plus,app,2023-08-31,70310.0,3,22.13,1
CITY_000,plus,app,2023-01-09,28667.0,3,26.08,0
CITY_146,pro,web,2024-09-05,15245.0,6,29.38,1
CITY_088,basic,app,2024-05-14,18406.0,4,12.55,1
CITY_062,plus,web,2024-04-03,47475.0,4,24.71,1
CITY_123,basic,app,2024-12-19,42526.0,5,68.14,1
CITY_092,basic,web,2024-07-01,53583.0,7,21.17,0
CITY_148,basic,web,2024-10-06,9890.0,4,17.24,0
CITY_090,plus,app,2024-03-24,44562.0,5,9.86,0
CITY_017,pro,web,2023-05-26,15450.0,8,8.8,0
CITY_175,pro,phone,2024-11-22,12212.0,8,95.66,1
CITY_139,pro,web,2024-05-03,49959.0,2,17.73,0
CITY_047,pro,app,2024-04-15,53867.0,7,11.19,0
CITY_007,pro,app,2023-01-13,81220.0,6,16.59,0
CITY_060,basic,web,2024-05-24,69950.0,5,9.9,0
CITY_068,basic,web,2024-07-03,64898.0,8,33.5,0
CITY_111,pro,phone,2023-07-15,45393.0,13,12.72,0
CITY_043,plus,app,2023-12-06,34840.0,8,10.62,0
CITY_100,basic,web,2024-08-26,12609.0,5,21.88,1
CITY_066,basic,web,2023-06-08,29734.0,10,125.01,0
CITY_153,plus,app,2023-04-23,41115.0,6,32.89,0
CITY_103,basic,web,2024-12-15,18701.0,3,21.16,0
CITY_115,plus,web,2024-09-11,25791.0,7,35.6,0
CITY_069,basic,app,2024-02-29,38304.0,8,9.37,0
CITY_162,plus,web,2023-10-06,31876.0,12,33.25,0
CITY_100,pro,app,2023-03-26,,8,37.27,0
CITY_148,pro,app,2024-05-15,42500.0,7,35.92,0
CITY_060,basic,web,2023-09-19,21468.0,5,74.68,1
CITY_011,basic,phone,2024-02-21,30770.0,3,19.09,0
CITY_116,pro,app,2024-01-28,36413.0,10,23.12,0
CITY_162,basic,app,2024-07-13,38201.0,3,17.86,1
CITY_136,basic,web,2023-04-25,19836.0,6,40.98,1
CITY_161,basic,web,2024-10-27,30281.0,5,18.72,0
CITY_005,basic,app,2023-04-13,8927.0,4,24.23,0
CITY_100,basic,app,2024-11-23,45841.0,2,4.29,1
CITY_034,plus,app,2024-06-03,27511.0,4,18.26,1
CITY_129,plus,phone,2024-03-26,11822.0,8,30.73,0
CITY_090,basic,app,2023-03-05,16128.0,8,19.14,0
CITY_155,plus,web,2023-01-30,10635.0,6,22.75,1
CITY_056,basic,app,2023-11-23,11888.0,6,52.44,1
CITY_050,basic,app,2023-03-23,37323.0,3,21.01,1
CITY_015,plus,app,2023-11-28,64892.0,5,42.14,1
CITY_007,basic,app,2023-05-02,13165.0,3,16.17,1
CITY_036,basic,web,2023-01-09,15535.0,5,37.19,0
CITY_097,plus,web,2024-01-02,,9,10.08,1
CITY_127,plus,app,2023-12-09,16711.0,7,21.11,0
CITY_149,basic,app,2024-12-23,38027.0,10,27.99,0
CITY_165,basic,web,2023-11-30,21150.0,2,11.32,1
CITY_158,pro,web,2024-06-06,,6,8.07,0
CITY_061,basic,phone,2024-10-17,,2,17.69,1
CITY_029,basic,web,2024-07-17,24417.0,3,23.4,1
CITY_076,basic,web,2023-10-08,43135.0,7,10.3,0
CITY_095,basic,web,2023-10-25,30290.0,2,54.15,1
CITY_038,plus,web,2023-11-12,18569.0,4,100.57,1
CITY_098,pro,web,2024-11-02,22525.0,7,22.93,0
CITY_087,plus,phone,2023-10-27,12963.0,4,22.5,1
CITY_061,plus,phone,2024-11-27,24373.0,6,9.4,0
CITY_041,plus,web,2023-12-20,35333.0,6,7.14,1
CITY_105,plus,web,2024-08-27,11203.0,4,13.99,1
CITY_028,plus,web,2024-09-02,10478.0,11,16.4,1
CITY_145,basic,web,2024-01-17,38690.0,3,38.35,1
CITY_137,plus,web,2024-05-24,28678.0,14,47.1,0
CITY_066,basic,web,2024-01-31,28459.0,4,50.87,1
CITY_101,basic,web,2024-01-05,30015.0,5,7.36,0
CITY_097,basic,app,2024-09-13,55785.0,5,40.54,0
CITY_052,basic,web,2023-03-29,15595.0,7,55.38,1
CITY_075,basic,web,2023-08-07,21350.0,10,21.2,0
CITY_039,pro,web,2023-12-25,29945.0,3,8.84,0
CITY_036,basic,web,2024-03-11,6782.0,3,8.64,0
CITY_158,basic,web,2023-12-24,73957.0,5,26.8,0
CITY_162,basic,web,2024-03-24,15011.0,8,25.09,1
CITY_080,plus,app,2023-05-21,56568.0,9,27.09,0
CITY_159,plus,web,2023-02-07,30214.0,9,10.29,0
CITY_032,basic,app,2024-07-23,27880.0,9,21.49,1
CITY_153,basic,app,2024-08-13,31128.0,9,10.8,0
CITY_167,pro,web,2023-08-03,34251.0,2,81.97,0
CITY_130,basic,web,2024-08-16,15261.0,6,9.24,1
CITY_057,basic,app,2024-06-28,14565.0,8,9.22,0
CITY_042,basic,web,2023-09-10,20554.0,4,12.68,1
CITY_153,plus,web,2023-08-29,33495.0,5,25.78,1
CITY_088,basic,app,2023-12-21,27928.0,6,109.69,1
CITY_111,basic,app,2024-03-23,31977.0,5,31.08,0
CITY_165,basic,app,2024-05-09,49889.0,4,23.6,1
CITY_110,basic,web,2024-06-09,19183.0,4,29.29,1
CITY_065,basic,web,2023-03-31,12724.0,2,14.71,1
CITY_017,plus,app,2024-05-24,55077.0,6,8.72,0
CITY_054,pro,web,2024-08-27,38848.0,2,14.53,0
CITY_109,pro,web,2023-05-11,43448.0,4,31.06,0
CITY_019,basic,app,2023-06-25,16998.0,9,20.7,1
CITY_090,basic,app,2024-10-27,18943.0,3,40.99,1
CITY_043,plus,phone,2023-05-06,42092.0,5,15.32,0
CITY_112,basic,app,2024-05-13,36401.0,7,12.32,0
CITY_121,basic,app,2023-04-24,,4,31.13,1
CITY_054,pro,app,2024-08-28,10568.0,4,19.72,1
CITY_019,basic,web,2024-10-13,20023.0,6,12.81,1
CITY_007,plus,web,2024-05-22,17688.0,6,54.96,1
CITY_147,basic,web,2024-03-08,62479.0,7,4.54,0
CITY_033,basic,phone,2023-04-29,73409.0,6,8.42,0
CITY_155,plus,web,2024-04-16,24918.0,8,18.94,0
CITY_174,basic,phone,2024-10-24,,2,8.58,1
CITY_055,basic,web,2023-12-23,,4,15.02,1
CITY_128,pro,app,2024-11-18,26318.0,8,46.55,0
CITY_105,basic,app,2023-11-06,51411.0,10,18.55,1
CITY_018,plus,web,2023-03-20,28387.0,6,38.22,0
CITY_072,basic,app,2023-10-20,25930.0,4,58.95,1
CITY_142,basic,web,2024-01-24,19612.0,5,39.33,1
CITY_092,basic,web,2023-04-11,27397.0,7,27.09,0
CITY_030,pro,app,2024-08-24,28379.0,5,25.23,0
CITY_002,plus,app,2024-03-01,39041.0,2,20.31,0
CITY_047,basic,app,2023-10-23,36331.0,6,6.03,1
CITY_036,basic,app,2024-10-31,29105.0,9,13.4,0
CITY_175,pro,web,2024-04-24,,7,11.52,0
CITY_098,basic,web,2024-04-10,29143.0,7,20.99,0
CITY_171,basic,phone,2024-12-11,,7,34.15,1
CITY_033,basic,app,2024-05-03,18715.0,12,27.7,1
CITY_130,basic,app,2023-03-29,26039.0,3,31.53,0
CITY_038,basic,phone,2024-06-11,22094.0,8,21.12,0
CITY_112,pro,web,2024-09-21,22946.0,7,38.51,1
CITY_060,basic,web,2024-10-18,53994.0,11,13.06,0
CITY_143,basic,app,2024-06-16,58453.0,8,29.54,0
CITY_026,pro,app,2023-04-28,11936.0,8,9.52,0
CITY_153,pro,phone,2023-05-07,24293.0,4,10.52,0
CITY_049,basic,web,2023-09-23,20866.0,7,12.49,0
CITY_125,plus,app,2024-09-02,21406.0,10,53.65,0
CITY_026,pro,app,2023-07-08,26487.0,4,21.95,0
CITY_170,plus,web,2023-06-10,52273.0,4,6.63,1
CITY_029,basic,web,2023-05-12,58449.0,5,23.92,0
CITY_062,basic,web,2023-12-02,8339.0,5,13.78,1
CITY_084,basic,web,2024-02-05,29599.0,5,23.55,0
CITY_052,basic,web,2024-08-29,40639.0,7,53.3,0
CITY_150,basic,web,2023-11-28,23722.0,7,24.48,1
CITY_160,pro,web,2024-03-14,64814.0,4,26.58,0
CITY_100,plus,web,2024-12-10,8238.0,7,5.0,1
CITY_038,basic,app,2023-03-19,30955.0,8,6.45,0
CITY_111,plus,phone,2023-09-06,26010.0,4,16.3,1
CITY_151,basic,web,2024-03-14,31512.0,8,32.12,0
CITY_114,plus,web,2024-02-07,21088.0,9,6.47,0
CITY_038,basic,app,2023-05-23,32171.0,5,17.13,0
CITY_145,plus,web,2024-02-17,,5,19.13,0
CITY_133,plus,web,2024-03-07,25069.0,2,20.75,0
CITY_176,plus,web,2023-04-08,35308.0,2,21.06,0
CITY_063,pro,web,2023-06-10,10881.0,7,37.27,0
CITY_006,basic,app,2024-03-18,18114.0,7,24.08,0
CITY_082,basic,app,2024-05-03,21263.0,6,30.23,0
CITY_142,plus,app,2023-12-08,17883.0,3,11.17,0
CITY_069,basic,app,2023-02-16,11560.0,3,38.1,1
CITY_121,pro,app,2023-01-15,23481.0,9,8.53,0
CITY_021,plus,app,2023-03-13,40632.0,5,21.04,0
CITY_114,basic,phone,2023-10-25,53270.0,7,68.66,1
CITY_054,basic,app,2024-10-08,26527.0,9,19.7,1
CITY_150,basic,app,2023-07-22,,9,17.97,0
CITY_172,plus,app,2024-11-24,22736.0,7,8.93,0
CITY_053,basic,web,2024-08-23,21282.0,4,33.25,1
CITY_005,pro,web,2024-12-18,55615.0,11,11.82,0
CITY_114,plus,app,2023-08-27,16223.0,5,27.46,0
CITY_099,plus,app,2023-06-17,5345.0,8,12.93,1
CITY_113,basic,app,2023-05-27,26519.0,5,73.06,1
CITY_074,plus,web,2024-09-21,21939.0,5,8.6,0
CITY_150,basic,app,2024-12-21,21840.0,6,9.67,0
CITY_171,basic,app,2024-04-14,25824.0,8,22.32,0
CITY_020,basic,web,2024-11-30,17634.0,1,13.74,1
CITY_073,plus,app,2024-07-27,,11,55.74,1
CITY_015,basic,app,2024-04-30,35041.0,3,6.12,0
CITY_087,basic,web,2024-06-09,11816.0,4,27.0,1
CITY_011,basic,app,2024-08-21,30582.0,3,28.01,0
CITY_107,basic,web,2023-01-12,16914.0,4,10.4,0
CITY_132,plus,app,2023-10-19,29812.0,3,15.58,0
CITY_126,basic,web,2024-01-25,30390.0,11,28.15,0
CITY_065,basic,app,2024-11-14,38631.0,10,12.28,0
CITY_140,plus,phone,2023-03-20,15400.0,3,16.38,1
CITY_053,basic,app,2024-12-27,62464.0,2,26.64,1
CITY_145,plus,app,2024-05-20,20276.0,7,24.22,0
CITY_030,plus,web,2024-09-13,46036.0,5,60.11,0
CITY_170,plus,web,2023-04-27,10609.0,4,22.59,1
CITY_060,basic,app,2024-05-13,19323.0,7,24.16,0
CITY_120,basic,web,2024-10-30,25666.0,12,16.47,0
CITY_099,plus,phone,2023-07-12,17374.0,8,11.14,1
CITY_172,basic,web,2023-12-27,19565.0,5,10.94,0
CITY_089,plus,web,2023-05-31,18072.0,5,40.58,1
CITY_056,basic,web,2024-10-16,109786.0,2,91.74,1
CITY_132,plus,app,2024-10-12,17898.0,7,38.17,1
CITY_050,basic,phone,2024-06-24,71888.0,8,4.04,1
CITY_135,plus,web,2024-06-14,19256.0,3,6.58,0
CITY_084,plus,web,2023-01-06,10412.0,3,19.1,1
CITY_088,basic,web,2024-01-03,18097.0,4,21.95,0
CITY_070,plus,web,2024-07-29,58347.0,3,45.39,1
CITY_134,basic,app,2024-11-17,11929.0,4,71.74,1
CITY_014,basic,app,2023-04-25,18769.0,8,12.56,1
CITY_137,basic,app,2023-03-09,40085.0,4,41.12,0
CITY_054,basic,web,2023-03-04,34359.0,6,20.58,1
CITY_168,basic,app,2024-03-17,6694.0,5,30.17,0
CITY_152,pro,phone,2023-11-03,12049.0,5,6.2,0
CITY_178,basic,web,2023-12-21,67865.0,5,122.07,0
CITY_088,plus,app,2023-05-18,40255.0,6,42.41,1
CITY_114,basic,phone,2024-11-25,36073.0,4,10.66,1
CITY_151,basic,web,2023-06-11,24987.0,1,14.88,0
CITY_095,basic,web,2024-10-09,18086.0,5,15.9,1
CITY_031,basic,web,2024-07-27,,7,38.63,1
CITY_139,plus,web,2023-05-02,87089.0,5,8.33,0
CITY_106,plus,app,2024-07-12,27838.0,4,24.44,0
CITY_105,plus,web,2023-09-13,14421.0,5,22.05,1
CITY_009,plus,app,2023-03-18,30191.0,5,51.53,1
CITY_059,basic,web,2023-08-03,,6,27.34,1
CITY_166,basic,app,2024-06-10,9414.0,10,10.52,0
CITY_054,basic,web,2023-10-26,29339.0,3,11.74,1
CITY_090,plus,app,2024-12-26,72301.0,4,50.77,0
CITY_038,pro,web,2023-05-24,90685.0,4,17.76,0
CITY_012,basic,web,2023-08-02,51008.0,7,43.4,0
CITY_165,basic,phone,2024-07-30,28236.0,8,14.94,0
CITY_168,plus,web,2023-12-31,21876.0,8,26.4,1
CITY_151,plus,web,2023-02-06,46198.0,5,72.19,1
CITY_154,basic,web,2023-01-12,12723.0,0,12.05,0
CITY_085,basic,phone,2023-02-01,,8,21.65,1
CITY_065,basic,web,2023-05-26,25909.0,3,16.4,0
CITY_172,basic,phone,2023-01-23,55519.0,5,18.4,0
CITY_065,basic,app,2023-02-26,56722.0,4,14.22,1
CITY_006,basic,web,2023-12-02,30082.0,6,26.99,0
CITY_114,basic,web,2024-03-06,24349.0,7,23.13,0
CITY_151,plus,web,2024-07-05,42752.0,5,10.72,1
CITY_161,basic,web,2024-03-25,25874.0,6,36.17,0
CITY_027,basic,web,2023-03-09,38344.0,11,115.4,0
CITY_048,plus,web,2024-12-26,14392.0,5,7.71,1
CITY_123,basic,app,2023-05-24,24612.0,10,16.66,0
CITY_158,plus,web,2023-07-30,30079.0,5,6.36,0
CITY_146,basic,web,2023-09-11,15414.0,7,62.2,1
CITY_047,basic,app,2023-08-30,47165.0,2,30.54,0
CITY_053,pro,web,2024-11-19,32683.0,10,17.65,0
CITY_056,plus,app,2024-12-01,73054.0,3,33.03,1
CITY_069,plus,app,2023-01-30,19603.0,9,29.91,1
CITY_168,basic,app,2024-05-03,17178.0,2,13.4,1
CITY_030,basic,app,2024-06-09,23909.0,9,19.13,0
CITY_051,basic,app,2024-05-06,40755.0,4,25.96,0
CITY_027,pro,web,2023-04-26,27331.0,5,9.06,1
CITY_137,basic,web,2023-02-28,15004.0,5,34.41,0
CITY_049,pro,web,2024-01-01,,10,26.02,0
CITY_088,basic,web,2024-12-26,,9,73.59,1
CITY_095,basic,app,2024-10-04,31582.0,5,30.32,0
CITY_061,basic,app,2023-10-12,,2,18.39,1
CITY_139,basic,app,2023-12-23,76835.0,6,35.5,0
CITY_062,plus,web,2024-05-10,26532.0,7,12.3,0
CITY_098,basic,web,2024-07-25,,7,26.22,1
CITY_137,plus,app,2024-04-03,11482.0,2,28.78,0
CITY_071,basic,web,2023-12-27,14741.0,7,21.07,1
CITY_118,basic,phone,2023-02-13,34674.0,6,20.39,1
CITY_006,pro,app,2024-10-07,44171.0,1,50.86,0
CITY_142,basic,app,2023-01-04,17246.0,7,15.8,0
CITY_003,pro,phone,2023-05-17,37213.0,8,15.18,0
CITY_099,plus,app,2024-03-14,22378.0,5,15.98,0
CITY_011,pro,app,2023-01-29,,7,8.3,0
CITY_069,basic,web,2023-07-11,11174.0,8,26.33,1
CITY_027,basic,phone,2024-08-22,30609.0,7,13.75,0
CITY_115,plus,web,2023-06-19,52037.0,7,84.91,1
CITY_118,plus,web,2023-11-22,24050.0,8,38.9,0
CITY_013,plus,web,2023-10-11,13608.0,4,12.56,0
CITY_136,pro,web,2024-09-08,19355.0,8,22.76,0
CITY_030,basic,web,2024-03-29,42426.0,8,65.77,1
CITY_018,basic,web,2023-03-17,,7,22.24,1
CITY_105,pro,web,2024-04-23,22691.0,6,6.97,0
CITY_144,plus,phone,2023-11-09,11562.0,2,33.6,1
CITY_120,basic,app,2024-12-15,65117.0,10,7.02,1
CITY_037,pro,app,2024-11-08,20603.0,3,19.16,0
CITY_008,plus,web,2023-04-11,,7,42.27,1
CITY_176,basic,app,2023-03-05,27861.0,6,40.21,1
CITY_124,pro,app,2024-12-24,10991.0,3,15.49,1
CITY_163,plus,app,2024-01-17,35168.0,6,29.26,0
CITY_112,plus,phone,2024-10-09,13922.0,9,12.14,0
CITY_124,plus,web,2024-11-10,29009.0,4,40.18,1
CITY_108,basic,app,2023-09-19,18618.0,2,33.37,0
CITY_150,plus,web,2023-12-20,87166.0,9,13.48,0
CITY_156,plus,web,2024-04-25,,6,81.87,0
CITY_079,basic,phone,2024-09-20,15631.0,1,21.89,0
CITY_039,plus,app,2024-01-14,27095.0,9,38.87,1
CITY_156,basic,web,2023-08-29,10239.0,10,33.42,1
CITY_011,plus,phone,2023-04-23,16243.0,6,38.61,0
CITY_135,basic,web,2023-12-03,43823.0,6,24.16,1
CITY_084,basic,web,2023-03-23,35950.0,6,34.65,0
CITY_005,plus,web,2023-09-21,29211.0,5,43.5,1
CITY_145,pro,web,2024-08-05,19232.0,4,28.18,0
CITY_051,basic,web,2024-12-11,70048.0,8,9.05,0
CITY_142,plus,web,2024-10-16,25496.0,4,10.2,1
CITY_075,basic,app,2024-04-28,54905.0,6,22.78,1
CITY_035,basic,web,2023-04-14,18358.0,7,25.24,0
CITY_117,plus,web,2024-12-30,32479.0,1,35.89,1
CITY_078,plus,web,2023-01-02,14689.0,3,32.41,1
CITY_113,basic,phone,2024-01-08,30390.0,4,16.26,1
CITY_154,basic,app,2023-05-07,34148.0,6,13.22,1
CITY_009,basic,app,2023-10-27,14654.0,4,6.64,0
CITY_112,basic,web,2023-04-08,31581.0,5,55.15,1
CITY_088,plus,app,2024-07-13,45981.0,5,29.82,0
CITY_142,basic,app,2024-12-04,9263.0,8,4.85,1
CITY_087,basic,app,2024-08-10,26302.0,5,58.09,1
CITY_034,basic,phone,2024-11-24,55536.0,10,30.26,1
CITY_070,pro,app,2024-06-20,17310.0,12,23.15,0
CITY_065,plus,web,2023-10-02,17132.0,5,16.08,0
CITY_093,plus,web,2023-11-28,46316.0,5,40.91,0
CITY_005,basic,app,2023-06-07,14131.0,8,17.48,0
CITY_124,plus,web,2024-02-06,44417.0,7,73.36,1
CITY_074,pro,web,2023-10-03,24634.0,1,23.47,1
CITY_081,basic,app,2023-12-21,38149.0,9,11.09,0
CITY_117,basic,app,2024-11-30,,4,7.45,0
CITY_073,basic,phone,2024-05-16,,13,22.42,1
CITY_101,basic,web,2024-07-06,22629.0,10,23.22,0
CITY_126,basic,web,2023-04-06,17489.0,9,7.12,0
CITY_088,plus,web,2024-02-10,35740.0,1,37.14,0
CITY_163,basic,app,2024-11-13,24901.0,4,44.17,1
CITY_161,basic,phone,2023-11-14,17540.0,9,28.99,1
CITY_114,basic,phone,2024-11-02,24752.0,6,15.97,1
CITY_115,plus,web,2023-07-18,26175.0,5,20.39,0
CITY_095,basic,app,2024-07-02,57982.0,7,30.54,0
CITY_110,basic,web,2023-05-15,12268.0,7,27.34,1
CITY_008,plus,phone,2023-01-10,28317.0,10,27.39,1
CITY_179,plus,web,2024-06-03,25292.0,5,94.48,0
CITY_154,basic,app,2024-05-23,15815.0,5,12.83,1
CITY_044,basic,web,2023-09-24,13081.0,4,12.38,0
CITY_027,plus,web,2024-12-05,21737.0,4,40.45,0
CITY_104,basic,phone,2024-09-09,38947.0,4,28.23,1
CITY_018,plus,app,2023-01-19,51470.0,3,31.14,0
CITY_139,basic,app,2024-09-19,,9,6.75,0
CITY_068,pro,web,2023-05-16,17749.0,3,14.73,0
CITY_147,basic,app,2024-08-02,32366.0,7,25.76,1
CITY_176,plus,app,2024-10-19,30594.0,9,8.72,1
CITY_049,pro,app,2024-04-21,31305.0,4,19.0,0
CITY_075,basic,app,2024-03-15,22553.0,7,19.2,1
CITY_143,pro,app,2023-02-04,28696.0,7,33.02,0
CITY_018,basic,app,2024-01-02,28784.0,7,30.39,1
CITY_110,basic,web,2024-07-30,58304.0,4,10.57,0
CITY_003,plus,web,2024-08-08,11576.0,4,13.74,0
CITY_142,basic,web,2023-06-02,78443.0,5,30.42,0
CITY_100,pro,phone,2023-05-21,10730.0,3,31.15,0
CITY_086,basic,web,2024-02-23,29357.0,7,109.96,1
CITY_044,basic,web,2023-09-06,63797.0,14,38.65,0
CITY_138,basic,web,2024-06-02,47342.0,7,35.84,0
CITY_170,basic,web,2023-11-15,31757.0,4,45.35,1
CITY_064,basic,phone,2023-06-09,,6,97.62,1
CITY_179,plus,web,2024-07-16,96224.0,4,10.5,0
CITY_050,plus,phone,2023-11-06,16932.0,7,24.05,0
CITY_044,plus,app,2023-01-22,14796.0,6,27.61,0
CITY_025,plus,web,2024-06-11,37644.0,4,20.88,0
CITY_159,pro,app,2023-01-08,27513.0,7,7.85,1
CITY_078,basic,web,2024-12-06,7308.0,5,10.72,1
CITY_160,basic,web,2023-07-27,27285.0,2,21.9,1
CITY_035,basic,web,2023-06-27,11474.0,8,10.0,0
CITY_176,basic,app,2023-11-11,9327.0,9,187.1,0
CITY_142,plus,web,2024-06-28,15553.0,4,10.72,1
CITY_048,basic,app,2024-07-18,33465.0,5,39.81,1
CITY_130,basic,app,2024-09-14,28545.0,4,7.94,1
CITY_092,pro,web,2024-11-23,27203.0,6,31.91,0
CITY_020,plus,app,2023-10-20,12272.0,6,38.51,1
CITY_097,basic,web,2023-11-19,44939.0,4,120.17,1
CITY_079,plus,web,2024-10-31,38522.0,2,22.06,0
CITY_011,basic,phone,2024-02-15,27166.0,2,19.39,1
CITY_092,basic,phone,2024-03-20,43363.0,3,18.29,1
CITY_179,plus,web,2023-01-13,24535.0,5,115.9,1
CITY_156,plus,app,2023-10-27,33159.0,3,29.53,0
CITY_030,basic,web,2023-09-27,16300.0,7,13.94,1
CITY_179,basic,app,2023-01-24,93733.0,6,32.34,0
CITY_015,plus,web,2024-02-29,29110.0,5,17.67,1
CITY_107,plus,app,2024-10-28,24750.0,3,19.68,1
CITY_016,plus,phone,2024-08-23,13911.0,8,12.89,0
CITY_074,basic,web,2024-04-13,13011.0,3,37.91,1
CITY_048,basic,web,2024-11-03,9349.0,10,9.77,0
CITY_005,pro,app,2023-12-01,30712.0,4,126.41,1
CITY_087,basic,web,2024-12-29,38716.0,3,44.8,0
CITY_094,basic,web,2024-06-11,100231.0,3,76.95,0
CITY_127,basic,app,2024-02-12,57102.0,7,18.29,0
CITY_125,plus,web,2023-01-01,27222.0,5,30.16,0
CITY_118,plus,web,2024-02-20,11099.0,10,20.98,1
CITY_029,plus,app,2023-10-21,14807.0,6,29.49,0
CITY_168,basic,app,2023-01-30,31523.0,7,40.14,0
CITY_029,basic,web,2024-03-20,21727.0,13,82.36,1
CITY_157,plus,web,2024-03-28,15039.0,5,38.08,1
CITY_036,plus,app,2023-01-16,17615.0,7,32.35,1
CITY_051,basic,app,2024-05-07,31698.0,2,72.53,1
CITY_142,plus,app,2024-12-11,17419.0,11,28.79,1
CITY_007,basic,app,2023-10-01,50198.0,2,29.03,0
CITY_131,pro,app,2024-11-12,62527.0,8,62.63,0
CITY_171,basic,web,2023-04-19,95392.0,9,27.36,0
CITY_105,pro,app,2024-10-27,37003.0,10,58.02,0
CITY_028,plus,web,2023-09-16,57070.0,8,31.52,0
CITY_034,basic,phone,2023-12-17,20753.0,6,16.1,1
CITY_093,basic,web,2024-12-11,10889.0,8,50.05,1
CITY_007,plus,web,2024-04-20,36428.0,4,89.07,0
CITY_112,plus,web,2024-06-30,35169.0,7,12.88,0
CITY_011,plus,web,2024-12-21,19871.0,5,91.59,1
CITY_151,basic,web,2024-05-30,10126.0,3,12.97,1
CITY_088,plus,phone,2024-07-18,48504.0,6,35.95,0
CITY_143,plus,app,2023-08-31,37055.0,10,13.06,0
CITY_004,basic,app,2024-11-10,28262.0,4,15.1,0
CITY_145,basic,web,2023-01-17,18808.0,4,18.59,0
CITY_053,basic,web,2023-07-07,17217.0,5,10.29,0
CITY_037,basic,app,2023-03-06,12155.0,4,19.59,1
CITY_013,pro,app,2023-08-09,37345.0,3,44.34,0
CITY_022,plus,web,2024-07-10,7061.0,8,23.98,0
CITY_096,plus,app,2024-10-10,26738.0,5,28.02,0
CITY_066,plus,web,2023-12-23,9774.0,11,37.81,0
CITY_152,basic,app,2023-01-30,67825.0,6,30.32,0
CITY_154,basic,web,2023-12-16,36584.0,6,10.89,0
CITY_073,basic,web,2024-01-07,,8,18.11,1
CITY_026,pro,web,2023-04-13,27704.0,6,29.52,0
CITY_004,plus,app,2023-10-01,41340.0,14,60.66,0
CITY_001,basic,web,2023-03-16,17046.0,9,17.98,1
CITY_065,basic,web,2023-04-09,,8,9.48,0
CITY_151,pro,app,2024-11-05,17749.0,4,64.75,0
CITY_088,pro,web,2023-05-30,21816.0,1,7.4,0
CITY_123,basic,app,2023-10-12,41538.0,7,5.35,0
CITY_058,plus,phone,2024-10-28,34002.0,10,18.58,0
CITY_016,pro,app,2024-09-03,127710.0,6,8.92,0
CITY_035,basic,web,2024-12-24,158269.0,3,42.91,0
CITY_032,plus,web,2024-10-05,22281.0,5,10.92,0
CITY_019,basic,app,2023-04-12,47515.0,11,7.21,1
CITY_173,basic,web,2024-02-15,17489.0,7,34.82,1
CITY_047,basic,web,2023-06-09,,7,33.43,0
CITY_114,basic,web,2024-07-18,8326.0,5,51.29,1
CITY_020,basic,app,2023-10-16,,4,33.98,0
CITY_108,pro,phone,2024-05-12,39277.0,6,2.88,0
CITY_156,basic,app,2024-08-03,28715.0,5,45.54,1
CITY_018,plus,web,2023-01-11,15682.0,4,25.89,1
CITY_084,plus,web,2023-03-04,43931.0,5,17.6,0
CITY_100,plus,app,2023-07-10,17076.0,8,28.44,1
CITY_051,basic,web,2023-09-26,42243.0,6,8.3,0
CITY_122,pro,web,2024-08-15,,7,73.45,0
CITY_127,plus,web,2024-08-02,28612.0,6,47.88,0
CITY_093,basic,phone,2023-04-28,34674.0,4,60.87,1
CITY_068,basic,web,2024-01-12,14770.0,5,12.79,0
CITY_061,basic,web,2023-08-07,18772.0,6,9.22,0
CITY_117,pro,app,2024-05-07,22682.0,10,23.66,0
CITY_130,pro,web,2024-02-06,70461.0,8,53.18,0
CITY_003,pro,phone,2024-09-21,25434.0,7,57.16,0
CITY_064,plus,web,2024-04-26,74500.0,5,39.47,0
CITY_131,plus,web,2024-10-30,26237.0,4,69.93,0
CITY_056,plus,app,2024-05-14,30372.0,4,94.36,0
CITY_004,plus,web,2023-08-23,27423.0,4,45.23,0
CITY_000,basic,app,2023-10-12,24060.0,4,10.03,1
CITY_149,plus,app,2023-10-04,,7,14.53,1
CITY_029,pro,app,2024-05-28,11623.0,5,13.68,0
CITY_023,plus,web,2024-02-26,45193.0,1,80.46,1
CITY_172,basic,web,2023-04-03,18185.0,6,16.88,1
CITY_089,plus,phone,2024-03-28,19369.0,7,16.42,0
CITY_088,basic,app,2024-04-09,21238.0,8,51.2,1
CITY_136,pro,app,2023-12-13,22437.0,5,65.62,1
CITY_014,basic,web,2023-08-22,57629.0,8,24.89,0
CITY_053,basic,web,2024-12-30,51006.0,7,7.18,1
CITY_126,plus,phone,2024-05-29,30545.0,5,23.77,0
CITY_044,basic,web,2024-03-10,20719.0,11,52.5,0
CITY_121,basic,app,2023-10-03,41717.0,2,11.68,0
CITY_085,plus,web,2023-10-20,,9,20.48,0
CITY_108,plus,app,2023-04-27,8642.0,10,15.48,1
CITY_145,basic,app,2023-10-11,59194.0,4,45.62,0
CITY_155,basic,web,2024-06-08,57078.0,2,7.42,1
CITY_010,basic,phone,2024-07-31,13277.0,5,10.2,0
CITY_089,basic,web,2024-03-18,7329.0,4,19.17,1
CITY_026,basic,web,2024-11-29,38990.0,3,23.63,1
CITY_022,basic,web,2024-07-06,11912.0,4,39.25,0
CITY_165,plus,web,2023-01-03,42817.0,7,16.64,1
CITY_140,pro,app,2023-06-17,21158.0,6,17.29,0
CITY_126,plus,app,2023-08-19,38408.0,10,15.63,0
CITY_015,basic,phone,2024-06-27,16192.0,5,36.24,1
CITY_111,basic,web,2023-10-02,43717.0,14,15.78,0
CITY_178,basic,app,2024-09-29,25166.0,5,29.77,0
CITY_091,plus,app,2023-08-16,,10,31.87,0
CITY_126,plus,app,2024-05-04,29815.0,5,7.36,0
CITY_068,plus,app,2024-10-18,47566.0,6,15.44,0
CITY_008,basic,app,2023-12-12,74587.0,10,26.49,0
CITY_079,basic,web,2023-05-13,51250.0,10,22.47,0
CITY_035,pro,phone,2023-08-19,11816.0,7,42.25,1
CITY_107,basic,web,2024-05-08,24984.0,6,36.43,0
CITY_059,basic,web,2023-10-05,33424.0,2,20.41,0
CITY_044,basic,phone,2024-07-12,35266.0,8,21.05,0
CITY_139,basic,web,2023-12-17,45207.0,4,43.53,1
CITY_075,basic,app,2023-07-18,17803.0,13,16.75,0
CITY_155,plus,web,2023-06-26,20524.0,10,14.08,0
CITY_109,basic,phone,2023-08-27,10805.0,4,32.26,0
CITY_136,basic,app,2024-01-17,45015.0,3,31.12,1
CITY_051,plus,phone,2024-03-20,11822.0,5,43.49,1
CITY_141,basic,app,2023-05-11,16525.0,4,9.88,0
CITY_108,plus,web,2023-04-02,24841.0,3,11.69,1
CITY_046,basic,phone,2024-07-07,43350.0,8,12.11,1
CITY_057,plus,web,2024-12-29,6369.0,7,33.26,1
CITY_000,plus,phone,2024-04-01,13121.0,9,52.65,0
CITY_031,basic,app,2024-09-09,38915.0,6,23.23,1
CITY_102,basic,web,2023-07-28,13827.0,5,8.37,1
CITY_039,basic,web,2023-06-25,24919.0,11,30.02,0
CITY_019,basic,web,2023-01-12,40665.0,6,18.55,1
CITY_061,basic,web,2024-12-28,32855.0,6,9.17,1
CITY_174,plus,web,2023-06-13,38979.0,7,23.68,0
CITY_164,pro,web,2024-11-04,51838.0,13,16.56,1
CITY_120,plus,web,2024-04-07,34276.0,10,25.95,0
CITY_091,pro,web,2024-04-19,42871.0,6,8.93,0
CITY_177,plus,app,2024-12-03,24226.0,5,10.88,0
CITY_165,plus,app,2024-08-14,45016.0,6,40.47,1
CITY_012,pro,web,2023-05-16,25345.0,5,32.4,0
CITY_178,basic,app,2023-12-02,66291.0,4,48.3,1
CITY_061,pro,app,2024-09-17,30102.0,5,51.75,0
CITY_045,basic,app,2024-12-06,33857.0,4,12.5,0
CITY_129,basic,web,2024-02-03,32309.0,5,30.63,0
CITY_050,plus,app,2024-04-03,40722.0,7,44.2,0
CITY_087,basic,web,2024-08-04,,4,21.7,1
CITY_036,basic,web,2024-07-06,31380.0,7,11.59,0
CITY_057,plus,app,2023-01-25,62067.0,9,22.61,1
CITY_063,basic,web,2023-10-17,36141.0,7,19.71,1
CITY_149,basic,web,2024-06-19,31558.0,5,9.27,0
CITY_166,basic,phone,2024-01-14,18171.0,5,41.06,1
CITY_149,plus,app,2023-09-02,108062.0,11,8.31,0
CITY_064,plus,web,2024-12-15,34001.0,2,35.1,0
CITY_013,plus,app,2024-06-12,32765.0,6,27.47,0
CITY_167,basic,web,2024-11-30,20459.0,9,35.54,1
CITY_144,pro,web,2023-05-18,10457.0,8,48.29,1
CITY_035,plus,web,2023-02-01,19656.0,6,28.2,0
CITY_030,basic,app,2024-07-31,56947.0,7,8.3,1
CITY_126,basic,web,2024-04-19,25804.0,9,18.7,0
CITY_140,plus,app,2023-09-05,34213.0,8,21.76,0
CITY_142,basic,app,2023-10-25,32225.0,5,37.46,0
CITY_074,plus,app,2024-04-21,12801.0,4,29.24,1
CITY_023,basic,phone,2023-06-26,18688.0,2,9.56,1
CITY_070,plus,web,2023-08-09,,5,64.01,1
CITY_167,plus,web,2024-10-24,44164.0,2,24.0,0
CITY_165,basic,web,2024-05-21,28471.0,1,13.63,1
CITY_002,plus,phone,2023-07-29,58655.0,6,29.09,1
CITY_137,plus,web,2023-03-14,22792.0,7,38.69,1
CITY_132,basic,web,2023-02-25,33542.0,5,10.48,0
CITY_098,basic,web,2024-05-18,12863.0,7,4.91,1
CITY_054,plus,web,2024-03-25,15509.0,7,20.88,0
CITY_123,basic,web,2024-10-09,34814.0,7,9.84,0
CITY_179,plus,app,2024-03-05,15383.0,7,14.55,0
CITY_177,plus,phone,2024-05-26,20796.0,5,15.52,0
CITY_044,basic,phone,2024-05-23,14224.0,3,91.75,1
CITY_139,plus,web,2023-05-20,11706.0,6,17.65,1
CITY_147,basic,app,2024-10-15,32041.0,8,13.95,1
CITY_176,basic,app,2024-05-22,13646.0,5,19.16,1
CITY_021,basic,web,2024-12-17,16622.0,7,9.31,0
CITY_172,pro,web,2024-06-01,35893.0,7,38.2,0
CITY_134,pro,phone,2023-12-10,33884.0,8,9.65,0
CITY_150,basic,app,2023-02-06,27625.0,8,15.36,0
CITY_132,basic,app,2023-08-15,7962.0,12,10.88,0
CITY_098,plus,web,2023-07-10,41715.0,9,39.43,0
CITY_144,plus,phone,2024-08-08,21671.0,6,70.04,1
CITY_003,basic,web,2023-03-22,30190.0,2,12.97,1
CITY_019,plus,web,2024-01-27,89503.0,6,19.27,1
CITY_011,basic,app,2024-04-05,52167.0,9,46.43,1
CITY_115,basic,app,2023-06-20,11398.0,8,17.99,1
CITY_138,basic,app,2023-08-23,28058.0,8,19.54,0
CITY_112,basic,web,2024-12-09,41500.0,4,61.55,0
CITY_030,pro,web,2024-06-02,38493.0,4,63.78,1
CITY_047,basic,web,2023-02-09,25693.0,8,25.98,0
CITY_161,basic,phone,2024-05-25,29920.0,5,74.04,1
CITY_014,basic,web,2024-11-18,8231.0,5,25.9,1
CITY_151,basic,web,2024-10-06,,8,43.67,0
CITY_001,plus,app,2024-06-10,34381.0,5,23.22,0
CITY_035,basic,web,2024-12-19,20402.0,3,11.66,0
CITY_159,pro,app,2024-11-01,41823.0,1,20.83,0
CITY_111,basic,web,2023-03-22,45622.0,6,13.83,0
CITY_027,basic,web,2024-01-11,19527.0,2,31.24,1
CITY_111,basic,web,2024-06-28,21578.0,5,18.09,0
CITY_033,basic,web,2023-08-15,31838.0,5,22.29,1
CITY_140,basic,web,2023-02-25,19743.0,3,25.76,1
CITY_155,basic,app,2023-05-27,19190.0,4,4.86,0
CITY_129,basic,web,2024-04-26,18825.0,10,32.97,0
CITY_095,basic,app,2024-07-07,,11,22.51,0
CITY_144,basic,web,2023-01-15,,6,14.06,0
CITY_066,basic,web,2023-05-04,62314.0,5,10.87,0
CITY_155,basic,phone,2024-12-20,29565.0,6,17.3,1
CITY_056,basic,phone,2024-11-26,14555.0,3,8.85,0
CITY_074,plus,web,2023-10-20,29500.0,6,5.27,0
CITY_166,basic,web,2023-05-24,40624.0,8,51.71,0
CITY_042,basic,app,2023-03-24,,5,26.94,1
CITY_165,plus,phone,2023-03-04,20248.0,8,10.86,1
CITY_061,basic,app,2023-03-23,26783.0,9,26.02,0
CITY_034,basic,web,2023-04-07,109063.0,6,8.16,0
CITY_114,plus,app,2023-07-21,35186.0,6,22.17,1
CITY_070,basic,web,2024-05-08,20104.0,4,19.82,0
CITY_055,basic,web,2024-01-22,67747.0,6,18.95,1
CITY_040,basic,web,2023-12-22,33188.0,4,132.02,1
CITY_149,pro,app,2023-01-08,16742.0,2,11.53,0
CITY_142,plus,web,2023-06-26,20758.0,6,24.82,1
CITY_139,plus,web,2024-05-20,40530.0,8,16.65,0
CITY_042,plus,web,2024-03-07,18922.0,5,46.39,1
CITY_139,basic,app,2023-08-28,17206.0,7,32.52,1
CITY_110,basic,app,2024-11-04,40091.0,7,47.82,1
CITY_042,plus,web,2024-04-08,17034.0,6,14.66,0
CITY_086,basic,web,2024-12-10,65823.0,9,10.21,0
CITY_012,pro,app,2024-02-11,40913.0,7,23.13,0
CITY_122,basic,phone,2023-07-21,39884.0,5,5.27,1
CITY_047,basic,web,2024-05-11,41275.0,4,17.61,0
CITY_114,basic,app,2024-02-03,27101.0,3,18.16,0
CITY_137,basic,web,2024-09-09,56834.0,6,59.65,1
CITY_112,plus,app,2024-07-08,15522.0,8,8.71,1
CITY_119,plus,web,2023-12-11,47401.0,7,14.24,0
CITY_058,pro,web,2024-08-02,45838.0,6,16.77,0
CITY_159,basic,app,2023-12-08,30460.0,6,22.73,0
CITY_099,basic,web,2023-01-13,,4,18.85,0
CITY_026,pro,app,2024-08-09,33495.0,5,22.81,0
CITY_021,plus,web,2024-12-26,26244.0,3,29.58,1
CITY_098,basic,web,2024-02-28,30382.0,4,22.77,0
CITY_029,pro,web,2024-02-23,38878.0,4,30.28,0
CITY_009,pro,web,2024-03-25,19674.0,8,54.59,0
CITY_137,plus,app,2023-09-21,21965.0,7,18.7,0
CITY_159,pro,web,2024-07-08,26103.0,5,108.9,1
CITY_084,plus,web,2023-12-30,17204.0,7,25.97,1
CITY_028,basic,app,2024-02-07,41952.0,3,12.22,0
CITY_178,basic,app,2023-06-18,19083.0,5,34.82,1
CITY_044,plus,web,2024-07-13,22310.0,5,26.78,1
CITY_116,basic,web,2024-03-28,16250.0,8,51.45,1
CITY_124,plus,app,2024-02-09,27582.0,5,37.41,0
CITY_122,plus,app,2023-11-09,25793.0,6,56.8,1
CITY_172,pro,app,2023-11-11,15040.0,2,35.02,0
CITY_102,basic,web,2024-06-03,69305.0,4,45.02,0
CITY_070,basic,app,2023-02-22,18712.0,7,26.33,1
CITY_122,basic,web,2023-09-05,19640.0,7,10.18,0
CITY_088,pro,phone,2023-01-25,29232.0,7,81.93,0
CITY_120,basic,phone,2023-02-11,12774.0,4,51.57,1
CITY_082,basic,web,2023-08-14,19352.0,5,15.9,0
CITY_008,pro,web,2024-04-04,24102.0,7,6.37,0
CITY_146,plus,app,2024-11-03,22139.0,5,42.67,1
CITY_114,pro,phone,2024-03-10,19343.0,7,22.57,1
CITY_059,basic,web,2023-08-01,20252.0,6,12.51,0
CITY_155,basic,web,2024-01-01,24207.0,6,65.6,1
CITY_012,basic,web,2024-10-25,,2,28.13,1
CITY_088,basic,app,2023-08-13,30607.0,3,46.65,1
CITY_091,basic,app,2024-05-09,92849.0,6,26.59,1
CITY_117,basic,web,2023-02-22,54457.0,5,11.66,0
CITY_012,plus,web,2024-08-21,21883.0,3,30.32,0
CITY_070,basic,web,2023-07-12,49880.0,3,26.78,0
CITY_041,plus,app,2023-06-01,18443.0,3,16.02,0
CITY_030,basic,phone,2023-02-08,41603.0,10,13.65,0
CITY_004,basic,app,2023-07-31,12580.0,4,19.29,1
CITY_085,basic,app,2023-11-09,32401.0,4,46.23,1
CITY_148,basic,web,2023-06-14,21294.0,5,38.25,1
CITY_128,pro,app,2023-03-07,39530.0,7,5.79,0
CITY_111,plus,web,2023-01-13,35432.0,3,19.84,0
CITY_091,basic,web,2024-03-05,28717.0,4,41.96,1
CITY_172,basic,app,2023-04-29,,4,16.94,0
CITY_174,basic,web,2024-09-15,20827.0,2,14.14,1
CITY_174,pro,app,2023-11-08,22772.0,5,53.38,0
CITY_096,plus,web,2024-02-06,10686.0,6,31.59,0
CITY_150,plus,web,2024-02-19,32055.0,9,8.15,1
CITY_083,basic,phone,2024-07-05,30493.0,4,12.16,0
CITY_170,plus,web,2024-09-26,23153.0,12,6.97,0
CITY_137,plus,phone,2024-10-19,11977.0,6,21.62,1
CITY_148,basic,web,2023-11-11,23865.0,2,13.29,0
CITY_114,basic,app,2023-07-18,17774.0,5,47.09,1
CITY_067,basic,app,2024-06-27,74225.0,3,29.59,0
CITY_169,basic,app,2024-11-19,24846.0,9,29.62,0
CITY_103,basic,app,2024-10-09,26278.0,3,30.1,0
CITY_032,plus,app,2023-01-16,20609.0,7,90.85,0
CITY_063,plus,app,2023-08-30,9929.0,2,18.53,1
CITY_118,basic,web,2024-02-08,,5,18.3,0
CITY_105,plus,app,2024-05-27,47581.0,10,10.19,0
CITY_075,basic,app,2023-12-25,,10,10.9,0
CITY_037,plus,web,2023-02-19,29858.0,3,38.73,1
CITY_167,basic,web,2023-06-01,31956.0,9,36.45,1
CITY_118,basic,app,2023-12-25,48178.0,4,20.45,1
CITY_097,plus,web,2023-03-07,33077.0,5,32.23,0
CITY_040,basic,app,2024-04-09,22248.0,9,39.4,0
CITY_116,basic,web,2024-06-05,38606.0,6,7.57,1
CITY_073,plus,phone,2023-05-05,49327.0,6,72.39,1
CITY_170,plus,web,2024-11-04,29969.0,13,13.44,0
CITY_047,plus,app,2023-04-21,54674.0,7,28.79,0
CITY_099,basic,web,2023-10-26,44201.0,5,25.62,1
CITY_095,basic,web,2024-03-20,30996.0,5,52.96,1
CITY_102,basic,phone,2023-09-18,35529.0,6,27.94,1
CITY_050,basic,web,2023-02-10,16813.0,4,36.03,1
CITY_020,basic,web,2024-06-01,66849.0,7,12.09,0
CITY_052,basic,app,2023-12-21,16326.0,2,21.61,0
CITY_092,plus,web,2023-03-09,11036.0,3,2.61,1
CITY_118,basic,web,2023-09-19,23819.0,3,22.46,0
CITY_038,basic,web,2024-06-17,18026.0,8,33.32,1
CITY_021,basic,phone,2024-05-25,36435.0,3,32.56,1
CITY_060,pro,web,2024-04-24,12395.0,8,6.47,0
CITY_156,plus,app,2023-08-24,36865.0,8,44.29,0
CITY_121,basic,app,2023-03-22,23446.0,7,38.13,1
CITY_003,basic,app,2024-02-28,12149.0,6,17.34,1
CITY_032,basic,web,2023-01-18,23472.0,7,21.88,0
CITY_099,basic,app,2023-11-24,16852.0,5,18.63,1
CITY_050,basic,phone,2024-11-29,,1,12.3,1
CITY_046,basic,web,2024-12-27,17134.0,4,26.84,1
CITY_179,plus,web,2024-01-14,18991.0,4,76.81,1
CITY_075,pro,phone,2024-06-27,14996.0,2,12.33,0
CITY_058,basic,web,2023-07-29,72912.0,4,11.23,0
CITY_115,basic,app,2023-04-20,42710.0,10,16.26,0
CITY_166,pro,app,2024-09-04,41496.0,3,11.5,0
CITY_159,pro,app,2024-11-06,,3,29.14,0
CITY_167,basic,web,2023-12-16,12561.0,5,9.29,1
CITY_025,plus,web,2024-05-12,31063.0,3,12.21,1
CITY_007,basic,web,2024-08-12,28955.0,6,10.56,0
CITY_116,plus,web,2023-09-21,22508.0,2,11.18,0
CITY_151,basic,web,2024-10-25,19088.0,6,22.26,0
CITY_124,basic,web,2023-12-17,4928.0,7,6.44,1
CITY_059,basic,app,2024-01-05,,3,22.99,1
CITY_086,basic,app,2024-05-13,16472.0,8,8.12,1
CITY_146,basic,web,2023-06-11,29382.0,3,23.59,0
CITY_090,basic,web,2024-04-19,34236.0,8,31.76,0
CITY_094,basic,web,2023-08-10,17628.0,6,8.34,0
CITY_099,plus,web,2024-08-07,70219.0,9,63.97,0
CITY_032,plus,web,2024-01-31,18520.0,6,11.38,0
CITY_100,basic,web,2023-05-24,13890.0,7,15.28,1
CITY_095,pro,web,2023-12-03,17517.0,7,71.42,0
CITY_103,plus,app,2024-10-29,48262.0,7,34.08,0
CITY_018,plus,web,2024-07-16,7127.0,6,8.84,1
CITY_148,basic,web,2024-04-03,16907.0,7,6.88,0
CITY_004,plus,app,2023-10-06,62270.0,8,30.64,1
CITY_042,basic,web,2024-06-04,31455.0,7,36.53,1
CITY_023,pro,app,2024-04-10,,3,28.58,1
CITY_011,basic,app,2024-08-25,53624.0,5,6.9,0
CITY_018,plus,app,2024-02-21,30864.0,6,43.93,0
CITY_178,plus,web,2024-08-19,27514.0,8,60.25,1
CITY_070,plus,web,2023-05-18,9086.0,5,42.72,1
CITY_107,plus,app,2023-12-30,32886.0,14,72.91,0
CITY_048,basic,app,2023-08-24,25616.0,7,32.17,0
CITY_091,basic,app,2023-11-05,45346.0,2,12.34,0
CITY_152,plus,web,2024-03-12,,6,22.61,1
CITY_039,basic,web,2023-05-18,14573.0,11,2.25,0
CITY_164,basic,web,2024-11-22,21594.0,11,26.81,0
CITY_006,plus,web,2023-11-10,44317.0,5,118.65,0
CITY_103,basic,web,2023-02-19,13697.0,11,14.88,0
CITY_014,basic,phone,2023-08-28,19406.0,10,51.64,1
CITY_108,basic,app,2023-06-22,19131.0,7,10.68,0
CITY_058,pro,web,2023-03-27,18364.0,8,18.89,0
CITY_078,plus,phone,2023-11-27,13829.0,2,15.33,0
CITY_117,basic,web,2024-10-17,26590.0,4,6.06,0
CITY_098,basic,web,2023-06-11,16690.0,9,92.62,0
CITY_170,basic,web,2024-07-15,14957.0,5,31.75,1
CITY_002,plus,web,2023-09-10,28765.0,5,26.0,1
CITY_000,basic,app,2023-09-24,18362.0,8,16.15,1
CITY_032,basic,phone,2024-02-02,20736.0,7,15.94,1
CITY_046,plus,web,2024-11-07,30859.0,12,12.68,0
CITY_121,basic,web,2023-05-14,17783.0,7,52.08,1
CITY_153,plus,app,2023-03-24,15643.0,0,8.29,0
CITY_124,pro,app,2024-04-19,22191.0,7,50.61,1
CITY_107,basic,web,2023-12-17,22597.0,6,22.56,0
CITY_118,plus,web,2023-10-01,36703.0,5,41.57,0
CITY_051,basic,phone,2023-10-21,22986.0,10,12.95,1
CITY_158,basic,web,2024-03-19,21277.0,10,11.0,0
CITY_111,plus,phone,2024-11-20,29143.0,9,12.9,1
CITY_054,plus,phone,2024-12-11,21596.0,7,2.07,0
CITY_124,basic,app,2023-10-13,16684.0,9,26.2,1
CITY_068,plus,app,2024-07-11,24524.0,9,36.13,0
CITY_045,basic,web,2024-11-01,32005.0,8,18.55,0
CITY_068,plus,app,2024-12-08,27309.0,8,22.65,0
CITY_171,basic,app,2023-08-30,11505.0,13,5.01,1
CITY_020,basic,web,2023-08-25,44179.0,3,9.48,1
CITY_085,plus,app,2023-10-07,16924.0,4,14.63,0
CITY_003,basic,phone,2024-07-27,21037.0,6,8.79,1
CITY_022,plus,phone,2024-06-12,37747.0,2,49.29,0
CITY_169,pro,app,2023-05-03,26106.0,10,89.07,1
CITY_112,plus,app,2024-01-23,22436.0,8,28.42,0
CITY_123,basic,app,2023-06-22,48887.0,8,24.22,0
CITY_176,plus,web,2023-03-24,71529.0,2,10.15,0
CITY_085,basic,web,2024-12-21,25346.0,3,23.25,0
CITY_068,plus,web,2023-10-24,38051.0,9,17.07,0
CITY_044,basic,phone,2023-11-08,39456.0,5,21.68,0
CITY_133,basic,app,2023-07-24,15040.0,5,42.34,0
CITY_174,plus,app,2023-10-26,26674.0,5,19.09,0
CITY_068,plus,app,2023-02-21,,5,31.86,0
CITY_094,plus,app,2024-11-09,59134.0,6,35.9,0
CITY_118,plus,web,2023-10-18,,5,33.87,1
CITY_122,basic,web,2024-10-19,14889.0,7,106.24,1
CITY_152,basic,web,2023-11-10,23841.0,8,9.57,0
CITY_127,basic,web,2024-08-13,21984.0,8,25.68,0
CITY_152,plus,web,2024-10-17,,4,68.81,1
CITY_108,plus,app,2023-07-30,36279.0,8,20.5,0
CITY_149,pro,phone,2023-06-21,10616.0,5,23.87,0
CITY_138,plus,app,2023-11-07,,5,18.37,0
CITY_040,basic,web,2023-10-09,26945.0,5,50.54,1
CITY_009,plus,app,2023-05-09,8424.0,3,17.32,1
CITY_057,basic,app,2023-06-15,29815.0,10,17.61,0
CITY_112,basic,phone,2023-11-12,16577.0,2,36.15,1
CITY_066,plus,web,2023-12-28,22506.0,9,10.8,1
CITY_073,basic,app,2024-04-17,22130.0,3,9.42,0
CITY_054,plus,app,2023-06-11,30048.0,4,10.17,1
CITY_109,plus,app,2023-10-29,22838.0,7,22.34,0
CITY_179,plus,phone,2024-10-24,16092.0,5,8.79,0
CITY_160,basic,web,2024-12-29,14923.0,3,34.74,0
CITY_037,plus,app,2023-03-11,42306.0,6,5.36,0
CITY_094,basic,web,2023-08-12,14734.0,6,6.71,0
CITY_179,plus,app,2024-05-12,23773.0,9,21.38,0
CITY_013,plus,web,2023-10-29,59109.0,10,31.44,0
CITY_141,basic,phone,2024-10-05,26590.0,4,12.28,0
CITY_073,basic,web,2023-11-25,69486.0,4,4.46,1
CITY_164,basic,web,2023-04-19,55647.0,5,10.94,0
CITY_101,basic,phone,2024-12-09,119638.0,4,21.86,0
CITY_015,basic,web,2024-04-30,29911.0,10,19.65,0
CITY_152,plus,app,2024-04-18,8910.0,6,56.73,1
CITY_178,pro,web,2024-07-19,22062.0,6,12.12,0
CITY_097,plus,app,2023-06-11,,4,17.86,0
CITY_139,basic,web,2024-12-24,36588.0,5,6.9,0
CITY_170,plus,web,2024-06-29,,5,27.19,0
CITY_062,plus,web,2023-04-19,44031.0,4,32.22,0
CITY_035,basic,web,2023-09-18,86484.0,2,22.63,0
CITY_128,basic,web,2023-02-02,28139.0,4,131.8,1
CITY_056,basic,phone,2024-10-24,28432.0,7,9.16,0
CITY_101,plus,app,2023-11-02,28589.0,8,6.49,1
CITY_135,basic,web,2023-07-28,39162.0,6,27.49,1
CITY_104,basic,phone,2024-02-18,25024.0,7,10.85,0
CITY_142,basic,app,2023-09-13,25429.0,8,18.18,0
CITY_100,basic,web,2023-03-01,26926.0,4,51.63,1
CITY_139,basic,web,2024-03-20,30729.0,3,17.53,1
CITY_114,plus,app,2024-07-08,20303.0,6,5.44,1
CITY_014,basic,app,2024-09-22,6211.0,5,23.63,1
CITY_048,basic,web,2023-03-27,,5,18.55,0
CITY_104,basic,app,2023-03-27,30817.0,8,53.38,1
CITY_035,basic,web,2024-03-06,28215.0,6,11.34,0
CITY_079,plus,web,2024-01-29,102334.0,1,13.41,0
CITY_089,basic,app,2024-07-01,17682.0,9,70.75,1
CITY_048,plus,app,2024-12-30,35837.0,2,13.8,0
CITY_167,basic,web,2023-03-11,16060.0,6,9.05,0
CITY_105,plus,web,2024-02-26,11225.0,3,21.2,0
CITY_016,basic,web,2024-01-07,22571.0,7,12.16,1
CITY_113,basic,web,2023-07-10,63118.0,6,20.27,1
CITY_065,plus,web,2024-03-08,41831.0,4,13.49,0
CITY_060,basic,app,2023-03-04,35559.0,4,19.56,0
CITY_131,plus,web,2023-10-18,24015.0,7,36.57,0
CITY_134,plus,app,2024-03-04,,4,8.28,0
CITY_025,basic,web,2024-04-23,21328.0,5,15.46,0
CITY_034,pro,web,2023-02-24,38664.0,3,9.14,0
CITY_104,basic,web,2024-09-17,59374.0,4,89.11,1
CITY_003,plus,phone,2023-02-19,33153.0,3,43.36,0
CITY_025,basic,app,2023-08-13,34487.0,6,9.64,1
CITY_054,pro,app,2023-09-27,17419.0,7,20.4,0
CITY_104,pro,app,2023-04-26,35146.0,4,13.48,1
CITY_090,basic,app,2024-01-17,12459.0,8,16.93,0
CITY_082,pro,app,2024-09-22,26306.0,11,81.53,1
CITY_142,basic,web,2024-03-11,12675.0,3,41.86,0
CITY_090,pro,web,2023-05-14,40685.0,6,11.12,0
CITY_146,pro,app,2024-11-18,,3,8.28,0
CITY_082,plus,phone,2024-01-19,18189.0,4,13.7,1
CITY_085,basic,phone,2023-07-02,10094.0,10,7.43,0
CITY_059,basic,web,2024-06-14,28158.0,0,24.16,1
CITY_179,basic,web,2024-09-17,24560.0,2,27.27,1
CITY_053,pro,web,2023-01-26,74632.0,7,36.43,0
CITY_012,plus,phone,2023-09-02,23151.0,8,15.8,0
CITY_175,basic,app,2024-03-06,21591.0,2,8.74,0
CITY_021,basic,web,2023-08-17,51507.0,2,39.34,1
CITY_031,basic,phone,2023-03-05,25858.0,7,8.61,0
CITY_098,basic,web,2024-12-22,18490.0,9,84.93,1
CITY_133,basic,web,2023-05-13,24527.0,9,14.69,0
CITY_054,basic,web,2023-08-22,19257.0,2,14.69,1
CITY_155,plus,web,2023-06-25,17539.0,6,51.68,0
CITY_175,basic,web,2023-09-02,59739.0,10,4.15,0
CITY_100,plus,web,2024-10-30,12665.0,7,67.48,0
CITY_162,plus,web,2024-12-28,38661.0,5,13.67,1
CITY_030,basic,web,2023-08-25,25010.0,9,18.76,0
CITY_129,basic,app,2024-12-26,29211.0,6,21.15,0
CITY_032,basic,web,2024-06-13,45456.0,2,29.44,0
CITY_102,plus,web,2023-06-02,31370.0,5,35.36,1
CITY_066,plus,web,2024-11-23,14768.0,2,91.68,1
CITY_066,plus,web,2023-11-10,19991.0,5,53.26,1
CITY_140,plus,web,2024-04-07,38084.0,8,11.91,0
CITY_115,pro,web,2023-07-19,24798.0,8,39.83,1
CITY_028,plus,web,2024-05-19,52072.0,4,27.31,0
CITY_071,plus,web,2023-11-22,15387.0,4,38.02,0
CITY_120,basic,web,2023-09-10,6607.0,7,26.78,1
CITY_112,basic,app,2023-11-11,83640.0,5,30.33,0
CITY_066,basic,web,2024-07-08,16156.0,3,17.07,1
CITY_048,basic,web,2023-01-16,11969.0,7,7.19,0
CITY_110,basic,app,2023-11-25,36828.0,3,24.46,1
CITY_166,pro,app,2024-09-01,45776.0,3,52.68,0
CITY_050,plus,app,2024-11-30,22565.0,9,17.76,0
CITY_044,basic,app,2023-03-27,64729.0,5,11.28,0
CITY_029,pro,app,2024-01-31,,6,30.75,1
CITY_027,plus,web,2023-02-16,25235.0,5,75.62,0
CITY_092,pro,phone,2024-10-13,,6,18.3,0
CITY_095,basic,app,2024-12-09,19779.0,2,30.8,0
CITY_111,plus,app,2024-01-26,59202.0,6,13.83,0
CITY_110,basic,app,2024-09-13,15735.0,7,27.57,1
CITY_173,basic,web,2023-11-23,13633.0,12,61.64,1
CITY_019,pro,web,2023-03-10,37275.0,6,12.36,0
CITY_057,pro,web,2024-06-29,45708.0,5,17.53,0
CITY_084,plus,web,2024-03-08,25996.0,5,56.32,0
CITY_115,basic,app,2024-10-26,33181.0,5,10.82,1
CITY_057,plus,app,2023-02-02,12482.0,7,31.13,0
CITY_031,pro,web,2023-12-12,37157.0,4,24.29,0
CITY_135,basic,phone,2023-04-02,32894.0,10,7.41,1
CITY_088,basic,app,2023-01-05,24255.0,9,30.44,0
CITY_079,basic,app,2023-09-26,45833.0,5,44.5,0
CITY_031,plus,app,2023-05-14,16302.0,7,10.5,1
CITY_086,pro,phone,2023-04-21,13546.0,3,40.16,1
CITY_068,basic,app,2024-10-11,23678.0,3,55.55,1
CITY_103,plus,web,2024-09-22,12601.0,4,45.92,1
CITY_035,basic,app,2024-06-21,25622.0,5,43.85,1
CITY_111,basic,web,2024-03-20,15647.0,11,10.85,1
CITY_020,pro,app,2023-08-14,16437.0,5,37.71,1
CITY_142,basic,web,2023-05-05,33572.0,6,14.18,0
CITY_120,basic,web,2024-03-01,,7,20.66,0
CITY_171,plus,web,2023-11-21,16799.0,3,34.03,1
CITY_055,plus,phone,2023-05-02,45158.0,6,32.26,0
CITY_087,basic,web,2024-06-20,44150.0,6,12.87,0
CITY_075,basic,web,2023-07-21,12244.0,8,10.09,0
CITY_075,pro,app,2024-05-20,22003.0,8,30.8,0
CITY_044,basic,app,2024-01-27,39886.0,4,12.53,0
CITY_167,basic,app,2023-11-05,,15,90.62,1
CITY_134,basic,app,2023-10-04,14544.0,6,34.73,1
CITY_026,basic,web,2024-07-20,17476.0,7,26.71,1
CITY_097,plus,app,2023-02-22,38666.0,3,12.14,0
CITY_060,basic,phone,2023-07-07,9047.0,8,29.49,0
CITY_064,basic,web,2023-12-21,15195.0,4,72.95,0
CITY_116,basic,app,2023-04-28,55678.0,7,33.18,1
CITY_053,basic,web,2024-10-13,,11,33.83,0
CITY_066,plus,app,2023-03-15,7882.0,7,45.48,0
CITY_141,basic,web,2024-09-30,,4,32.57,1
CITY_178,plus,web,2023-11-26,41462.0,5,40.39,0
CITY_137,pro,app,2023-02-20,34847.0,7,17.39,0
CITY_040,pro,web,2024-02-09,54399.0,6,56.3,0
CITY_026,basic,app,2024-01-09,24206.0,6,3.29,1
CITY_037,basic,phone,2024-11-16,27268.0,6,14.39,1
CITY_061,plus,web,2024-08-04,27330.0,8,23.51,1
CITY_140,basic,web,2024-06-15,10497.0,4,14.86,1
CITY_102,pro,app,2024-09-06,24421.0,4,17.44,0
CITY_071,basic,app,2023-08-25,43451.0,4,26.12,1
CITY_105,plus,web,2023-02-27,12731.0,8,21.09,0
CITY_042,basic,web,2023-06-12,67563.0,11,43.46,0
CITY_175,basic,app,2024-09-13,63451.0,3,62.94,0
CITY_067,plus,web,2023-03-22,28696.0,6,7.67,0
CITY_034,basic,web,2024-11-23,38807.0,7,13.91,1
CITY_106,basic,app,2023-11-24,15089.0,6,17.95,0
CITY_118,basic,web,2024-11-09,38794.0,5,6.25,0
CITY_083,plus,app,2024-05-22,24943.0,7,21.16,1
CITY_177,basic,app,2024-10-17,22751.0,6,5.69,1
CITY_073,basic,web,2023-05-04,15290.0,4,107.49,1
CITY_148,plus,web,2023-07-17,,7,2.72,0
CITY_098,basic,web,2023-02-04,22845.0,8,10.32,0
CITY_004,basic,web,2023-04-05,55977.0,7,13.62,0
CITY_028,basic,web,2023-09-26,22754.0,4,13.2,0
CITY_003,plus,app,2024-02-11,33341.0,8,31.77,1
CITY_002,plus,app,2023-02-08,47295.0,11,52.93,1
CITY_007,basic,web,2023-07-29,25335.0,2,7.34,0
CITY_007,plus,phone,2024-02-22,18471.0,7,23.05,0
CITY_028,basic,phone,2023-12-16,27403.0,4,29.08,0
CITY_122,basic,phone,2023-12-07,,6,41.41,0
CITY_086,basic,app,2023-11-18,29095.0,8,17.26,0
CITY_029,basic,app,2023-02-06,36683.0,7,25.95,1
CITY_145,basic,web,2023-09-17,65792.0,4,18.34,1
CITY_125,basic,app,2024-01-31,17628.0,6,25.45,1
CITY_068,pro,web,2023-10-02,14551.0,7,36.75,1
CITY_019,basic,phone,2024-10-22,30269.0,6,13.14,1
CITY_022,pro,web,2023-05-25,23524.0,7,7.67,0
CITY_016,pro,web,2024-12-20,71270.0,5,32.99,0
CITY_078,plus,app,2023-02-20,103730.0,5,17.1,0
CITY_018,plus,web,2023-12-12,24247.0,4,89.7,1
CITY_129,plus,web,2024-05-06,,3,19.64,0
CITY_155,plus,app,2023-09-11,40941.0,1,28.06,1
CITY_133,basic,web,2024-10-01,22408.0,7,42.4,0
CITY_028,basic,phone,2024-03-18,,7,26.94,0
CITY_053,basic,app,2023-04-20,33592.0,10,23.28,0
CITY_100,basic,phone,2023-12-21,17396.0,6,22.68,1
CITY_013,basic,app,2024-01-15,45889.0,3,51.72,0
CITY_104,plus,web,2023-11-06,,4,39.12,0
CITY_103,pro,web,2024-11-20,37928.0,5,12.06,1
CITY_161,basic,web,2024-11-10,35890.0,3,6.24,1
CITY_113,basic,phone,2024-04-16,17639.0,6,4.94,1
CITY_070,plus,app,2024-08-15,65161.0,4,9.63,1
CITY_074,basic,app,2024-10-26,15939.0,5,13.95,0
CITY_028,pro,web,2024-12-13,46992.0,5,14.63,0
CITY_175,plus,web,2023-05-10,12345.0,9,36.32,1
CITY_026,basic,web,2024-10-26,,5,12.15,0
CITY_007,pro,app,2023-04-15,12976.0,5,16.3,0
CITY_106,basic,app,2023-04-10,47278.0,5,17.88,1
CITY_142,plus,phone,2024-09-25,9980.0,7,31.46,1
CITY_043,basic,web,2023-07-06,14022.0,8,7.75,1
CITY_001,basic,app,2023-01-27,39172.0,6,62.62,1
CITY_118,plus,web,2024-09-20,19006.0,9,24.93,1
CITY_122,plus,app,2023-01-28,29372.0,4,24.64,0
CITY_101,plus,app,2024-04-06,61413.0,9,9.48,0
CITY_038,pro,web,2024-03-31,25256.0,5,12.22,0
CITY_130,basic,app,2024-03-11,13158.0,10,19.69,1
CITY_049,pro,web,2024-11-27,56399.0,6,23.99,0
CITY_073,basic,app,2023-07-08,24803.0,6,16.68,0
CITY_167,basic,phone,2024-12-28,13974.0,6,11.3,1
CITY_161,plus,phone,2024-09-03,39493.0,6,7.91,0
CITY_126,basic,app,2024-12-23,16903.0,9,16.31,0
CITY_013,basic,web,2023-01-13,26935.0,7,5.68,0
CITY_137,basic,app,2023-02-12,29106.0,6,10.63,0
CITY_032,plus,app,2024-10-03,30615.0,4,37.63,0
CITY_045,plus,app,2023-08-15,28405.0,5,10.19,1
CITY_092,basic,web,2024-05-27,,4,30.34,1
CITY_055,basic,app,2024-12-23,23035.0,4,12.51,1
CITY_043,basic,app,2023-12-09,26401.0,7,42.64,1
CITY_042,basic,web,2023-07-17,35563.0,3,11.09,0
CITY_107,basic,web,2023-06-28,,9,12.04,1
CITY_015,basic,web,2024-10-21,13254.0,9,10.48,1
CITY_120,basic,app,2024-09-12,14132.0,2,7.35,0
CITY_162,basic,app,2024-06-17,26765.0,10,9.66,0
CITY_077,basic,web,2023-08-05,40962.0,4,13.54,0
CITY_003,basic,web,2024-02-29,34540.0,3,23.52,1
CITY_176,basic,web,2023-08-24,5167.0,6,33.64,1
CITY_120,plus,app,2024-08-17,47572.0,8,52.26,0
CITY_069,pro,app,2024-01-17,20997.0,8,24.93,0
CITY_141,pro,app,2023-08-15,17783.0,6,15.16,1
CITY_031,basic,web,2023-01-23,38174.0,2,23.41,1
CITY_010,basic,web,2023-09-24,22160.0,4,7.56,0
CITY_033,basic,phone,2023-03-09,36235.0,5,40.93,1
CITY_011,basic,web,2023-01-23,47118.0,8,27.63,0
CITY_127,plus,web,2023-12-05,26254.0,5,12.27,0
CITY_045,basic,web,2023-07-16,,3,24.64,0
CITY_029,plus,web,2024-09-28,25392.0,3,33.45,0
CITY_116,basic,phone,2023-06-30,23864.0,4,65.64,1
CITY_068,basic,web,2024-06-11,27265.0,6,8.73,0
CITY_088,basic,app,2024-08-01,21077.0,4,11.12,1
CITY_099,basic,phone,2024-12-20,42369.0,8,33.2,0
CITY_089,basic,web,2024-03-28,27378.0,4,65.56,1
CITY_026,plus,web,2024-02-24,44172.0,1,19.21,0
CITY_175,basic,web,2023-11-22,31838.0,5,5.26,0
CITY_153,pro,app,2024-01-14,20167.0,6,16.76,0
CITY_148,pro,app,2024-09-23,44347.0,9,41.77,0
CITY_146,basic,phone,2024-10-18,18132.0,8,42.53,1
CITY_007,plus,app,2024-09-12,50963.0,7,30.5,0
CITY_015,pro,web,2024-01-27,55528.0,10,9.96,0
CITY_004,basic,app,2023-09-06,60580.0,8,6.78,0
CITY_104,pro,web,2024-03-25,19841.0,7,30.65,1
CITY_063,basic,web,2024-10-18,35315.0,7,18.98,1
CITY_000,plus,web,2023-05-07,19602.0,8,49.26,0
CITY_160,basic,app,2023-08-01,55801.0,4,4.9,1
CITY_115,plus,web,2023-07-31,62864.0,6,16.76,0
CITY_022,basic,app,2023-04-17,38176.0,6,43.89,0
CITY_137,plus,web,2024-09-15,,3,30.51,1
CITY_109,plus,web,2024-02-06,57685.0,7,11.5,1
CITY_083,plus,app,2024-09-29,23717.0,3,28.25,0
CITY_159,pro,app,2024-03-04,40179.0,5,19.78,0
CITY_137,basic,web,2024-07-11,38556.0,12,82.5,1
CITY_084,basic,app,2024-03-27,,7,24.22,1
CITY_131,plus,web,2023-07-28,25043.0,3,41.3,1
CITY_043,plus,phone,2023-11-15,79122.0,7,26.56,1
CITY_124,basic,app,2023-03-17,16781.0,5,17.22,0
CITY_079,basic,app,2023-09-16,12054.0,6,26.04,1
CITY_157,pro,web,2023-01-03,31277.0,5,101.7,0
CITY_117,plus,phone,2023-08-30,23365.0,4,10.97,1
CITY_134,pro,phone,2024-10-04,19969.0,7,10.26,1
CITY_151,basic,web,2024-02-12,12245.0,7,21.11,1
CITY_063,basic,phone,2023-06-24,27829.0,3,9.85,0
CITY_038,basic,phone,2023-07-12,27916.0,6,12.16,0
CITY_167,basic,web,2024-07-16,22943.0,3,29.0,0
CITY_083,pro,phone,2023-03-20,20175.0,7,27.0,0
CITY_133,basic,web,2023-01-01,13828.0,5,15.07,0
CITY_153,basic,web,2024-07-30,25657.0,6,61.45,1
CITY_149,basic,web,2023-05-25,24687.0,8,82.76,0
CITY_141,basic,app,2023-04-04,25004.0,3,11.36,0
CITY_065,plus,phone,2024-09-14,32395.0,3,20.76,0
CITY_146,basic,web,2024-11-21,22944.0,6,10.89,1
CITY_142,basic,web,2023-09-20,26259.0,6,13.81,0
CITY_144,basic,web,2024-08-11,60149.0,5,18.09,1
CITY_062,pro,web,2024-04-17,32913.0,7,12.36,0
CITY_156,plus,app,2023-01-06,18266.0,6,8.93,0
CITY_123,pro,app,2023-01-07,19177.0,4,25.29,0
CITY_141,basic,web,2023-03-18,11042.0,7,82.05,1
CITY_081,basic,app,2023-11-25,21385.0,7,53.98,0
CITY_060,basic,web,2023-09-16,27226.0,7,18.56,1
CITY_160,plus,app,2024-06-12,43833.0,5,9.62,1
CITY_073,plus,web,2024-08-27,15019.0,6,8.33,0
CITY_128,basic,web,2024-01-31,51551.0,5,14.53,1
CITY_057,basic,web,2024-12-15,30175.0,5,17.65,0
CITY_070,basic,app,2023-03-05,35394.0,4,8.44,1
CITY_151,basic,web,2024-02-05,45177.0,5,18.72,0
CITY_144,basic,app,2024-04-12,34655.0,14,13.01,0
CITY_077,basic,app,2024-06-19,18940.0,7,36.58,0
CITY_034,basic,phone,2024-07-09,21417.0,7,17.67,0
CITY_034,plus,app,2023-11-18,47129.0,8,33.94,0
CITY_003,plus,app,2024-08-19,,5,19.97,0
CITY_157,plus,web,2024-04-27,27400.0,6,35.09,1
CITY_133,plus,app,2024-10-20,,8,6.15,1
CITY_111,basic,app,2023-05-19,39645.0,5,5.86,0
CITY_179,basic,app,2024-12-28,17503.0,3,26.43,1
CITY_131,basic,app,2024-05-25,16654.0,8,32.42,1
CITY_080,basic,app,2024-02-04,39311.0,4,14.54,1
CITY_028,pro,phone,2023-12-17,40515.0,9,38.38,0
CITY_016,basic,phone,2024-09-09,11012.0,2,34.29,1
CITY_132,basic,app,2023-02-21,36905.0,4,9.48,1
CITY_119,basic,web,2024-12-18,22936.0,5,21.91,0
CITY_173,plus,web,2024-03-03,20104.0,6,66.35,1
CITY_143,plus,app,2023-07-15,22883.0,11,43.08,1
CITY_100,pro,app,2024-04-10,71794.0,3,10.13,0
CITY_053,pro,app,2024-10-05,20309.0,4,68.15,0
CITY_001,basic,app,2023-07-25,23393.0,2,36.59,0
CITY_053,basic,app,2024-08-05,52151.0,11,14.1,0
CITY_162,basic,app,2023-06-30,16738.0,7,48.2,1
CITY_008,pro,phone,2024-01-20,27292.0,6,43.14,1
CITY_062,plus,phone,2024-11-17,31904.0,10,12.52,1
CITY_063,basic,phone,2023-02-25,24167.0,6,26.49,0
CITY_119,pro,web,2024-12-28,19266.0,5,34.27,1
CITY_133,basic,app,2024-06-06,40920.0,3,22.85,1
CITY_116,pro,web,2024-03-02,60593.0,5,4.07,0
CITY_006,pro,phone,2023-03-06,16357.0,5,88.5,1
CITY_080,basic,app,2024-09-15,30464.0,8,22.26,1
CITY_048,plus,app,2023-12-03,46012.0,3,21.09,0
CITY_146,plus,phone,2024-09-12,13574.0,4,47.11,1
CITY_157,plus,web,2023-08-25,18561.0,9,7.42,1
CITY_176,basic,web,2023-05-22,31015.0,5,22.09,0
CITY_099,plus,app,2023-08-05,22914.0,8,40.09,0
CITY_112,basic,app,2024-11-09,15477.0,7,13.59,0
CITY_135,plus,web,2023-12-28,,0,37.22,1
CITY_014,basic,app,2023-06-05,57064.0,6,19.23,0
CITY_175,plus,web,2024-05-30,53815.0,5,18.97,1
CITY_125,plus,app,2024-07-06,24041.0,7,23.08,0
CITY_024,basic,app,2024-11-11,32966.0,7,76.6,1
CITY_092,pro,web,2024-09-12,23995.0,6,11.22,0
CITY_046,plus,web,2024-06-20,43181.0,5,17.29,1
CITY_014,basic,web,2023-02-24,11713.0,4,9.76,1
CITY_116,plus,web,2023-07-14,26847.0,6,35.29,0
CITY_163,basic,web,2023-05-12,25316.0,4,22.45,0
CITY_052,plus,web,2024-01-24,16022.0,2,14.34,1
CITY_100,pro,web,2024-07-13,148089.0,11,27.4,1
CITY_080,basic,app,2023-05-04,34697.0,6,44.76,0
CITY_044,basic,web,2023-01-31,37050.0,5,101.29,1
CITY_037,plus,web,2023-10-02,8834.0,7,17.7,0
CITY_024,basic,web,2024-12-18,16840.0,2,48.08,1
CITY_136,basic,phone,2024-07-19,13017.0,2,9.27,1
CITY_148,basic,web,2024-01-27,14245.0,3,6.82,0
CITY_148,basic,web,2024-01-04,25967.0,9,25.28,1
CITY_115,plus,web,2023-01-14,23778.0,6,25.05,1
CITY_001,basic,web,2023-06-06,32910.0,4,18.85,0
CITY_150,basic,app,2024-10-02,45377.0,2,7.51,0
CITY_160,basic,app,2023-04-05,,12,32.56,0
CITY_077,basic,web,2023-01-15,55250.0,8,6.91,1
CITY_088,plus,web,2023-03-16,41823.0,6,33.11,0
CITY_174,plus,web,2023-01-03,24876.0,14,22.65,0
CITY_033,basic,web,2024-07-09,35428.0,5,20.28,0
CITY_147,basic,phone,2023-05-22,74522.0,4,98.95,0
CITY_114,plus,web,2024-12-05,20118.0,2,37.9,1
CITY_038,basic,web,2024-04-23,93904.0,4,17.57,0
CITY_146,basic,web,2024-12-13,41737.0,7,7.08,0
CITY_019,plus,web,2024-06-24,48668.0,5,33.52,0
CITY_175,basic,web,2023-10-06,48793.0,6,1.91,1
CITY_178,basic,web,2023-03-24,26005.0,5,39.96,1
CITY_159,basic,app,2024-02-01,30571.0,6,10.6,1
CITY_138,basic,web,2024-02-02,,9,8.25,0
CITY_162,plus,web,2024-10-07,13026.0,5,25.96,1
CITY_080,plus,web,2024-03-24,34001.0,4,25.53,0
CITY_054,plus,app,2024-09-29,21078.0,10,28.19,0
CITY_001,plus,web,2023-10-27,50055.0,3,18.96,0
CITY_140,plus,web,2024-11-19,45100.0,7,14.08,0
CITY_079,basic,web,2023-08-07,,2,22.86,0
CITY_004,basic,web,2023-11-28,16814.0,6,19.32,0
CITY_044,basic,web,2023-11-26,13625.0,5,12.69,1
CITY_121,pro,app,2023-07-31,96817.0,7,17.79,1
CITY_092,basic,web,2023-02-02,37270.0,9,15.56,1
CITY_105,basic,app,2023-08-10,17026.0,8,122.35,1
CITY_079,pro,web,2024-06-18,29444.0,7,15.24,0
CITY_150,plus,phone,2024-03-27,61267.0,8,11.23,0
CITY_012,basic,app,2024-06-02,108471.0,10,48.2,0
CITY_151,pro,web,2024-02-22,64530.0,5,46.89,0
CITY_115,pro,web,2023-05-31,35484.0,3,11.32,1
CITY_159,basic,app,2023-05-27,25426.0,4,33.18,1
CITY_010,basic,app,2024-07-18,26210.0,7,103.87,0
CITY_109,plus,phone,2024-01-05,17023.0,5,4.73,0
CITY_031,basic,phone,2023-03-25,103839.0,1,25.3,1
CITY_095,basic,app,2024-04-11,17255.0,4,3.58,0
CITY_024,basic,web,2023-02-09,7657.0,7,27.22,0
CITY_084,plus,web,2023-07-17,60561.0,10,13.63,0
CITY_026,plus,app,2024-10-12,36136.0,6,10.2,1
CITY_084,pro,phone,2024-01-16,24421.0,9,15.85,0
CITY_052,pro,phone,2024-03-03,28257.0,6,152.66,0
CITY_107,basic,app,2023-02-14,22000.0,9,10.66,0
CITY_083,basic,web,2023-10-25,32962.0,4,52.29,1
CITY_098,basic,web,2024-12-24,17735.0,4,12.41,1
CITY_110,plus,app,2023-12-24,21335.0,11,20.11,0
CITY_066,basic,app,2024-07-26,13195.0,4,17.11,0
CITY_059,basic,app,2023-09-17,30069.0,6,16.53,1
CITY_050,basic,phone,2024-04-06,52976.0,6,21.27,0
CITY_004,basic,app,2024-11-20,28834.0,4,14.67,1
CITY_131,plus,web,2024-07-11,20770.0,5,24.23,0
CITY_117,pro,app,2024-06-02,20739.0,5,13.64,0
CITY_150,basic,phone,2024-06-18,41629.0,9,94.33,0
CITY_076,basic,app,2024-03-10,31963.0,8,33.19,0
CITY_134,pro,web,2024-04-11,38605.0,5,97.14,1
CITY_133,plus,app,2023-12-18,51599.0,3,15.25,0
CITY_118,basic,web,2024-08-26,39213.0,3,30.42,0
CITY_131,plus,web,2024-12-27,24512.0,9,21.4,0
CITY_049,basic,app,2023-10-04,64385.0,4,25.08,0
CITY_151,basic,web,2024-07-06,12719.0,5,5.49,1
CITY_087,basic,app,2024-07-24,14023.0,3,14.0,0
CITY_050,basic,app,2024-02-11,,8,22.55,0
CITY_057,basic,app,2023-03-03,11423.0,5,67.84,1
CITY_097,pro,app,2023-06-05,37463.0,8,10.77,0
CITY_129,plus,phone,2023-09-24,34279.0,11,11.2,0
CITY_009,basic,web,2024-03-14,,6,20.18,1
CITY_016,basic,phone,2024-09-13,42080.0,3,36.09,1
CITY_145,basic,web,2024-05-19,27552.0,3,8.58,1
CITY_035,basic,web,2024-05-21,,5,29.77,1
CITY_041,plus,web,2023-04-28,,9,23.3,0
CITY_131,basic,web,2023-09-15,52358.0,5,8.56,1
CITY_149,basic,app,2024-03-27,34702.0,6,25.36,0
CITY_049,plus,app,2024-12-10,39769.0,7,63.04,1
CITY_051,basic,phone,2023-02-27,9503.0,5,35.8,1
CITY_147,plus,app,2023-05-16,19999.0,7,79.54,1
CITY_025,basic,app,2024-01-27,21211.0,9,23.31,1
CITY_078,plus,app,2024-07-02,36092.0,5,20.67,0
CITY_107,basic,web,2023-02-19,51041.0,4,28.79,0
CITY_076,basic,app,2024-12-17,16872.0,14,11.08,1
CITY_128,basic,web,2024-04-03,15720.0,10,28.63,1
CITY_011,plus,web,2023-01-06,31256.0,8,13.82,0
CITY_023,basic,web,2024-06-19,13968.0,5,18.81,0
CITY_116,basic,web,2023-03-11,51450.0,7,13.44,1
CITY_033,plus,phone,2023-06-28,27352.0,8,14.8,0
CITY_007,basic,phone,2023-04-27,16030.0,7,29.53,1
CITY_148,pro,app,2024-11-29,11296.0,4,26.37,0
CITY_017,basic,web,2023-06-05,24052.0,7,31.07,0
CITY_087,plus,web,2023-06-29,21862.0,8,69.49,1
CITY_145,pro,web,2023-07-02,88452.0,7,44.07,0
CITY_122,basic,web,2023-01-16,47877.0,4,39.85,0
CITY_144,basic,web,2023-06-18,35258.0,9,22.65,0
CITY_045,basic,app,2024-08-12,32889.0,6,12.18,1
CITY_011,plus,app,2023-08-02,24278.0,4,49.56,1
CITY_028,plus,web,2024-10-09,34597.0,4,36.95,1
CITY_166,pro,web,2024-01-08,74954.0,10,57.3,0
CITY_013,plus,web,2023-04-02,14542.0,5,12.4,0
CITY_061,plus,web,2024-06-25,47937.0,4,10.74,0
CITY_065,plus,app,2023-11-09,22405.0,9,26.75,0
CITY_162,basic,app,2024-02-19,27290.0,4,11.54,1
CITY_125,basic,phone,2023-10-30,49103.0,3,10.91,1
CITY_081,basic,web,2023-12-09,23959.0,8,29.31,0
CITY_164,plus,phone,2024-12-03,,5,26.46,0
CITY_042,basic,web,2024-04-26,17241.0,2,32.19,1
CITY_133,basic,web,2023-09-08,21947.0,5,52.7,1
CITY_140,plus,web,2023-03-18,7020.0,8,7.0,0
CITY_054,basic,app,2023-07-09,,8,66.52,1
CITY_132,pro,app,2023-03-08,16965.0,6,26.31,1
CITY_047,plus,web,2023-06-13,24622.0,7,17.18,0
CITY_171,basic,app,2023-12-03,22241.0,10,36.5,0
CITY_116,pro,phone,2023-11-19,15145.0,4,14.23,1
CITY_130,plus,app,2023-12-02,38301.0,3,11.01,0
CITY_008,pro,web,2023-03-17,69546.0,6,37.19,0
CITY_055,basic,web,2023-08-31,,6,11.0,0
CITY_055,plus,web,2024-12-03,25560.0,8,12.91,0
CITY_042,basic,web,2023-06-04,55507.0,7,33.51,0
CITY_113,plus,web,2023-09-05,23301.0,5,38.07,1
CITY_006,basic,phone,2023-06-29,18054.0,5,63.33,1
CITY_059,plus,web,2024-01-08,76973.0,4,16.7,0
CITY_140,pro,web,2024-02-23,30488.0,9,25.98,1
CITY_141,basic,app,2023-09-15,27134.0,9,56.36,0
CITY_036,plus,web,2024-07-17,27428.0,9,11.0,0
CITY_141,basic,app,2023-06-23,15548.0,4,52.06,0
CITY_142,plus,web,2023-04-03,42456.0,5,7.23,1
CITY_031,plus,phone,2023-09-09,25235.0,10,12.16,0
CITY_038,pro,app,2023-08-19,26133.0,9,7.14,0
CITY_100,plus,web,2023-01-11,22379.0,5,22.19,0
CITY_083,basic,web,2023-11-01,,6,31.96,0
CITY_107,pro,web,2024-04-11,46689.0,7,22.25,0
CITY_158,basic,app,2024-11-06,110485.0,7,10.54,1
CITY_001,pro,web,2024-11-16,6419.0,9,9.28,1
CITY_039,basic,app,2023-10-06,17651.0,8,25.43,1
CITY_096,basic,app,2024-01-04,46246.0,7,21.73,0
CITY_057,basic,web,2023-11-23,,5,35.42,1
CITY_065,plus,web,2024-08-30,65675.0,6,16.83,0
CITY_026,basic,app,2024-05-16,39715.0,7,32.56,1
CITY_067,plus,app,2023-01-08,13043.0,6,8.26,1
CITY_144,pro,phone,2024-04-13,,2,5.27,0
CITY_141,basic,web,2024-01-16,27076.0,7,21.19,0
CITY_075,pro,app,2024-02-15,21220.0,4,13.01,0
CITY_023,plus,app,2023-11-07,22791.0,4,27.08,1
CITY_093,basic,web,2024-02-06,26784.0,6,7.55,0
CITY_058,basic,web,2024-11-25,55666.0,4,35.12,0
CITY_048,pro,web,2023-01-12,14199.0,5,16.45,0
CITY_177,pro,web,2024-05-08,48903.0,7,7.97,0
CITY_077,basic,web,2024-08-16,,3,44.2,0
CITY_038,basic,phone,2024-04-04,22208.0,4,56.0,1
CITY_140,plus,web,2023-01-10,29193.0,7,19.77,1
CITY_169,plus,web,2024-10-16,30743.0,6,32.65,0
CITY_015,basic,app,2023-11-12,,5,10.59,1
CITY_104,plus,app,2023-05-07,43108.0,3,18.53,1
CITY_109,basic,web,2023-08-31,32733.0,9,11.17,1
CITY_094,basic,phone,2024-04-07,29180.0,5,8.78,1
CITY_166,basic,app,2024-03-01,,6,12.38,1
CITY_054,plus,app,2024-04-07,18850.0,4,58.33,1
CITY_169,basic,web,2024-08-16,38225.0,7,49.35,1
CITY_148,plus,phone,2024-11-20,22671.0,7,30.73,1
CITY_135,plus,app,2023-04-01,18875.0,4,11.76,1
CITY_070,basic,web,2023-08-14,35348.0,4,35.47,1
CITY_117,plus,app,2024-08-10,49189.0,5,34.03,1
CITY_074,plus,web,2023-04-17,44630.0,8,8.74,0
CITY_072,plus,web,2024-12-20,21040.0,5,24.8,0
CITY_019,basic,web,2023-04-28,32273.0,6,14.99,0
CITY_113,basic,web,2023-02-06,57567.0,0,8.38,0
CITY_052,basic,web,2024-12-19,28529.0,4,12.77,0
CITY_008,plus,app,2024-08-28,20358.0,8,97.08,1
CITY_175,pro,app,2023-08-08,24523.0,5,58.1,1
CITY_025,plus,app,2023-02-23,24996.0,6,7.67,1
CITY_039,basic,web,2023-06-20,29351.0,7,30.4,0
CITY_103,plus,phone,2023-03-11,46934.0,12,123.99,1
CITY_119,basic,app,2023-06-15,25014.0,9,42.71,1
CITY_116,pro,web,2024-04-07,33978.0,5,23.41,0
CITY_159,plus,web,2023-01-27,25342.0,5,21.07,1
CITY_051,basic,app,2024-02-27,27893.0,5,36.06,0
CITY_097,plus,web,2024-02-03,46295.0,9,33.1,1
CITY_095,plus,web,2023-01-05,42169.0,5,12.43,1
CITY_085,basic,app,2024-08-25,25593.0,11,17.0,0
CITY_118,basic,app,2023-10-04,24842.0,2,35.64,1
CITY_058,pro,web,2023-03-13,26888.0,4,31.01,1
CITY_178,pro,web,2024-08-18,37027.0,10,18.32,1
CITY_144,plus,app,2023-01-06,6099.0,7,22.68,1
CITY_143,plus,web,2023-06-20,22101.0,6,4.87,0
CITY_101,basic,phone,2024-05-17,35531.0,3,27.92,1
CITY_058,plus,app,2024-11-24,12170.0,6,20.64,0
CITY_067,pro,app,2024-08-07,17890.0,7,24.67,0
CITY_148,basic,app,2023-02-28,11962.0,2,9.33,1
CITY_063,basic,app,2024-08-16,10918.0,9,40.74,1
CITY_041,plus,app,2024-04-16,30289.0,7,64.88,0
CITY_124,pro,app,2024-05-05,24793.0,4,39.58,1
CITY_002,basic,app,2023-11-06,38709.0,5,50.39,0
CITY_122,basic,app,2023-07-18,49712.0,7,10.54,1
CITY_128,plus,app,2024-06-04,38960.0,7,21.0,1
CITY_082,plus,app,2024-05-04,34041.0,11,6.64,0
CITY_120,pro,web,2023-07-28,27637.0,9,19.5,0
CITY_081,basic,web,2023-04-26,16136.0,5,16.76,1
CITY_044,basic,web,2024-11-03,24317.0,5,9.34,1
CITY_087,basic,web,2023-04-14,16197.0,5,13.03,0
CITY_027,basic,web,2024-06-03,21942.0,6,95.32,1
CITY_127,pro,app,2023-03-11,46280.0,8,8.45,0
CITY_148,basic,web,2023-11-26,34089.0,8,9.59,1
CITY_037,basic,app,2023-10-05,,2,28.29,0
CITY_030,plus,app,2024-01-06,10124.0,6,12.15,1
CITY_157,pro,app,2023-05-25,22016.0,7,45.84,1
CITY_057,plus,app,2023-06-21,40628.0,4,20.54,0
CITY_163,basic,app,2024-04-22,17987.0,9,5.32,1
CITY_060,pro,app,2024-12-30,,4,38.98,0
CITY_023,plus,app,2023-09-02,45127.0,6,27.34,0
CITY_036,basic,phone,2024-07-08,10190.0,6,18.72,1
CITY_168,basic,app,2024-09-26,,6,36.38,0
CITY_026,pro,app,2023-02-16,,10,6.08,0
CITY_087,basic,app,2024-07-22,14697.0,9,6.89,1
CITY_166,basic,web,2024-01-11,26396.0,5,33.75,0
CITY_084,basic,app,2023-11-09,19944.0,9,12.17,1
CITY_066,basic,web,2023-07-08,19179.0,5,11.4,1
CITY_128,basic,phone,2024-04-04,30327.0,8,26.25,0
CITY_096,basic,app,2024-06-19,40879.0,3,7.79,0
CITY_119,plus,web,2024-11-12,19230.0,5,14.42,0
CITY_044,basic,web,2024-03-18,37371.0,3,15.29,1
CITY_045,basic,app,2024-06-04,17087.0,6,11.66,0
CITY_140,plus,web,2023-10-13,39710.0,4,13.1,0
CITY_035,basic,phone,2024-02-15,31944.0,4,53.1,1
CITY_177,pro,app,2023-08-28,,7,49.47,0
CITY_040,basic,web,2023-04-21,21026.0,6,3.98,1
CITY_086,pro,web,2023-06-03,24599.0,8,29.59,0
CITY_069,basic,app,2024-02-16,28902.0,5,9.61,0
CITY_156,basic,web,2023-03-22,25714.0,6,29.97,1
CITY_075,basic,web,2024-10-28,41596.0,4,21.89,0
CITY_117,basic,web,2023-07-01,,9,85.81,1
CITY_087,basic,web,2023-04-20,87492.0,8,5.94,1
CITY_004,pro,web,2024-12-16,,4,28.48,1
CITY_126,basic,web,2024-12-14,28968.0,5,19.7,1
CITY_030,basic,web,2024-05-21,,9,7.04,0
CITY_152,pro,web,2023-04-18,30609.0,6,8.92,0
CITY_162,basic,app,2024-07-07,11816.0,6,4.73,0
CITY_008,plus,web,2023-04-15,33961.0,7,4.57,0
CITY_065,basic,web,2023-09-04,31657.0,4,28.07,0
CITY_045,basic,phone,2023-07-24,18616.0,5,9.8,0
CITY_133,pro,web,2024-09-12,36507.0,10,16.95,0
CITY_037,basic,app,2023-09-29,69363.0,8,20.47,0
CITY_156,basic,app,2023-02-10,14581.0,5,9.31,0
CITY_072,basic,phone,2024-11-22,13318.0,6,36.6,1
CITY_043,plus,web,2024-06-16,46220.0,6,25.03,0
CITY_160,plus,app,2024-04-03,27749.0,9,9.23,0
CITY_117,plus,phone,2024-02-09,16064.0,6,13.25,0
CITY_046,plus,app,2023-11-07,128602.0,4,11.64,1
CITY_106,pro,web,2023-02-13,36102.0,5,91.78,0
CITY_092,basic,app,2023-11-07,31694.0,6,25.88,1
CITY_174,basic,app,2023-08-03,38951.0,2,56.89,1
CITY_143,pro,web,2024-05-22,,6,13.65,0
CITY_107,basic,web,2023-09-20,,5,24.32,1
CITY_012,plus,app,2024-11-28,14437.0,2,12.36,1
CITY_149,basic,web,2024-04-22,39009.0,7,39.04,0
CITY_105,plus,app,2023-10-29,18778.0,4,21.22,0
CITY_112,basic,web,2023-07-18,23807.0,3,31.82,0
CITY_048,plus,app,2023-10-09,24194.0,8,31.17,1
CITY_017,basic,web,2023-06-20,17896.0,7,49.92,1
CITY_106,plus,web,2023-09-08,30248.0,7,11.08,0
CITY_011,plus,web,2023-11-19,23155.0,5,14.81,0
CITY_001,basic,web,2024-01-23,10172.0,7,17.74,1
CITY_011,plus,web,2024-06-26,22963.0,6,105.64,0
CITY_060,basic,phone,2024-05-02,15905.0,5,45.03,1
CITY_131,basic,app,2023-08-16,10663.0,5,43.33,1
CITY_017,plus,app,2024-11-23,32585.0,11,12.54,0
CITY_031,basic,web,2023-02-26,53374.0,5,11.05,0
CITY_096,plus,web,2024-04-30,21092.0,5,43.76,1
CITY_101,basic,web,2023-10-26,19774.0,10,61.96,1
CITY_135,basic,app,2023-06-11,27475.0,5,8.65,0
CITY_090,basic,app,2023-02-27,23110.0,5,77.48,1
CITY_006,basic,phone,2023-12-11,42355.0,4,7.9,0
CITY_148,plus,app,2023-04-10,29876.0,1,53.95,0
CITY_095,basic,app,2023-08-18,47996.0,4,22.14,0
CITY_130,basic,web,2024-10-29,22837.0,8,31.95,1
CITY_132,basic,web,2023-07-10,38475.0,12,14.41,0
CITY_142,basic,app,2024-04-30,21232.0,9,11.68,0
CITY_020,plus,phone,2024-10-13,,4,44.86,0
CITY_076,plus,app,2024-07-13,13959.0,5,21.03,1
CITY_175,basic,web,2024-02-07,22250.0,5,33.84,1
CITY_137,basic,web,2024-11-21,23623.0,4,23.72,0
CITY_024,basic,app,2024-09-08,24645.0,4,16.23,0
CITY_110,plus,web,2023-09-05,17357.0,8,25.94,1
CITY_046,basic,app,2023-08-20,,7,36.72,1
CITY_026,plus,app,2024-10-04,25611.0,7,20.3,0
CITY_137,plus,app,2024-10-03,29629.0,7,26.19,1
CITY_069,plus,phone,2023-10-01,,9,5.64,0
CITY_111,basic,web,2024-01-21,30459.0,4,20.47,1
CITY_155,plus,app,2023-02-18,19404.0,7,20.37,0
CITY_062,basic,web,2024-08-31,,6,5.4,1
CITY_067,basic,app,2024-12-17,18862.0,7,17.53,1
CITY_119,plus,phone,2023-06-26,18869.0,7,44.31,0
CITY_118,basic,app,2024-03-15,25756.0,6,7.61,0
CITY_058,plus,web,2024-05-22,67894.0,4,14.87,0
CITY_059,pro,web,2023-07-02,,8,32.45,0
CITY_004,pro,web,2023-09-23,32960.0,5,65.03,0
CITY_079,basic,web,2024-07-29,26587.0,6,24.05,0
CITY_006,plus,web,2023-04-07,21506.0,3,16.54,1
CITY_065,basic,web,2024-12-07,10965.0,4,25.54,1
CITY_079,pro,phone,2023-04-24,61542.0,5,16.21,0
CITY_159,basic,web,2024-07-08,14279.0,6,59.96,1
CITY_072,plus,web,2024-10-28,48222.0,7,9.12,0
CITY_100,basic,web,2023-08-12,49144.0,4,108.58,0
CITY_030,basic,web,2023-05-10,20527.0,6,18.59,0
CITY_168,basic,web,2023-06-20,42059.0,5,6.94,1
CITY_076,plus,phone,2024-12-29,73932.0,3,21.67,1
CITY_080,basic,web,2024-05-14,17616.0,4,8.0,0
CITY_103,plus,web,2023-10-11,22995.0,9,15.49,0
CITY_101,plus,web,2023-09-18,5209.0,5,23.39,1
CITY_090,plus,app,2024-11-20,24458.0,9,53.43,0
CITY_142,basic,phone,2023-07-30,21799.0,5,41.96,1
CITY_071,basic,web,2024-04-08,18526.0,5,6.71,0
CITY_038,basic,phone,2024-12-27,20279.0,7,114.54,1
CITY_112,basic,web,2024-02-07,41288.0,10,14.93,0
CITY_142,plus,web,2023-12-07,16599.0,8,11.21,0
CITY_028,basic,web,2024-05-24,38923.0,0,29.28,0
CITY_123,basic,app,2024-01-05,27806.0,3,4.16,1
CITY_126,basic,app,2024-06-25,,8,17.79,0
CITY_058,plus,web,2023-12-31,22631.0,2,34.09,1
CITY_001,pro,app,2024-10-09,36849.0,7,7.44,0
CITY_029,pro,app,2024-04-09,19598.0,7,37.74,1
CITY_138,basic,web,2023-10-02,53725.0,6,18.5,1
CITY_037,basic,web,2024-02-21,26026.0,5,38.45,1
CITY_044,basic,web,2023-04-07,12233.0,5,12.82,0
CITY_158,pro,web,2024-06-17,44294.0,5,15.28,0
CITY_032,basic,phone,2023-07-05,25956.0,12,6.42,0
CITY_115,plus,phone,2023-02-07,21377.0,10,14.96,0
CITY_085,basic,web,2023-03-10,40828.0,10,8.87,0
CITY_121,plus,web,2023-04-18,17515.0,2,10.74,1
CITY_057,basic,web,2023-11-10,29993.0,8,12.99,0
CITY_119,basic,web,2023-08-15,29145.0,7,41.41,1
CITY_061,basic,web,2023-09-08,32692.0,8,11.84,1
CITY_012,basic,app,2023-12-03,59666.0,4,33.42,0
CITY_119,plus,app,2023-11-30,32631.0,7,13.59,0
CITY_129,basic,web,2024-05-08,25074.0,6,22.99,1
CITY_051,basic,web,2023-02-14,30739.0,1,13.57,0
CITY_058,basic,app,2024-03-12,31746.0,6,19.21,0
CITY_075,basic,app,2024-01-05,34643.0,6,16.42,0
CITY_140,plus,web,2023-08-28,15912.0,2,18.54,0
CITY_172,basic,app,2023-10-12,9669.0,4,16.9,1
CITY_176,plus,web,2023-01-17,32077.0,7,21.56,0
CITY_137,basic,app,2024-10-25,15446.0,7,39.98,1
CITY_106,basic,app,2024-03-24,53501.0,6,13.18,0
CITY_157,basic,web,2024-03-17,15627.0,6,16.19,0
CITY_150,basic,web,2024-11-02,,5,13.29,0
CITY_038,basic,web,2023-03-07,30373.0,6,11.4,0
CITY_023,plus,app,2023-01-29,39266.0,8,23.56,1
CITY_114,basic,phone,2024-11-24,35711.0,5,36.42,0
CITY_046,basic,web,2023-08-31,17225.0,7,75.37,1
CITY_047,plus,app,2024-10-09,13343.0,5,16.76,0
CITY_056,plus,app,2024-05-21,30819.0,4,55.16,1
CITY_120,plus,app,2024-11-27,16822.0,8,4.25,0
CITY_056,basic,web,2023-08-15,20275.0,8,8.86,0
CITY_063,pro,app,2023-11-29,43297.0,6,25.1,0
CITY_174,pro,web,2024-11-01,27286.0,4,30.5,0
CITY_048,pro,app,2024-05-05,30650.0,3,41.42,0
CITY_146,plus,web,2024-02-23,16569.0,8,27.2,1
CITY_121,basic,app,2023-01-31,19768.0,7,29.73,0
CITY_151,basic,web,2023-12-26,37993.0,5,49.06,0
CITY_010,pro,phone,2023-01-09,23215.0,5,16.96,0
CITY_094,basic,app,2024-02-22,34434.0,4,9.91,0
CITY_034,plus,app,2023-05-21,44189.0,6,35.01,1
CITY_129,basic,web,2023-02-14,42496.0,7,6.35,0
CITY_154,basic,web,2023-04-26,,11,19.35,0
CITY_017,plus,app,2024-02-14,27714.0,7,35.57,1
CITY_021,basic,web,2024-03-27,39255.0,7,4.87,0
CITY_108,plus,app,2023-11-07,27536.0,10,9.41,0
CITY_061,pro,app,2024-03-13,95011.0,5,53.04,1
CITY_057,plus,phone,2024-11-09,20309.0,7,13.33,0
CITY_065,basic,web,2023-01-01,108825.0,4,28.01,0
CITY_045,plus,phone,2023-08-29,23624.0,3,25.47,1
CITY_135,basic,web,2023-01-08,12607.0,5,54.91,1
CITY_031,pro,app,2024-05-08,20417.0,6,8.76,0
CITY_176,plus,app,2024-10-02,27834.0,7,29.55,1
CITY_126,plus,web,2023-06-10,14668.0,2,19.12,0
CITY_038,basic,web,2023-07-02,74131.0,8,10.58,0
CITY_135,pro,web,2024-02-27,27839.0,6,9.8,0
CITY_059,basic,app,2024-07-31,39744.0,5,11.63,1
CITY_076,pro,web,2024-05-30,18819.0,2,10.23,1
CITY_013,pro,web,2024-07-01,30222.0,1,42.56,1
CITY_050,plus,web,2024-05-06,37774.0,7,7.74,0
CITY_177,basic,web,2023-03-18,14960.0,12,8.34,0
CITY_168,plus,phone,2024-08-03,20906.0,7,46.13,1
CITY_171,plus,app,2024-05-03,71240.0,6,21.64,0
CITY_111,pro,app,2023-01-24,47210.0,4,16.07,0
CITY_156,basic,web,2023-03-18,31893.0,9,59.74,1
CITY_011,basic,web,2024-10-19,19994.0,6,12.15,1
CITY_157,pro,app,2023-01-18,84766.0,6,16.47,0
CITY_133,plus,phone,2023-08-29,8743.0,5,42.49,1
CITY_000,basic,phone,2023-10-27,42853.0,9,10.71,0
CITY_090,plus,web,2023-08-11,33811.0,5,65.94,1
CITY_072,basic,app,2024-11-21,23704.0,9,19.2,0
CITY_009,pro,app,2024-06-01,36555.0,8,19.46,0
CITY_174,plus,web,2024-03-11,11634.0,9,12.74,0
CITY_166,basic,web,2023-07-17,45742.0,9,72.93,0
CITY_010,pro,app,2023-01-29,36383.0,6,53.21,1
CITY_109,plus,web,2024-04-09,15105.0,5,18.79,0
CITY_016,basic,web,2023-09-07,20856.0,7,20.16,1
CITY_106,basic,web,2024-09-18,,1,25.39,1
CITY_043,basic,phone,2023-07-30,14719.0,4,30.75,1
CITY_131,plus,phone,2024-05-15,55744.0,6,15.66,0
CITY_086,basic,phone,2023-04-20,81345.0,8,35.64,0
CITY_049,pro,app,2024-06-28,16370.0,10,18.3,1
CITY_099,basic,app,2024-01-23,29459.0,7,16.21,0
CITY_102,basic,web,2023-04-06,52866.0,9,15.89,1
CITY_040,basic,web,2024-12-06,19836.0,6,14.7,0
CITY_078,pro,web,2023-10-16,25330.0,5,23.0,1
CITY_017,plus,phone,2024-01-17,22357.0,3,22.34,0
CITY_142,plus,web,2024-07-02,16420.0,8,40.67,0
CITY_166,pro,web,2023-11-12,24155.0,9,20.14,0
CITY_020,pro,app,2023-11-25,21865.0,7,24.54,0
CITY_176,basic,app,2023-06-01,50192.0,3,9.77,0
CITY_151,basic,app,2023-09-09,39422.0,3,18.53,0
CITY_161,pro,app,2024-09-03,61789.0,3,19.78,0
CITY_158,plus,web,2023-09-01,,6,5.41,0
CITY_080,basic,web,2023-07-30,14463.0,9,24.73,1
CITY_045,basic,web,2024-07-03,39201.0,2,18.19,0
CITY_072,basic,app,2024-03-09,9575.0,10,22.71,0
CITY_086,basic,app,2024-07-05,33008.0,1,33.71,0
CITY_111,basic,phone,2024-12-13,19148.0,5,23.06,0
CITY_179,basic,web,2023-04-08,12143.0,8,24.37,0
CITY_098,basic,app,2024-06-14,24156.0,12,10.61,1
CITY_043,basic,web,2024-03-29,22809.0,2,26.19,0
CITY_011,basic,phone,2024-11-30,21386.0,2,14.31,0
CITY_069,plus,phone,2024-10-05,72127.0,4,7.84,1
CITY_078,basic,app,2024-04-18,29695.0,5,21.41,0
CITY_081,plus,web,2024-12-02,32421.0,7,8.36,1
CITY_108,basic,app,2024-05-03,73656.0,7,21.81,0
CITY_112,basic,web,2024-06-29,24242.0,5,66.43,1
CITY_004,basic,web,2023-09-11,28715.0,9,26.87,0
CITY_017,plus,phone,2023-03-09,15268.0,11,11.39,1
CITY_153,basic,web,2024-12-26,,6,42.29,0
CITY_157,basic,web,2023-01-03,22173.0,9,26.71,0
CITY_016,plus,app,2024-11-15,13320.0,3,76.07,1
CITY_071,basic,web,2024-05-28,29242.0,2,5.87,1
CITY_146,plus,web,2023-07-17,61072.0,10,59.28,0
CITY_146,basic,web,2023-12-10,,2,61.66,1
CITY_071,pro,app,2024-02-12,6362.0,9,28.13,1
CITY_000,plus,phone,2024-10-31,12527.0,5,76.86,1
CITY_086,basic,web,2023-11-20,19618.0,3,36.18,1
CITY_046,pro,web,2024-08-16,56363.0,4,14.24,0
CITY_092,basic,web,2023-09-01,16541.0,3,22.56,1
CITY_022,plus,app,2023-05-30,20023.0,2,22.03,0
CITY_001,basic,phone,2024-07-26,29175.0,3,51.82,1
CITY_031,basic,web,2024-06-30,,6,25.45,0
CITY_120,basic,app,2023-06-28,24323.0,4,4.62,0
CITY_070,basic,web,2024-07-21,24631.0,2,19.43,0
CITY_011,pro,app,2024-02-29,32940.0,7,26.8,0
CITY_054,basic,web,2024-03-23,12468.0,6,26.25,1
CITY_068,basic,app,2023-07-17,43819.0,4,36.71,1
CITY_019,basic,web,2023-02-04,,5,21.44,1
CITY_006,basic,app,2023-04-08,30620.0,5,16.68,1
CITY_125,basic,app,2024-07-17,,7,24.63,0
CITY_139,basic,web,2024-11-06,63515.0,9,8.18,0
CITY_141,basic,phone,2024-12-19,23086.0,9,23.76,0
CITY_045,basic,web,2023-02-18,40666.0,8,14.49,0
CITY_005,plus,web,2024-02-03,56490.0,6,26.56,0
CITY_000,basic,web,2023-01-15,34226.0,4,21.07,1
CITY_141,plus,app,2023-02-27,21642.0,6,21.87,0
CITY_074,basic,app,2024-03-13,16796.0,10,16.64,1
CITY_089,basic,app,2024-03-29,8142.0,12,15.54,1
CITY_032,pro,app,2024-02-20,30756.0,6,20.8,0
CITY_079,basic,phone,2023-06-04,26070.0,3,6.67,1
CITY_078,pro,phone,2024-01-28,45531.0,8,28.47,1
CITY_090,basic,web,2024-10-13,30174.0,7,12.96,1
CITY_146,basic,phone,2023-09-08,19282.0,7,14.58,0
CITY_130,basic,app,2024-09-13,42934.0,6,13.87,1
CITY_118,basic,web,2023-04-23,16857.0,7,9.7,0
CITY_081,basic,app,2023-09-26,9701.0,4,20.97,1
CITY_176,basic,app,2024-03-22,19726.0,4,20.52,0
CITY_042,pro,app,2024-06-03,18852.0,6,44.56,1
CITY_050,plus,app,2023-09-24,16540.0,7,15.53,0
CITY_058,plus,web,2024-05-11,,9,25.63,1
CITY_173,basic,web,2023-12-17,26959.0,2,81.98,1
CITY_121,plus,web,2024-03-07,15359.0,4,21.33,0
CITY_109,basic,app,2023-09-15,44496.0,6,21.97,1
CITY_152,basic,phone,2024-04-07,51255.0,4,25.07,1
CITY_030,basic,app,2024-03-26,29583.0,11,17.84,0
CITY_165,plus,app,2023-03-06,22415.0,2,23.74,0
CITY_033,plus,app,2024-05-31,72508.0,5,27.78,0
CITY_105,pro,app,2023-02-19,14270.0,2,8.88,0
CITY_115,pro,web,2023-03-07,35468.0,6,6.93,0
CITY_175,plus,phone,2024-03-26,24108.0,8,13.27,1
CITY_097,basic,app,2023-02-17,21046.0,9,21.08,0
CITY_123,plus,app,2023-06-22,16628.0,6,42.79,0
CITY_045,plus,web,2023-03-18,16753.0,6,16.96,0
CITY_084,pro,app,2024-03-14,22715.0,7,34.71,0
CITY_105,plus,web,2024-07-01,25228.0,2,40.14,0
CITY_039,basic,web,2024-08-29,23442.0,8,33.49,0
CITY_061,basic,phone,2023-06-03,25024.0,6,33.57,0
CITY_063,basic,app,2023-07-02,29621.0,9,34.03,0
CITY_108,basic,web,2023-10-15,61515.0,4,29.16,0
CITY_098,plus,web,2023-02-28,45746.0,11,88.67,1
CITY_067,basic,web,2023-10-15,,4,106.61,1
CITY_016,pro,web,2024-07-10,17036.0,7,6.07,1
CITY_153,basic,web,2024-07-13,23008.0,6,6.66,0
CITY_084,plus,web,2024-05-13,32929.0,5,46.02,0
CITY_013,basic,web,2023-07-16,,6,20.11,0
CITY_021,pro,app,2024-05-22,117573.0,5,8.57,0
CITY_171,basic,web,2024-01-01,,5,4.77,0
CITY_140,plus,web,2024-04-25,75911.0,11,14.74,0
CITY_024,basic,web,2024-04-27,48048.0,8,28.28,1
CITY_132,basic,web,2024-02-14,24274.0,6,29.96,1
CITY_103,pro,web,2023-11-26,15697.0,6,15.98,0
CITY_137,plus,web,2023-12-07,36577.0,4,42.11,0
CITY_065,basic,phone,2024-11-27,37150.0,9,16.83,0
CITY_150,basic,phone,2024-04-07,24749.0,7,13.15,0
CITY_015,plus,app,2024-09-24,24453.0,5,31.57,1
CITY_093,basic,phone,2023-07-11,98464.0,10,9.45,0
CITY_026,basic,web,2024-11-29,38859.0,8,10.36,0
CITY_010,plus,web,2023-10-02,121812.0,5,40.96,1
CITY_130,pro,web,2024-11-16,62640.0,2,28.6,0
CITY_149,pro,app,2023-01-24,21752.0,6,20.54,1
CITY_179,plus,web,2023-05-28,13521.0,9,19.78,1
CITY_158,basic,web,2023-12-03,30365.0,8,13.68,0
CITY_085,basic,web,2023-04-14,14914.0,7,9.22,0
CITY_133,plus,web,2023-06-18,41936.0,3,80.2,1
CITY_166,basic,web,2024-07-02,33506.0,6,25.88,0
CITY_140,basic,app,2024-03-23,18951.0,4,20.8,0
CITY_125,basic,app,2023-01-12,28374.0,6,55.87,1
CITY_153,basic,web,2023-02-19,57167.0,4,19.34,0
CITY_095,plus,web,2023-12-28,40249.0,2,10.95,0
CITY_015,plus,web,2023-02-22,21264.0,7,36.84,0
CITY_028,basic,app,2023-09-26,17195.0,7,30.49,0
CITY_139,basic,app,2023-10-05,,6,25.47,0
CITY_071,basic,app,2023-02-10,43302.0,7,29.84,0
CITY_030,basic,phone,2024-10-14,49427.0,7,54.16,1
CITY_002,pro,web,2023-12-11,49740.0,12,39.61,0
CITY_148,plus,web,2023-08-11,16992.0,10,33.71,1
CITY_073,plus,web,2023-08-30,27175.0,5,53.25,1
CITY_030,basic,web,2023-12-18,,5,11.43,1
CITY_133,basic,app,2023-10-03,8065.0,5,68.18,1
CITY_061,plus,app,2024-10-07,65575.0,9,14.31,0
CITY_152,plus,web,2024-11-30,19016.0,3,19.84,0
CITY_154,plus,web,2024-07-05,27934.0,6,28.57,0
CITY_005,plus,app,2024-06-05,15880.0,4,17.19,0
CITY_052,basic,web,2024-10-15,26618.0,5,20.6,1
CITY_017,basic,app,2024-05-21,19993.0,8,32.31,1
CITY_095,plus,web,2023-08-14,28377.0,7,31.82,0
CITY_134,plus,app,2024-05-02,18074.0,9,12.0,0
CITY_064,basic,app,2024-07-16,94307.0,7,44.55,1
CITY_016,plus,web,2024-07-21,27766.0,4,44.63,0
CITY_154,basic,phone,2023-01-28,30583.0,7,19.06,1
CITY_099,plus,app,2024-01-09,27084.0,7,20.03,1
CITY_121,plus,web,2024-10-19,18752.0,0,8.36,1
CITY_095,basic,app,2024-06-20,5108.0,9,17.95,1
CITY_127,plus,web,2023-07-01,16274.0,7,12.46,0
CITY_144,plus,phone,2023-07-15,108765.0,10,20.45,0
CITY_040,plus,app,2024-08-06,32579.0,7,37.88,0
CITY_034,plus,app,2023-08-16,24783.0,9,111.98,1
CITY_024,plus,app,2024-06-08,21249.0,10,30.59,0
CITY_002,pro,web,2023-10-26,74917.0,5,12.1,0
CITY_126,pro,phone,2024-04-07,15621.0,7,22.44,1
CITY_066,basic,web,2023-12-19,36447.0,10,8.95,0
CITY_168,basic,app,2024-09-25,27419.0,4,12.38,0
CITY_048,basic,phone,2023-03-11,41803.0,7,18.16,0
CITY_133,plus,app,2024-09-04,15566.0,7,8.55,0
CITY_079,plus,web,2024-06-27,27352.0,7,37.77,0
CITY_059,plus,web,2024-08-19,24416.0,3,23.08,0
CITY_076,basic,web,2024-12-02,14533.0,15,41.49,1
CITY_077,basic,app,2024-05-19,26056.0,8,33.05,1
CITY_151,basic,app,2023-01-03,25929.0,4,39.08,1
CITY_115,basic,web,2023-10-06,,11,17.19,1
CITY_088,plus,web,2024-12-24,39164.0,4,83.69,0
CITY_050,basic,web,2024-05-17,37250.0,6,33.2,0
CITY_133,plus,app,2024-12-23,28705.0,6,35.29,0
CITY_009,basic,web,2023-05-23,14956.0,6,52.1,1
CITY_134,basic,web,2024-03-08,15903.0,3,27.5,1
CITY_079,basic,web,2023-06-04,39907.0,8,35.81,0
CITY_032,pro,phone,2023-04-22,38979.0,6,17.85,0
CITY_045,pro,web,2023-02-11,20968.0,2,180.58,0
CITY_143,basic,web,2023-12-19,12712.0,8,19.33,1
CITY_150,basic,app,2023-09-12,25214.0,6,10.44,0
CITY_046,pro,web,2024-01-27,60479.0,5,9.0,0
CITY_044,plus,web,2023-06-25,29996.0,3,21.18,0
CITY_090,pro,web,2023-06-05,27816.0,3,16.2,1
CITY_145,plus,web,2023-09-12,12794.0,7,16.57,0
CITY_072,basic,app,2023-04-01,39907.0,9,29.06,0
CITY_050,basic,app,2023-01-19,13220.0,5,32.93,1
CITY_145,plus,web,2023-02-06,13900.0,4,16.68,0
CITY_049,plus,app,2024-06-29,35817.0,3,10.52,0
CITY_024,plus,web,2024-10-23,19333.0,1,8.0,0
CITY_056,pro,web,2024-01-31,5891.0,9,21.17,1
CITY_130,plus,web,2023-09-03,76879.0,5,24.27,0
CITY_121,basic,web,2023-01-16,28799.0,4,6.46,1
CITY_108,basic,web,2024-04-08,20080.0,4,15.53,1
CITY_144,plus,phone,2024-05-30,28874.0,4,16.0,0
CITY_145,basic,phone,2024-04-29,29212.0,9,10.08,0
CITY_044,basic,web,2024-01-05,45339.0,5,10.28,1
CITY_033,basic,web,2024-02-13,19661.0,4,21.78,0
CITY_113,basic,phone,2023-08-30,44071.0,6,7.13,1
CITY_083,basic,web,2024-07-22,13930.0,6,12.04,1
CITY_179,basic,app,2023-09-07,39281.0,11,44.74,0
CITY_019,pro,app,2024-06-27,31101.0,4,34.5,0
CITY_179,basic,web,2024-10-14,30647.0,9,20.73,0
CITY_146,plus,web,2024-12-18,25381.0,7,34.04,0
CITY_098,basic,app,2023-09-07,36926.0,2,11.92,0
CITY_011,basic,app,2023-08-19,37033.0,5,18.91,1
CITY_149,basic,web,2024-06-18,39273.0,12,29.42,1
CITY_150,plus,app,2024-08-07,20339.0,7,21.19,0
CITY_048,basic,app,2024-03-02,,5,19.18,0
CITY_134,basic,phone,2023-06-03,11603.0,5,24.63,0
CITY_148,plus,web,2024-01-18,24261.0,8,14.57,0
CITY_007,pro,web,2024-12-06,49399.0,8,30.97,0
CITY_130,basic,phone,2024-03-16,24322.0,9,57.39,1
CITY_137,basic,app,2024-12-11,,6,12.2,0
CITY_030,basic,web,2023-09-05,14912.0,7,18.95,0
CITY_007,basic,web,2024-07-04,16929.0,3,29.18,1
CITY_131,basic,app,2024-07-21,73756.0,5,17.84,1
CITY_090,plus,web,2023-12-22,18099.0,7,16.04,0
CITY_074,basic,web,2024-05-31,49233.0,6,17.02,1
CITY_030,basic,web,2024-12-16,26435.0,9,28.16,0
CITY_011,plus,web,2024-02-17,9750.0,6,44.94,0
CITY_150,plus,web,2023-05-20,19521.0,4,73.54,1
CITY_030,plus,app,2023-04-05,16197.0,1,16.04,1
CITY_038,basic,web,2023-08-24,21475.0,5,10.89,0
CITY_093,plus,app,2024-11-23,14999.0,4,67.51,0
CITY_049,basic,web,2023-07-12,34951.0,2,23.15,1
CITY_152,basic,app,2023-05-29,34947.0,4,9.12,0
CITY_164,basic,app,2024-10-14,21429.0,8,15.81,1
CITY_161,plus,app,2024-10-05,10834.0,4,25.28,1
CITY_132,plus,app,2023-11-14,31542.0,5,72.53,1
CITY_044,plus,app,2023-11-15,26505.0,3,29.32,1
CITY_093,basic,web,2024-01-31,42128.0,4,14.14,1
CITY_160,pro,web,2023-11-27,33018.0,5,14.88,0
CITY_082,plus,app,2023-10-03,10047.0,9,19.42,1
CITY_075,basic,phone,2023-11-30,19702.0,10,27.54,0
CITY_120,plus,app,2024-06-02,40488.0,1,29.75,0
CITY_024,basic,phone,2023-11-27,12624.0,8,16.36,0
CITY_063,plus,phone,2024-10-31,19068.0,8,67.35,0
CITY_079,basic,app,2023-06-05,,8,54.44,1
CITY_041,basic,app,2024-10-19,26227.0,11,11.71,0
CITY_131,basic,web,2023-03-10,33286.0,9,17.52,1
CITY_047,basic,web,2023-03-01,22755.0,3,76.31,1
CITY_155,basic,web,2024-05-31,14768.0,3,9.52,0
CITY_059,basic,web,2024-11-10,12029.0,5,15.05,1
CITY_129,basic,app,2023-01-18,16925.0,6,27.63,1
CITY_058,pro,phone,2024-06-22,16513.0,5,26.22,0
CITY_080,pro,web,2024-04-06,15757.0,9,20.53,0
CITY_133,basic,app,2023-10-16,21289.0,5,27.22,1
CITY_127,plus,web,2024-07-10,18599.0,7,18.14,0
CITY_005,plus,web,2024-01-01,,3,82.97,1
CITY_146,pro,web,2023-05-30,34324.0,10,22.21,0
CITY_024,basic,web,2023-05-10,19944.0,7,51.68,1
CITY_168,basic,app,2023-08-02,19913.0,5,12.65,0
CITY_143,basic,web,2024-02-20,26696.0,5,11.65,0
CITY_017,basic,web,2024-05-14,19216.0,12,8.76,0
CITY_040,plus,app,2024-08-27,30041.0,4,32.07,1
CITY_008,basic,app,2024-11-10,70146.0,3,18.16,0
CITY_161,pro,phone,2023-08-18,26035.0,5,87.29,1
CITY_109,basic,phone,2024-08-25,30795.0,8,22.28,0
CITY_018,plus,app,2023-11-02,17059.0,8,34.67,1
CITY_038,plus,app,2023-09-16,21843.0,7,38.43,1
CITY_160,basic,phone,2024-10-21,14727.0,4,24.74,1
CITY_028,basic,web,2024-08-20,10283.0,3,10.9,1
CITY_023,basic,web,2024-08-07,49179.0,3,16.26,0
CITY_073,basic,web,2024-01-05,37558.0,8,10.71,0
CITY_084,basic,web,2023-08-03,51113.0,2,16.01,0
CITY_111,plus,app,2023-11-25,43072.0,3,59.36,1
CITY_038,plus,app,2023-04-23,24292.0,9,41.03,1
CITY_137,plus,app,2024-01-15,25464.0,3,10.95,0
CITY_104,basic,web,2023-05-15,31105.0,7,60.57,1
CITY_061,basic,web,2023-05-23,48591.0,11,18.12,0
CITY_052,plus,web,2024-04-24,33249.0,9,20.51,0
CITY_071,plus,app,2023-08-13,8177.0,12,26.79,1
CITY_084,pro,web,2023-12-29,17398.0,4,19.14,0
CITY_005,plus,app,2024-01-22,46522.0,7,47.09,0
CITY_119,basic,phone,2024-03-18,55230.0,3,26.23,1
CITY_113,plus,app,2024-07-27,24421.0,6,13.19,0
CITY_088,plus,web,2023-05-06,18945.0,7,16.79,0
CITY_109,basic,web,2024-11-17,13786.0,3,10.02,1
CITY_027,basic,web,2024-03-02,19566.0,1,12.21,0
CITY_005,basic,web,2024-08-31,26509.0,3,13.46,0
CITY_152,basic,web,2024-10-24,11984.0,7,17.8,1
CITY_129,pro,web,2024-06-15,21824.0,5,19.76,0
CITY_098,basic,web,2023-05-23,9975.0,9,28.03,0
CITY_162,plus,web,2024-02-27,24597.0,5,42.44,1
CITY_161,basic,app,2024-08-08,20574.0,6,10.19,1
CITY_116,basic,web,2023-07-12,15765.0,10,8.27,0
CITY_063,plus,web,2023-08-12,67063.0,5,36.81,0
CITY_015,basic,web,2023-07-30,14713.0,4,42.5,1
CITY_051,basic,web,2024-07-11,38066.0,10,27.58,1
CITY_091,basic,web,2023-05-24,43859.0,4,13.45,0
CITY_116,basic,app,2023-08-16,32098.0,3,63.89,1
CITY_129,basic,web,2023-05-20,22969.0,2,33.05,1
CITY_134,pro,web,2023-08-20,63742.0,1,13.54,0
CITY_090,pro,app,2023-03-16,20582.0,4,7.49,0
CITY_037,basic,web,2024-05-09,25839.0,5,21.8,0
CITY_174,plus,web,2024-07-29,21218.0,3,40.11,1
CITY_078,pro,app,2023-08-18,42532.0,6,25.27,0
CITY_008,pro,app,2023-07-07,60552.0,8,11.57,0
CITY_148,plus,web,2024-01-01,24513.0,2,42.89,1
CITY_084,basic,app,2024-05-05,33168.0,6,21.4,0
CITY_142,basic,web,2024-09-10,34083.0,3,22.19,1
CITY_026,plus,app,2023-10-25,27327.0,4,15.79,1
CITY_104,pro,web,2024-07-08,26333.0,4,17.32,0
CITY_023,basic,web,2024-10-21,112370.0,5,20.81,0
CITY_088,basic,web,2023-05-14,66617.0,8,15.02,0
CITY_167,basic,web,2024-01-22,18260.0,7,25.96,1
CITY_100,basic,app,2024-10-08,69792.0,4,8.56,1
CITY_151,basic,web,2023-10-07,22514.0,5,14.65,0
CITY_103,basic,app,2023-06-03,15800.0,6,24.79,0
CITY_135,pro,web,2023-03-06,20721.0,7,31.21,0
CITY_149,basic,app,2023-09-01,,6,26.63,0
CITY_129,plus,phone,2024-07-16,21899.0,10,19.13,0
CITY_028,plus,web,2024-02-16,11030.0,3,36.48,1
CITY_125,basic,app,2023-05-06,24859.0,7,34.74,0
CITY_157,basic,web,2023-04-22,22347.0,4,15.18,0
CITY_124,pro,web,2024-02-05,33337.0,5,17.23,0
CITY_089,plus,web,2023-07-13,23968.0,0,28.58,0
CITY_174,pro,web,2024-07-02,35254.0,6,15.45,0
CITY_060,plus,app,2023-08-01,19885.0,3,20.98,0
CITY_167,plus,app,2024-05-16,18636.0,6,7.09,0
CITY_061,basic,phone,2024-01-22,38981.0,8,25.15,0
CITY_032,basic,web,2024-05-21,54230.0,6,19.91,0
CITY_163,basic,web,2023-10-22,12573.0,7,14.1,0
CITY_167,plus,web,2024-04-13,34622.0,6,23.27,0
CITY_071,basic,web,2023-10-28,,7,74.06,1
CITY_031,pro,app,2023-11-29,25345.0,3,11.97,1
CITY_150,plus,app,2023-01-31,33251.0,10,7.91,0
CITY_075,pro,web,2023-03-19,16046.0,5,32.78,1
CITY_023,basic,web,2023-11-12,31151.0,6,10.79,0
CITY_087,basic,web,2024-02-13,20782.0,7,27.62,0
CITY_177,basic,app,2024-08-21,,9,172.19,0
CITY_067,basic,app,2024-05-10,32771.0,7,49.77,1
CITY_052,pro,web,2024-07-19,33475.0,3,20.99,0
CITY_069,plus,app,2024-10-04,,9,53.7,1
CITY_156,pro,app,2024-12-24,24670.0,6,51.44,1
CITY_151,pro,app,2024-02-03,,9,15.26,0
CITY_133,plus,app,2023-08-10,,9,72.17,1
CITY_046,basic,web,2024-10-17,31568.0,4,49.32,1
CITY_046,basic,app,2023-11-22,36370.0,5,20.5,1
CITY_076,basic,app,2024-11-22,30336.0,2,12.23,1
CITY_110,basic,phone,2023-10-05,10342.0,5,17.29,0
CITY_096,basic,web,2023-12-04,13074.0,9,66.43,1
CITY_138,basic,app,2024-03-18,,8,40.73,0
CITY_016,basic,web,2023-12-15,23465.0,1,15.34,1
CITY_143,plus,app,2024-09-30,18018.0,5,18.25,1
CITY_153,basic,app,2024-04-02,66955.0,5,50.14,0
CITY_035,basic,web,2023-09-14,,6,20.36,1
CITY_125,basic,web,2023-05-09,20449.0,5,19.43,0
CITY_117,basic,web,2024-08-15,22107.0,2,15.82,1
CITY_110,pro,phone,2023-08-28,16622.0,3,22.6,0
CITY_101,basic,app,2023-03-01,18685.0,9,36.81,1
CITY_090,plus,web,2023-08-10,10813.0,4,53.19,1
CITY_033,basic,web,2023-10-20,30667.0,1,115.03,1
CITY_047,basic,web,2023-09-06,70047.0,4,10.47,0
CITY_082,pro,web,2023-02-10,36867.0,1,35.41,1
CITY_140,basic,web,2024-05-20,63794.0,7,22.14,1
CITY_096,basic,app,2024-02-27,,7,7.99,0
CITY_177,basic,web,2023-07-16,33938.0,4,5.2,0
CITY_121,plus,web,2024-01-18,58040.0,6,13.47,0
CITY_004,basic,web,2023-04-17,27409.0,6,39.18,1
CITY_112,basic,web,2023-10-04,26884.0,5,8.36,0
CITY_010,plus,app,2023-10-02,50060.0,4,12.43,0
CITY_108,basic,phone,2023-12-31,18017.0,3,18.65,0
CITY_034,plus,web,2023-01-10,57656.0,5,29.21,0
CITY_063,basic,app,2023-02-01,18092.0,6,39.32,1
CITY_127,basic,web,2023-01-12,10523.0,10,5.27,0
CITY_119,pro,web,2024-03-18,98292.0,3,8.23,0
CITY_006,plus,app,2024-02-10,34689.0,7,31.91,1
CITY_076,plus,web,2024-05-12,24728.0,3,15.86,1
CITY_031,basic,app,2023-05-29,17778.0,10,22.1,0
CITY_115,plus,app,2024-02-16,26330.0,11,9.89,0
CITY_127,basic,web,2023-12-04,34000.0,6,34.52,1
CITY_139,pro,web,2023-05-04,24349.0,10,47.19,1
CITY_029,basic,web,2024-10-24,,3,21.62,1
CITY_166,basic,web,2023-02-22,21550.0,7,43.4,0
CITY_104,basic,app,2024-06-16,31017.0,3,17.53,1
CITY_146,plus,phone,2024-10-18,,8,143.97,0
CITY_119,pro,web,2024-06-12,32917.0,7,13.05,0
CITY_011,pro,web,2023-05-16,27471.0,6,18.84,1
CITY_081,plus,web,2024-03-23,20665.0,7,47.19,1
CITY_031,basic,web,2023-12-01,50305.0,6,33.79,0
CITY_019,plus,app,2024-05-31,36672.0,7,12.83,0
CITY_105,basic,web,2024-01-28,59423.0,5,56.72,1
CITY_084,basic,app,2023-07-16,24012.0,8,36.18,1
CITY_164,pro,web,2023-07-10,45685.0,7,11.51,1
CITY_102,basic,app,2023-08-31,26754.0,1,35.04,0
CITY_118,basic,app,2023-11-19,22245.0,8,81.69,1
CITY_015,plus,app,2023-07-11,14692.0,6,10.94,0
CITY_101,pro,app,2024-08-27,29146.0,3,12.69,0
CITY_002,basic,app,2023-01-16,18126.0,5,15.99,1
CITY_018,pro,web,2023-08-30,42313.0,7,26.25,0
CITY_106,plus,web,2024-10-21,20541.0,11,14.6,0
CITY_060,pro,web,2023-11-21,30012.0,3,22.53,0
CITY_171,pro,web,2023-10-15,37024.0,3,47.93,0
CITY_099,basic,web,2023-06-19,33184.0,5,19.62,0
CITY_042,pro,web,2024-02-21,39593.0,2,46.03,0
CITY_092,basic,web,2024-06-19,21842.0,6,34.59,1
CITY_068,plus,web,2023-02-04,,5,16.13,0
CITY_026,plus,web,2023-04-03,13778.0,2,19.11,1
CITY_081,plus,web,2024-12-14,14976.0,5,40.52,1
CITY_005,plus,web,2023-10-29,24598.0,6,36.87,1
CITY_070,basic,app,2024-10-17,37423.0,6,27.62,0
CITY_148,plus,app,2024-10-06,19615.0,5,34.66,0
CITY_173,basic,app,2024-08-29,66597.0,11,16.23,0
CITY_134,plus,app,2023-04-14,45806.0,7,52.37,0
CITY_079,basic,web,2024-10-29,67578.0,6,19.52,1
CITY_103,basic,web,2024-11-19,48970.0,9,29.26,1
CITY_000,plus,app,2023-12-21,36418.0,6,18.04,1
CITY_044,basic,web,2024-03-16,33507.0,4,82.75,1
CITY_163,basic,web,2024-07-08,34108.0,5,52.21,1
CITY_174,basic,web,2023-10-01,13001.0,10,56.72,0
CITY_115,basic,web,2023-11-02,16957.0,8,11.33,0
CITY_140,basic,web,2023-03-28,29065.0,7,23.87,0
CITY_024,basic,web,2024-05-01,20266.0,11,16.3,1
CITY_128,basic,app,2024-08-25,59438.0,5,3.38,1
CITY_099,plus,phone,2024-02-08,35981.0,8,76.51,0
CITY_024,basic,phone,2024-03-02,32459.0,9,21.91,1
CITY_032,plus,app,2024-12-01,24675.0,7,29.73,1
CITY_047,basic,app,2024-11-20,29700.0,5,19.36,1
CITY_164,basic,web,2024-02-08,42685.0,5,7.14,0
CITY_043,basic,web,2024-11-20,53254.0,2,39.61,0
CITY_069,basic,app,2023-07-16,20878.0,3,75.55,0
CITY_013,pro,web,2024-12-18,29408.0,5,48.7,1
CITY_055,basic,web,2024-10-31,31173.0,10,11.89,1
CITY_117,plus,phone,2023-03-07,,5,41.6,1
CITY_045,plus,web,2024-04-26,26659.0,7,22.16,0
CITY_089,plus,app,2024-10-13,35603.0,6,46.04,0
CITY_025,pro,web,2023-02-15,23208.0,6,41.17,0
CITY_014,pro,web,2023-02-03,24636.0,5,41.89,0
CITY_100,plus,app,2023-11-19,13938.0,2,16.25,0
CITY_110,basic,app,2024-10-19,32507.0,4,33.85,1
CITY_122,basic,app,2023-10-23,10080.0,4,28.81,1
CITY_147,plus,app,2023-10-06,31645.0,7,8.68,0
CITY_139,plus,phone,2024-09-25,16394.0,7,18.2,0
CITY_013,basic,app,2024-06-17,43519.0,8,35.92,1
CITY_148,basic,web,2024-11-08,15254.0,6,15.83,0
CITY_034,basic,app,2024-01-25,31870.0,12,30.93,0
CITY_126,basic,web,2024-05-22,,6,15.23,0
CITY_145,pro,web,2023-08-15,29207.0,5,27.97,0
CITY_112,basic,phone,2023-07-22,58113.0,8,43.24,0
CITY_179,plus,app,2024-03-16,55259.0,7,27.03,1
CITY_147,plus,web,2023-01-24,19525.0,3,25.75,1
CITY_063,pro,web,2024-08-04,24214.0,3,18.46,1
CITY_131,basic,app,2024-12-08,,5,9.94,1
CITY_125,basic,phone,2024-01-26,22968.0,3,15.85,1
CITY_091,plus,app,2024-01-07,26382.0,4,79.17,1
CITY_005,pro,app,2024-03-12,16726.0,5,14.89,1
CITY_078,plus,web,2023-09-06,29925.0,6,26.81,1
CITY_170,basic,web,2024-11-25,39411.0,4,15.8,1
CITY_123,plus,app,2023-06-01,19230.0,4,8.36,1
CITY_004,pro,app,2024-01-15,,13,36.03,1
CITY_128,basic,app,2024-02-08,16444.0,5,17.21,1
CITY_123,plus,phone,2024-11-11,8426.0,4,52.38,1
CITY_033,basic,web,2023-11-29,50269.0,5,39.51,0
CITY_049,basic,web,2023-10-15,20217.0,3,31.14,1
CITY_096,pro,phone,2023-01-01,39905.0,10,32.98,0
CITY_153,plus,app,2023-11-20,26329.0,3,54.75,1
CITY_061,basic,web,2023-11-22,23102.0,6,12.02,0
CITY_138,basic,web,2024-06-12,31259.0,8,48.83,1
CITY_040,basic,app,2023-06-16,38101.0,6,11.34,1
CITY_040,basic,web,2023-08-28,21916.0,4,10.77,0
CITY_169,basic,web,2023-02-14,41389.0,3,7.63,1
CITY_162,pro,phone,2024-04-09,28268.0,12,37.48,0
CITY_176,plus,phone,2023-09-05,,0,15.56,0
CITY_008,basic,web,2023-05-11,43769.0,3,39.68,0
CITY_136,plus,web,2024-01-28,64137.0,7,163.63,1
CITY_007,basic,app,2024-07-01,34960.0,3,56.55,1
CITY_052,basic,web,2023-03-18,16804.0,6,27.2,1
CITY_058,pro,web,2024-05-10,20279.0,6,121.03,0
CITY_156,pro,web,2023-12-24,14856.0,10,73.89,0
CITY_102,basic,web,2024-07-08,58374.0,6,29.77,1
CITY_041,basic,phone,2023-06-11,51582.0,10,73.56,1
CITY_152,plus,web,2024-10-09,6345.0,4,42.99,0
CITY_159,pro,web,2024-02-12,,6,14.36,0
CITY_117,plus,web,2024-04-27,42000.0,6,6.43,0
CITY_008,basic,web,2023-07-18,19131.0,3,18.71,0
CITY_118,pro,phone,2024-07-13,49408.0,5,11.45,0
CITY_054,basic,web,2024-07-16,81232.0,7,36.23,0
CITY_164,basic,web,2024-10-02,29727.0,5,15.49,0
CITY_177,plus,web,2024-01-03,47763.0,5,64.83,0
CITY_124,basic,web,2023-11-28,,9,23.25,0
CITY_160,basic,web,2024-11-19,120707.0,6,15.85,0
CITY_075,basic,app,2023-12-08,20286.0,6,53.04,1
CITY_041,plus,app,2024-09-16,25727.0,9,22.08,0
CITY_043,basic,app,2023-01-28,29879.0,10,25.64,1
CITY_053,basic,web,2023-06-21,19438.0,4,66.2,1
CITY_004,plus,app,2024-03-14,19077.0,5,20.75,0
CITY_095,basic,web,2023-08-25,,5,31.6,0
CITY_151,pro,app,2024-10-05,20149.0,9,26.83,0
CITY_072,basic,web,2024-11-29,,8,14.79,1
CITY_029,pro,web,2023-10-11,15145.0,2,16.34,0
CITY_144,pro,app,2023-09-12,14187.0,7,28.56,1
CITY_148,plus,app,2024-04-22,23432.0,8,10.06,0
CITY_132,basic,app,2024-01-18,34179.0,8,17.43,0
CITY_137,basic,web,2024-08-18,38868.0,6,20.84,1
CITY_108,plus,app,2023-02-28,,5,25.91,0
CITY_048,basic,web,2023-12-07,11798.0,2,43.11,1
CITY_121,plus,app,2024-01-19,14405.0,5,10.0,1
CITY_006,basic,web,2023-07-23,57226.0,4,131.34,1
CITY_104,basic,phone,2023-03-25,46287.0,5,5.56,1
CITY_158,plus,web,2023-01-20,50328.0,9,14.8,0
CITY_056,basic,app,2023-01-11,19388.0,4,18.86,0
CITY_080,basic,app,2024-11-08,,9,125.17,1
CITY_083,plus,app,2023-04-13,44488.0,8,53.68,1
CITY_101,basic,web,2023-10-04,11934.0,4,42.58,1
CITY_173,basic,web,2024-08-29,39519.0,10,45.43,1
CITY_029,plus,phone,2024-03-11,18724.0,9,11.45,0
CITY_004,basic,phone,2024-05-15,116589.0,10,7.63,0
CITY_124,basic,web,2023-06-09,55006.0,5,30.8,1
CITY_151,basic,app,2023-02-04,28990.0,2,17.91,1
CITY_056,plus,web,2024-05-12,,3,22.78,0
CITY_005,basic,phone,2023-01-14,15554.0,11,30.6,1
CITY_028,basic,phone,2023-07-21,14445.0,11,31.59,1
CITY_076,basic,web,2023-05-28,12372.0,2,22.59,0
CITY_002,pro,app,2024-06-20,64693.0,3,17.95,1
CITY_118,basic,app,2024-02-06,,10,60.83,1
CITY_096,pro,phone,2023-12-17,,4,19.7,0
CITY_089,basic,app,2024-04-25,28624.0,8,25.99,0
CITY_130,plus,web,2024-08-19,11623.0,5,4.47,0
CITY_015,basic,web,2024-12-25,5723.0,5,40.11,1
CITY_141,plus,web,2023-08-01,28976.0,5,26.96,0
CITY_055,plus,web,2023-08-29,21086.0,5,4.15,0
CITY_009,plus,web,2023-02-08,82273.0,2,6.09,0
CITY_126,basic,web,2023-04-17,,5,16.03,0
CITY_028,plus,web,2023-04-04,27447.0,6,21.69,0
CITY_114,basic,app,2024-08-11,42431.0,8,38.47,1
CITY_126,plus,phone,2024-03-12,47524.0,9,26.67,0
CITY_050,basic,web,2024-10-02,26350.0,7,17.17,1
CITY_094,basic,app,2023-06-15,30512.0,8,14.55,0
CITY_043,plus,app,2024-02-27,19182.0,15,38.63,1
CITY_024,basic,web,2024-01-23,21297.0,9,8.02,0
CITY_029,pro,app,2024-09-24,16830.0,7,8.76,0
CITY_038,basic,app,2023-10-09,14764.0,5,12.71,0
CITY_061,basic,web,2024-03-29,28770.0,8,31.61,0
CITY_123,basic,web,2024-07-05,12025.0,3,36.12,1
CITY_165,pro,web,2024-03-21,40853.0,1,24.0,0
CITY_124,basic,web,2024-06-01,22096.0,4,11.05,0
CITY_070,pro,web,2023-10-04,46358.0,2,16.16,1
CITY_066,basic,web,2024-04-29,32355.0,4,20.31,0
CITY_077,plus,app,2023-09-08,,9,59.94,1
CITY_023,basic,web,2024-12-09,,6,20.68,1
CITY_136,basic,web,2023-03-01,41857.0,10,46.33,1
CITY_119,plus,web,2023-12-21,11778.0,4,7.03,1
CITY_172,basic,web,2024-12-13,,9,12.8,1
CITY_004,plus,phone,2024-11-09,34052.0,4,40.5,0
CITY_044,basic,web,2024-06-04,19314.0,9,31.45,1
CITY_044,plus,app,2024-08-30,11889.0,4,19.49,1
CITY_091,plus,phone,2024-05-30,128446.0,3,9.53,0
CITY_002,pro,app,2024-11-02,54121.0,2,19.6,0
CITY_111,basic,web,2023-11-13,19165.0,4,21.15,0
CITY_014,basic,web,2023-07-04,27180.0,4,14.64,0
CITY_157,basic,web,2024-10-01,26687.0,9,20.21,0
CITY_158,plus,app,2024-08-08,11645.0,9,19.99,1
CITY_065,basic,web,2024-05-01,68660.0,6,9.82,1
CITY_047,basic,web,2024-07-20,13298.0,7,31.96,1
CITY_144,basic,web,2023-11-22,18069.0,6,17.46,0
CITY_120,basic,app,2024-07-04,20646.0,4,75.27,0
CITY_010,basic,web,2024-09-09,22560.0,6,10.21,0
CITY_089,plus,web,2024-02-17,24838.0,7,42.0,0
CITY_134,plus,web,2024-08-23,,10,28.32,0
CITY_045,basic,web,2023-08-03,59334.0,3,34.42,1
CITY_090,basic,web,2023-10-30,19619.0,2,20.17,1
CITY_141,basic,web,2024-07-23,34200.0,4,28.2,1
CITY_177,basic,app,2024-12-05,89673.0,10,40.77,0
CITY_053,pro,web,2023-03-24,29121.0,9,49.77,0
CITY_015,basic,app,2024-06-11,10474.0,5,44.79,1
CITY_104,plus,web,2023-07-08,30648.0,5,23.97,0
CITY_092,basic,app,2023-04-17,,7,22.48,0
CITY_133,plus,web,2024-04-20,9136.0,6,34.17,1
CITY_166,pro,web,2023-07-01,27406.0,4,30.88,0
CITY_108,plus,web,2024-01-19,19531.0,8,69.4,1
CITY_134,basic,app,2023-06-27,40701.0,4,11.39,0
CITY_126,basic,web,2023-02-05,,8,10.47,1
CITY_041,plus,web,2024-08-29,39473.0,7,53.0,0
CITY_137,plus,app,2024-09-17,17533.0,4,32.0,0
CITY_098,basic,web,2024-02-16,34328.0,6,43.86,0
CITY_145,plus,app,2023-04-02,15253.0,4,26.32,1
CITY_001,basic,web,2023-07-08,28939.0,3,35.05,0
CITY_142,basic,web,2024-01-31,40188.0,4,56.77,1
CITY_056,basic,app,2023-11-07,18928.0,1,24.54,0
CITY_017,basic,web,2024-08-03,52719.0,2,40.25,0
CITY_011,pro,web,2023-08-26,29097.0,7,51.27,1
CITY_103,plus,web,2023-11-02,16890.0,5,54.84,1
CITY_128,basic,web,2024-12-11,32362.0,5,40.13,0
CITY_144,basic,app,2023-02-04,25860.0,5,24.38,1
CITY_067,basic,web,2024-07-29,,7,80.69,1
CITY_157,basic,web,2023-04-21,32810.0,8,19.65,1
CITY_039,basic,app,2023-02-02,,9,61.89,1
CITY_029,plus,web,2023-06-17,18773.0,7,55.13,0
CITY_013,pro,app,2023-12-28,33906.0,5,52.21,1
CITY_020,basic,app,2024-10-08,19041.0,8,12.35,0
CITY_108,basic,web,2024-03-27,13640.0,7,11.28,1
CITY_051,basic,phone,2024-06-05,33228.0,4,21.25,1
CITY_084,plus,web,2023-07-15,28934.0,7,10.97,0
CITY_163,basic,phone,2024-02-02,9726.0,5,7.34,0
CITY_162,basic,web,2023-05-28,15489.0,4,85.61,1
CITY_178,basic,app,2023-06-12,43788.0,5,24.68,1
CITY_058,plus,app,2023-06-21,51899.0,6,17.82,0
CITY_015,plus,app,2024-09-27,33149.0,5,17.52,1
CITY_122,plus,web,2023-04-18,25759.0,1,19.64,0
CITY_172,plus,web,2024-02-01,42207.0,2,13.04,0
CITY_177,basic,app,2023-03-24,25684.0,8,12.0,1
CITY_107,plus,app,2023-10-27,10337.0,2,33.56,1
CITY_151,basic,app,2023-04-30,,8,10.56,0
CITY_025,plus,web,2023-10-27,28923.0,6,32.88,1
CITY_150,basic,web,2023-01-25,38753.0,8,7.54,0
CITY_054,plus,app,2024-08-02,15125.0,8,26.19,1
CITY_031,pro,phone,2024-01-17,27702.0,8,27.89,0
CITY_027,plus,web,2024-06-04,,6,14.66,0
CITY_072,plus,app,2024-06-16,40226.0,8,46.73,0
CITY_034,basic,web,2023-08-16,81946.0,11,44.98,0
CITY_147,plus,app,2024-04-08,15592.0,5,32.16,1
CITY_077,basic,web,2023-05-30,37476.0,7,15.08,0
CITY_027,plus,web,2023-06-01,,6,27.47,0
CITY_128,plus,web,2023-06-01,,6,18.98,0
CITY_173,pro,web,2024-06-10,17118.0,5,42.62,0
CITY_111,plus,app,2023-07-06,15871.0,8,19.08,0
CITY_154,plus,app,2023-01-29,10085.0,8,16.49,1
CITY_022,basic,app,2023-08-12,64382.0,3,16.15,1
CITY_119,basic,app,2023-05-16,36130.0,4,48.66,0
CITY_152,basic,app,2024-01-29,,3,29.74,0
CITY_129,basic,app,2023-10-04,20071.0,7,40.51,1
CITY_099,basic,app,2023-12-17,48530.0,8,38.2,0
CITY_059,basic,app,2024-10-26,34249.0,5,13.36,0
CITY_086,basic,web,2023-08-05,,10,44.95,0
CITY_024,pro,web,2024-07-26,23658.0,6,6.05,0
CITY_143,plus,phone,2024-02-29,22772.0,4,44.27,1
CITY_065,plus,web,2024-03-21,40703.0,6,33.01,0
CITY_034,basic,web,2023-02-05,23450.0,6,29.8,0
CITY_029,basic,web,2023-11-11,16388.0,7,26.94,0
CITY_011,basic,app,2023-06-18,,2,16.3,1
CITY_087,pro,web,2024-02-10,19454.0,13,9.69,0
CITY_062,pro,app,2023-02-23,16226.0,5,105.46,1
CITY_027,basic,app,2024-07-03,33508.0,4,46.05,0
CITY_083,plus,app,2024-06-17,,5,24.51,0
CITY_086,pro,app,2024-09-06,23298.0,4,55.5,0
CITY_077,basic,web,2023-07-20,17183.0,8,17.22,1
CITY_077,basic,web,2023-08-30,34390.0,1,48.01,0
CITY_033,basic,app,2024-03-15,27288.0,4,83.22,1
CITY_027,plus,phone,2024-08-09,24134.0,11,6.99,0
CITY_025,basic,phone,2023-02-19,37080.0,4,32.62,0
CITY_056,basic,web,2023-12-13,15727.0,4,5.17,1
CITY_116,basic,app,2024-05-19,35158.0,4,72.19,1
CITY_110,basic,web,2024-01-17,48242.0,4,41.15,1
CITY_004,basic,app,2023-06-14,53441.0,8,24.35,0
CITY_000,plus,web,2024-12-18,33608.0,7,10.51,0
CITY_066,basic,web,2024-08-16,14404.0,6,14.79,0
CITY_110,pro,app,2023-08-20,37220.0,5,24.53,0
CITY_098,plus,app,2024-02-06,,9,25.59,0
CITY_135,plus,web,2024-07-19,37969.0,7,11.86,1
CITY_037,basic,app,2023-08-30,,4,17.04,0
CITY_038,pro,app,2024-11-14,21197.0,6,31.85,1
CITY_050,pro,app,2024-09-27,46384.0,4,72.95,0
CITY_113,pro,app,2024-06-15,26835.0,2,14.5,1
CITY_070,pro,app,2024-10-17,39262.0,7,17.47,1
CITY_034,basic,app,2023-10-29,19097.0,6,13.44,1
CITY_153,basic,web,2024-10-28,25327.0,3,15.78,1
CITY_088,plus,web,2024-10-25,48586.0,8,51.08,0
CITY_146,plus,web,2024-02-06,41122.0,4,29.59,0
CITY_167,basic,web,2024-03-14,60832.0,6,16.84,0
CITY_093,plus,web,2023-11-19,20097.0,3,49.89,1
CITY_100,pro,web,2024-01-03,22578.0,5,34.61,1
CITY_008,basic,web,2023-01-26,20884.0,8,44.12,0
CITY_113,basic,web,2024-11-12,33532.0,4,26.42,0
CITY_176,basic,web,2023-02-10,12008.0,5,13.05,0
CITY_034,plus,phone,2024-06-24,30419.0,6,16.71,0
CITY_045,plus,phone,2023-11-21,66792.0,7,16.83,0
CITY_103,basic,web,2024-03-04,51452.0,4,36.76,1
CITY_112,basic,web,2024-04-20,51380.0,8,74.89,1
CITY_012,basic,phone,2023-03-27,26284.0,8,30.63,0
CITY_091,plus,web,2023-09-30,9353.0,8,21.2,1
CITY_001,plus,web,2024-04-15,22535.0,2,38.98,1
CITY_004,basic,web,2023-10-25,38176.0,9,23.37,1
CITY_086,pro,web,2023-07-11,46561.0,4,19.04,0
CITY_172,basic,web,2024-10-29,15421.0,7,11.62,0
CITY_148,basic,app,2024-01-11,,3,13.04,1
CITY_127,pro,app,2024-12-30,36809.0,5,24.62,1
CITY_050,basic,app,2023-07-07,15289.0,5,20.02,1
CITY_057,plus,web,2023-08-30,58731.0,9,15.67,0
CITY_112,pro,web,2023-07-27,49771.0,8,57.0,0
CITY_044,basic,app,2023-11-11,35474.0,5,7.08,1
CITY_056,pro,app,2023-12-20,11681.0,4,23.47,1
CITY_040,basic,app,2023-10-02,41045.0,8,48.71,0
CITY_009,plus,app,2023-06-20,,2,37.84,1
CITY_077,basic,phone,2023-09-14,10901.0,6,9.0,0
CITY_010,pro,web,2024-03-13,27682.0,5,16.18,0
CITY_115,plus,app,2023-04-26,24155.0,7,25.72,1
CITY_070,basic,phone,2023-09-30,56860.0,4,56.04,1
CITY_150,pro,web,2023-09-06,61825.0,10,10.23,0
CITY_005,pro,app,2024-06-18,35503.0,5,68.19,0
CITY_044,basic,app,2023-05-24,8619.0,4,20.35,0
CITY_175,basic,app,2024-11-12,29777.0,3,29.26,0
CITY_004,basic,web,2023-05-01,16660.0,5,61.43,1
CITY_013,plus,web,2023-07-15,17969.0,7,22.4,0
CITY_108,plus,web,2023-07-20,21179.0,3,55.59,0
CITY_132,pro,app,2023-06-03,12188.0,8,15.2,0
CITY_061,plus,web,2024-08-07,125700.0,7,5.43,1
CITY_125,plus,web,2023-05-27,,6,10.59,0
CITY_054,basic,app,2023-09-21,37890.0,1,21.75,1
CITY_176,pro,web,2023-10-09,7506.0,7,51.04,1
CITY_071,basic,phone,2023-02-24,44057.0,6,33.65,1
CITY_061,basic,web,2024-04-02,11608.0,9,32.65,1
CITY_022,basic,app,2024-05-14,37959.0,9,58.62,0
CITY_141,basic,app,2023-02-15,17289.0,6,47.51,1
CITY_115,basic,web,2024-12-22,,7,29.1,1
CITY_152,basic,web,2024-01-10,28916.0,8,14.06,1
CITY_102,basic,app,2024-06-17,37876.0,10,26.88,0
CITY_149,plus,web,2024-03-26,54464.0,5,26.62,0
CITY_167,basic,app,2024-10-14,20954.0,8,89.56,0
CITY_073,plus,web,2024-09-03,14339.0,9,7.91,0
CITY_077,basic,phone,2024-08-16,24466.0,3,23.05,1
CITY_076,plus,web,2023-04-02,22368.0,4,25.39,0
CITY_004,basic,app,2024-11-03,34428.0,7,51.91,0
CITY_176,basic,web,2023-12-08,23192.0,9,13.71,0
CITY_004,basic,web,2024-05-08,42056.0,6,21.6,0
CITY_039,pro,web,2023-01-21,16955.0,8,22.97,0
CITY_098,pro,app,2024-03-07,38123.0,6,60.02,1
CITY_020,basic,web,2023-12-15,,2,49.06,1
CITY_057,basic,web,2024-04-05,23968.0,6,49.11,1
CITY_136,basic,web,2023-02-05,24895.0,3,44.65,1
CITY_166,basic,app,2023-09-01,22140.0,6,50.32,1
CITY_170,basic,app,2024-04-09,12169.0,6,9.21,1
CITY_049,pro,app,2023-03-29,23015.0,6,19.41,0
CITY_149,plus,app,2024-07-12,26405.0,3,41.67,1
CITY_126,plus,app,2024-02-18,27922.0,3,11.89,0
CITY_160,plus,web,2024-12-05,82992.0,6,17.33,0
CITY_132,plus,web,2023-03-13,39774.0,7,36.05,0
CITY_035,plus,app,2024-01-09,37094.0,6,26.61,1
CITY_140,basic,web,2023-08-19,11249.0,3,15.12,1
CITY_109,plus,web,2023-05-05,29596.0,6,18.54,0
CITY_026,basic,web,2024-10-05,56847.0,4,73.16,1
CITY_048,basic,phone,2023-12-23,25967.0,9,120.58,0
CITY_117,plus,app,2023-04-24,79874.0,4,16.15,0
CITY_112,plus,app,2024-06-22,35987.0,9,42.77,0
CITY_144,plus,app,2023-02-14,30804.0,4,45.73,0
CITY_117,plus,web,2023-11-30,48721.0,4,12.56,1
CITY_020,pro,web,2024-12-05,12877.0,5,18.24,0
CITY_057,plus,app,2024-07-06,28591.0,6,9.21,0
CITY_115,plus,app,2023-01-21,46614.0,3,67.52,1
CITY_032,plus,web,2023-02-22,19749.0,10,56.64,0
CITY_038,basic,web,2023-09-08,26866.0,4,53.27,1
CITY_110,basic,web,2023-11-17,15492.0,3,28.88,1
CITY_062,basic,web,2023-09-09,30651.0,8,20.75,1
CITY_143,basic,web,2023-12-17,15732.0,8,10.48,0
CITY_165,pro,web,2024-06-17,26682.0,14,52.02,1
CITY_022,basic,phone,2023-09-22,17216.0,8,26.22,0
CITY_118,basic,web,2024-11-24,36444.0,4,35.77,0
CITY_094,plus,web,2023-06-24,24617.0,6,7.68,0
CITY_029,plus,web,2023-08-11,12500.0,6,34.61,0
CITY_111,plus,web,2024-11-01,16590.0,9,15.8,0
CITY_039,basic,app,2024-08-15,16885.0,4,43.65,1
CITY_012,basic,phone,2023-02-05,20117.0,8,7.05,0
CITY_101,basic,web,2023-07-02,18792.0,3,40.08,1
CITY_132,plus,phone,2024-10-22,19230.0,5,44.14,1
CITY_158,basic,app,2024-10-01,48670.0,4,57.42,1
CITY_065,basic,web,2024-04-23,41065.0,7,37.52,1
CITY_095,basic,web,2024-02-14,33137.0,5,46.94,1
CITY_174,plus,web,2023-04-14,45390.0,13,24.97,0
CITY_147,basic,phone,2024-03-02,17669.0,9,24.76,1
CITY_027,plus,web,2024-12-09,,4,6.01,0
CITY_076,pro,web,2023-04-13,16347.0,7,77.17,0
CITY_129,basic,web,2023-01-27,31636.0,5,6.64,0
CITY_009,plus,web,2023-09-29,12859.0,8,33.44,1
CITY_102,pro,app,2024-04-18,44625.0,5,25.95,0
CITY_170,basic,web,2024-08-08,65328.0,9,14.6,0
CITY_009,basic,app,2024-11-27,30594.0,6,3.84,0
CITY_034,basic,app,2024-10-31,33924.0,8,23.43,0
CITY_099,basic,web,2024-07-24,15377.0,1,6.49,0
CITY_173,basic,app,2023-10-08,48470.0,5,51.88,0
CITY_017,pro,web,2023-10-14,,8,15.29,0
CITY_037,basic,app,2024-03-31,39914.0,4,42.19,1
CITY_047,basic,web,2023-04-28,33103.0,8,27.09,0
CITY_033,basic,phone,2023-02-08,12583.0,5,28.8,1
CITY_093,basic,web,2024-05-19,22746.0,3,18.38,0
CITY_109,basic,web,2024-03-09,33912.0,4,9.21,0
CITY_052,plus,app,2024-08-12,31593.0,4,13.59,0
CITY_131,basic,phone,2023-04-23,46688.0,2,12.98,1
CITY_023,plus,app,2024-09-23,33466.0,5,20.73,0
CITY_059,plus,phone,2023-04-29,30918.0,4,34.43,0
CITY_010,plus,app,2024-07-15,35432.0,7,18.66,1
CITY_022,basic,web,2024-02-07,18293.0,6,52.11,1
CITY_101,pro,web,2024-11-17,19490.0,12,10.14,0
CITY_105,plus,app,2023-03-14,36374.0,3,7.46,0
CITY_008,basic,app,2023-02-13,48304.0,4,25.28,1
CITY_091,plus,web,2023-11-19,22318.0,8,31.7,1
CITY_054,plus,web,2024-03-08,33164.0,3,8.37,0
CITY_162,plus,app,2023-05-11,,9,17.51,0
CITY_109,basic,web,2024-05-08,13505.0,11,27.44,1
CITY_066,plus,app,2023-07-04,23802.0,8,37.87,1
CITY_174,basic,web,2023-06-24,16169.0,11,43.05,1
CITY_174,basic,app,2023-11-08,10435.0,5,15.28,1
CITY_094,plus,web,2023-08-31,69582.0,5,9.46,1
CITY_115,pro,phone,2024-01-24,39999.0,10,7.84,0
CITY_099,plus,app,2024-05-19,,6,21.56,0
CITY_058,basic,web,2023-07-28,,4,19.86,1
CITY_139,pro,phone,2023-07-31,21246.0,4,64.44,1
CITY_052,basic,web,2024-11-15,16895.0,13,13.33,0
CITY_153,basic,phone,2023-08-31,18005.0,9,8.96,0
CITY_008,basic,web,2023-08-16,18653.0,6,20.6,0
CITY_022,basic,web,2023-06-11,57983.0,9,100.26,0
CITY_101,basic,phone,2024-06-04,38319.0,8,27.07,0
CITY_036,plus,web,2023-01-17,20240.0,10,20.5,0
CITY_046,basic,app,2023-12-24,34105.0,12,23.43,0
CITY_039,basic,web,2023-09-12,23078.0,7,27.7,1
CITY_161,pro,app,2023-12-06,,6,15.77,0
CITY_011,basic,app,2023-11-21,23352.0,7,19.57,0
CITY_105,basic,web,2023-01-21,37174.0,4,12.99,0
CITY_071,basic,app,2024-02-03,19664.0,7,9.85,0
CITY_153,basic,app,2023-10-27,19764.0,4,10.8,1
CITY_065,basic,web,2024-08-25,36308.0,8,11.58,0
CITY_132,plus,web,2024-07-14,17529.0,10,38.8,1
CITY_155,plus,app,2024-03-19,37899.0,5,43.37,1
CITY_073,basic,web,2024-05-01,29774.0,6,32.52,1
CITY_027,basic,app,2023-11-06,30800.0,3,31.12,0
CITY_013,plus,web,2023-04-30,36177.0,5,9.76,0
CITY_078,basic,web,2023-10-13,39322.0,7,18.21,0
CITY_160,basic,web,2024-12-27,25078.0,7,58.24,0
CITY_089,plus,web,2023-06-25,23884.0,5,29.83,0
CITY_167,pro,web,2024-06-27,26717.0,3,30.04,0
CITY_025,basic,web,2023-02-06,26180.0,5,55.99,1
CITY_050,basic,web,2024-05-19,,8,14.48,0
CITY_029,basic,app,2024-07-20,40612.0,6,20.64,1
CITY_009,plus,web,2024-08-20,14942.0,6,22.79,1
CITY_028,plus,web,2023-09-07,23132.0,2,14.97,0
CITY_063,basic,app,2023-06-07,33003.0,9,30.96,0
CITY_065,pro,web,2023-03-26,24210.0,5,30.01,0
CITY_073,basic,app,2023-04-25,32461.0,4,46.1,1
CITY_156,basic,app,2024-05-04,9339.0,9,81.73,1
CITY_040,plus,app,2024-05-07,23684.0,5,25.29,0
CITY_022,basic,web,2024-06-12,70203.0,5,28.79,0
CITY_016,basic,web,2024-02-10,25336.0,9,30.77,0
CITY_122,basic,web,2023-12-15,21438.0,7,5.16,1
CITY_171,basic,app,2024-09-01,10661.0,6,135.62,1
CITY_004,plus,phone,2023-03-15,16928.0,5,30.09,1
CITY_021,basic,web,2023-10-23,13803.0,6,51.7,1
CITY_062,pro,app,2024-02-07,54483.0,4,40.58,0
CITY_076,basic,web,2024-05-13,6968.0,3,8.48,1
CITY_073,basic,web,2023-08-21,33299.0,7,25.82,1
CITY_070,basic,phone,2023-07-03,31426.0,8,35.12,0
CITY_010,basic,phone,2024-03-19,6305.0,12,29.71,1
CITY_178,plus,web,2023-09-26,43833.0,10,18.69,0
CITY_144,plus,web,2023-08-08,,6,29.13,0
CITY_101,basic,web,2023-10-17,17817.0,10,17.5,1
CITY_000,basic,phone,2023-07-16,39311.0,11,19.34,0
CITY_037,pro,app,2023-12-23,20899.0,8,36.45,0
CITY_163,basic,web,2024-02-17,26544.0,8,8.28,1
CITY_031,basic,phone,2024-03-28,74233.0,4,16.41,1
CITY_121,basic,web,2024-08-25,17651.0,6,21.92,0
CITY_087,plus,phone,2023-08-27,40476.0,5,22.49,1
CITY_117,plus,web,2024-09-21,28405.0,6,22.33,0
CITY_169,basic,web,2023-06-10,17493.0,7,16.89,0
CITY_137,plus,web,2024-09-14,20181.0,7,30.32,0
CITY_061,plus,app,2023-10-13,33344.0,2,21.35,0
CITY_163,plus,web,2023-05-05,23065.0,0,15.47,0
CITY_079,plus,web,2023-10-14,29510.0,9,116.37,1
CITY_081,basic,app,2024-05-24,21894.0,4,44.08,0
CITY_172,basic,web,2023-04-24,,6,25.09,0
CITY_060,plus,web,2024-01-03,18402.0,9,24.52,0
CITY_076,basic,web,2023-05-09,13335.0,6,14.43,0
CITY_094,plus,web,2024-09-06,13241.0,3,17.39,1
CITY_078,basic,web,2024-06-30,29110.0,12,23.06,1
CITY_004,pro,web,2024-04-16,25553.0,4,36.47,0
CITY_164,plus,app,2023-03-03,5094.0,6,45.32,1
CITY_151,basic,web,2023-03-18,19110.0,5,35.56,0
CITY_087,basic,web,2024-12-23,46209.0,5,5.21,0
CITY_056,plus,phone,2023-01-29,61215.0,7,22.87,1
CITY_024,basic,web,2024-03-10,82359.0,7,16.35,0
CITY_027,plus,web,2023-11-17,58121.0,8,30.04,0
CITY_169,pro,web,2023-08-27,12022.0,7,9.46,0
CITY_026,plus,app,2023-12-01,19116.0,8,17.98,0
CITY_032,basic,app,2023-01-25,21642.0,9,16.09,0
CITY_154,plus,app,2023-04-05,21405.0,4,2.88,0
CITY_151,basic,web,2024-09-20,24008.0,4,44.49,1
CITY_040,basic,app,2024-10-20,11108.0,10,83.86,1
CITY_130,basic,app,2023-03-09,57846.0,6,11.96,1
CITY_175,basic,app,2024-06-27,24168.0,5,60.01,1
CITY_088,basic,phone,2024-09-02,18112.0,12,9.24,0
CITY_095,basic,app,2024-04-12,46293.0,3,36.42,0
CITY_008,pro,app,2024-06-25,23836.0,4,33.19,1
CITY_020,pro,app,2024-10-04,35167.0,6,12.51,0
CITY_157,basic,app,2023-01-18,19332.0,5,24.62,0
CITY_117,plus,web,2023-04-15,65643.0,5,28.13,0
CITY_170,basic,web,2024-07-06,32609.0,8,22.93,0
CITY_051,plus,app,2023-06-22,36004.0,6,55.33,1
CITY_036,basic,phone,2024-09-26,18168.0,9,49.29,0
CITY_003,pro,app,2024-05-23,29846.0,5,23.71,0
CITY_083,basic,app,2024-05-25,31817.0,6,60.3,0
CITY_022,basic,web,2024-01-06,15423.0,4,30.2,1
CITY_107,pro,app,2023-06-25,,10,17.96,0
CITY_094,plus,app,2024-01-07,23609.0,7,18.49,0
CITY_100,basic,web,2024-02-25,38120.0,5,45.28,1
CITY_003,basic,web,2024-05-01,,7,19.58,1
CITY_057,pro,web,2024-12-07,33076.0,11,97.44,1
CITY_038,basic,web,2023-06-21,12621.0,7,6.47,0
CITY_062,plus,app,2024-12-27,19415.0,2,22.44,0
CITY_036,basic,web,2024-10-01,23769.0,8,20.49,1
CITY_029,plus,app,2023-10-31,26690.0,8,55.44,1
CITY_153,plus,web,2023-01-05,23349.0,2,21.29,0
CITY_018,basic,web,2024-08-31,53265.0,5,27.26,0
CITY_139,basic,app,2023-01-04,19056.0,9,42.13,1
CITY_178,pro,web,2024-07-20,15665.0,12,9.6,0
CITY_179,plus,web,2024-09-20,48215.0,7,69.23,0
CITY_056,basic,web,2023-10-11,15598.0,8,36.26,1
CITY_015,plus,web,2024-05-12,10826.0,7,78.4,0
CITY_067,plus,web,2023-08-16,28947.0,5,43.87,1
CITY_036,basic,phone,2024-04-09,89723.0,6,19.55,1
CITY_079,plus,web,2023-02-17,16553.0,5,14.65,1
CITY_150,basic,app,2024-06-29,28404.0,6,9.74,1
CITY_175,basic,web,2023-01-16,29127.0,4,13.53,0
CITY_147,basic,web,2024-09-09,,7,20.22,1
CITY_037,plus,web,2023-08-14,25234.0,5,11.13,0
CITY_173,basic,web,2024-10-15,18182.0,6,29.12,1
CITY_056,basic,app,2024-05-18,32759.0,4,49.71,1
CITY_175,plus,phone,2024-02-09,15573.0,8,11.4,0
CITY_096,plus,web,2023-08-12,35222.0,5,15.9,1
CITY_003,plus,phone,2024-12-11,34138.0,4,13.18,0
CITY_139,basic,web,2023-06-30,10009.0,4,21.09,1
CITY_018,pro,app,2023-06-24,20687.0,7,11.44,0
CITY_065,basic,app,2024-02-03,23458.0,5,19.77,1
CITY_032,basic,app,2023-09-06,18152.0,5,10.24,0
CITY_033,basic,web,2024-06-30,33766.0,5,25.09,1
CITY_079,plus,app,2023-09-07,15306.0,6,38.5,1
CITY_137,basic,web,2024-08-13,,5,30.59,1
CITY_109,basic,app,2023-10-03,35747.0,4,22.63,0
CITY_087,basic,app,2023-11-20,6377.0,7,69.12,1
CITY_063,plus,app,2023-03-13,,7,14.21,0
CITY_008,plus,phone,2023-07-04,35793.0,4,41.92,1
CITY_042,basic,app,2023-10-03,24510.0,7,8.36,0
CITY_108,basic,app,2024-02-21,22473.0,8,17.13,0
CITY_031,basic,app,2024-07-07,10007.0,9,88.11,1
CITY_170,basic,phone,2024-09-22,18169.0,3,35.52,1
CITY_175,basic,web,2024-09-30,,9,43.58,0
CITY_045,basic,app,2023-05-10,22700.0,4,36.76,1
CITY_077,basic,app,2024-04-16,3875.0,8,24.84,1
CITY_152,plus,app,2023-06-22,30773.0,2,28.93,1
CITY_149,basic,app,2023-06-30,23971.0,5,9.75,0
CITY_039,basic,app,2024-03-18,18701.0,4,13.54,0
CITY_021,basic,app,2024-02-23,,4,12.28,0
CITY_110,basic,app,2023-09-21,27375.0,7,59.46,1
CITY_150,basic,web,2024-06-18,32160.0,5,13.45,0
CITY_015,plus,phone,2023-07-08,16640.0,4,18.54,0
CITY_103,basic,web,2023-03-02,28439.0,6,30.38,0
CITY_178,basic,app,2023-03-21,18932.0,5,12.51,1
CITY_086,basic,web,2024-08-10,63334.0,7,17.7,0
CITY_065,basic,web,2023-07-06,45783.0,8,44.44,1
CITY_115,basic,web,2023-07-27,33323.0,7,26.61,1
CITY_023,basic,app,2023-05-10,40916.0,4,21.09,1
CITY_052,basic,phone,2023-12-04,7884.0,8,26.0,0
CITY_009,basic,app,2024-03-31,16601.0,6,10.89,0
CITY_140,basic,web,2024-03-27,,8,6.95,0
CITY_095,basic,web,2024-09-08,19088.0,8,6.86,0
CITY_088,basic,phone,2024-09-05,14304.0,8,26.16,1
CITY_045,basic,phone,2023-07-13,61573.0,5,40.39,1
